base_mean,log2fold_change,lfc_se,stat,pvalue,padj,gene_symbol,GENE,LOG2FC,DEPENDENCY,COMMON_ESSENTIAL
17442.0190183385,1.18296418196319,0.117857664174294,10.037227449322,1.04572089899785e-23,2.57888426434975e-22,RAN,RAN,1.18296418196319,-3.97318914749526,TRUE
204.610780323881,1.19728970717066,0.181086754900946,6.61169121852989,3.79953906715577e-11,2.4637458921281e-10,RPL17,RPL17,1.19728970717066,-3.86853726436469,TRUE
1500.80728725304,1.54864203896005,0.166524814576649,9.29976738239952,1.40753285713205e-20,2.58563488279501e-19,HSPE1,HSPE1,1.54864203896005,-3.49011353097094,TRUE
8549.71192088544,1.93421235871895,0.127329218478915,15.1906403088404,4.07915518200358e-52,5.01562915704185e-50,PCNA,PCNA,1.93421235871895,-3.23637309097005,TRUE
3368.4428600888,1.26051050052368,0.125613764131138,10.0348119431222,1.07163411813079e-23,2.64029173509596e-22,LSM2,LSM2,1.26051050052368,-3.00302320910443,TRUE
6493.75145385593,1.05197288028668,0.165050212973752,6.37365357689046,1.84577262288656e-10,1.09723500480693e-09,PSMB3,PSMB3,1.05197288028668,-2.9850639520892,TRUE
2802.51011482038,1.58651796638791,0.144853857251621,10.9525420757835,6.46085364821851e-28,2.22771259322899e-26,SNRPA1,SNRPA1,1.58651796638791,-2.92994156762398,TRUE
4214.78950751473,1.43525430636669,0.121471209159727,11.8155924872652,3.24254886037751e-32,1.5229463269092e-30,SNRPD1,SNRPD1,1.43525430636669,-2.86582029506707,TRUE
827.788420876035,3.58504601094864,0.188657794026441,19.0029043297633,1.61363186504163e-80,5.25781772825501e-78,ORC6,ORC6,3.58504601094864,-2.65634601304218,TRUE
3327.00783482559,1.33058677608952,0.170532753486258,7.80252912644576,6.06786183505319e-15,6.16650894558797e-14,SNRPF,SNRPF,1.33058677608952,-2.6431554404491,TRUE
8058.71215594466,1.17587618255399,0.142622793259226,8.24465820422379,1.6563298246126e-16,2.00257650919187e-15,BANF1,BANF1,1.17587618255399,-2.59598762245393,TRUE
3658.48210821194,3.85801666881318,0.187190767628407,20.6100798543214,2.22863843218733e-94,1.29097595581838e-91,CDK1,CDK1,3.85801666881318,-2.57181767859166,TRUE
1393.9192154146,1.10408387573884,0.161013258692805,6.85709912775135,7.02728713528818e-12,4.98857009138227e-11,PRELID1,PRELID1,1.10408387573884,-2.49306367015916,TRUE
1092.65296328452,4.28335342154554,0.188727725465948,22.6959415261875,4.91312517750083e-114,9.85157184630108e-111,CDC45,CDC45,4.28335342154554,-2.47987099126145,TRUE
12057.3062685143,1.20193472038379,0.141503209367136,8.49404565281144,1.99565860699923e-17,2.67047396861648e-16,CKAP5,CKAP5,1.20193472038379,-2.4682380257705,TRUE
1313.77838602991,2.06815507645778,0.150127954592309,13.775949203292,3.55677233729466e-43,3.25313629881613e-41,DONSON,DONSON,2.06815507645778,-2.46809237784546,TRUE
27908.5672233988,1.0699661335446,0.120804782129478,8.85698491966826,8.22076505630464e-19,1.27858402579172e-17,SEC61A1,SEC61A1,1.0699661335446,-2.4305578635712,TRUE
1243.28610195125,2.53702543277921,0.193025325456721,13.143484808412,1.85483814187369e-39,1.36969025054452e-37,GINS2,GINS2,2.53702543277921,-2.40001593435059,TRUE
11440.3424457903,1.07286672794787,0.124128957130901,8.64316234298549,5.467814243256e-18,7.76304541824369e-17,PSMA7,PSMA7,1.07286672794787,-2.37966783399835,TRUE
4756.4467485647,4.42094631951017,0.218851904174799,20.2006299016669,9.66564995142606e-91,4.84527879391967e-88,RRM2,RRM2,4.42094631951017,-2.34948049600523,TRUE
1569.01163418433,3.35664931832633,0.168902981533861,19.8732389910678,6.93785477926257e-88,3.17279053563224e-85,GINS1,GINS1,3.35664931832633,-2.26672689702845,TRUE
13151.832055807,1.3543103960068,0.159348978476164,8.49902151214214,1.91195473000765e-17,2.57166790232763e-16,PUF60,PUF60,1.3543103960068,-2.21988367713172,TRUE
7129.60551863197,1.03380804175227,0.117644633314926,8.78754952624863,1.52857500633359e-18,2.29921319619721e-17,EIF4A3,EIF4A3,1.03380804175227,-2.20887969284981,TRUE
11843.746648196,1.69155584271815,0.147789614568449,11.4457017000657,2.4709695068972e-30,1.01642916859988e-28,MCM7,MCM7,1.69155584271815,-2.15015463156429,TRUE
9331.73703316792,1.16847801919336,0.123049723219415,9.49598250708617,2.18144398076622e-21,4.3275266549949e-20,PSMB2,PSMB2,1.16847801919336,-2.11455349742298,TRUE
3188.57537177118,3.40219611957003,0.174985351462331,19.4427481565645,3.35692801720181e-84,1.30604541230447e-81,KIF11,KIF11,3.40219611957003,-2.09461722139344,TRUE
5112.1260077252,5.00684232229346,0.214209309233313,23.3735981886768,7.93298626788371e-121,3.44648588408208e-117,CDC20,CDC20,5.00684232229346,-2.0666702589442,TRUE
6871.52233537354,1.52888800224629,0.152197627245745,10.0454128616452,9.62438035043731e-24,2.3825139847564e-22,GTPBP4,GTPBP4,1.52888800224629,-2.06221050986877,TRUE
20150.4495575013,1.42801422884028,0.141417701588819,10.0978463996843,5.64686302376192e-24,1.42632537248452e-22,PSMB4,PSMB4,1.42801422884028,-2.03283554002127,TRUE
1695.21631268073,1.72658759118116,0.157760937633669,10.9443289136022,7.07396308565741e-28,2.42627625991884e-26,POLD1,POLD1,1.72658759118116,-2.00210265981703,TRUE
2855.97912106563,2.77239384529992,0.21783860950946,12.7268249257693,4.19556235931017e-37,2.68053245147398e-35,MCM2,MCM2,2.77239384529992,-1.99255996551155,TRUE
10938.8553982107,4.22047601237357,0.224347933658676,18.8121902597714,6.00065572350208e-79,1.75751789600594e-76,TOP2A,TOP2A,4.22047601237357,-1.98897939412893,TRUE
1305.38383396076,2.75486721517856,0.197802486352989,13.9273639374904,4.32007818033409e-44,4.0653963150458e-42,CDC7,CDC7,2.75486721517856,-1.97669171210441,TRUE
1989.55658742122,1.16171264664677,0.141670038643082,8.20012938355683,2.40128442892523e-16,2.84132007302741e-15,PAK1IP1,PAK1IP1,1.16171264664677,-1.96495823219242,TRUE
8086.61996775807,1.34146956355039,0.122877551899484,10.9171247539805,9.54703727349549e-28,3.24462347598705e-26,SF3B4,SF3B4,1.34146956355039,-1.95504425529733,TRUE
1512.46569369485,1.01303844298967,0.113842981609804,8.89855859943873,5.65766159390575e-19,8.95435730226722e-18,WDR77,WDR77,1.01303844298967,-1.95286846709629,TRUE
30425.8692207101,1.61919985031509,0.121617241862458,13.3139004430499,1.92180957753873e-40,1.49539732112544e-38,CCT3,CCT3,1.61919985031509,-1.95234771509199,TRUE
945.014248938018,1.15909987206737,0.148430327825777,7.80905013851275,5.76205766773178e-15,5.88095368930166e-14,MED30,MED30,1.15909987206737,-1.92989510893907,TRUE
1718.92935725063,3.0370519775816,0.16978906810215,17.8872056459749,1.48364253410898e-71,3.54808348042374e-69,CHEK1,CHEK1,3.0370519775816,-1.92234874732119,TRUE
265.329754037107,1.13452358065562,0.191031743302844,5.93892701307262,2.86893546204469e-09,1.46006522235687e-08,POLR2I,POLR2I,1.13452358065562,-1.89350836394515,TRUE
27573.6303437595,1.0391710324564,0.132362344501086,7.85095667784784,4.12875574356375e-15,4.27080460188398e-14,HSPD1,HSPD1,1.0391710324564,-1.87366460304927,TRUE
5361.89905964833,1.02260787936625,0.135032555030825,7.57304695251309,3.64570462361872e-14,3.37713512522634e-13,SF3B6,SF3B6,1.02260787936625,-1.8669394990323,TRUE
10684.2869873276,1.17533729197077,0.119525010198283,9.83340047426877,8.08419955589523e-23,1.8324419984654e-21,CSE1L,CSE1L,1.17533729197077,-1.84725986731838,TRUE
7756.91648488446,1.08197722058191,0.138120745424197,7.83356053617389,4.74244346719437e-15,4.87273448401086e-14,TARS1,TARS1,1.08197722058191,-1.83005936392917,TRUE
2935.83156728534,1.64320775747796,0.138158595155274,11.893633947502,1.27725809188391e-32,6.16323341294043e-31,RFC2,RFC2,1.64320775747796,-1.82177419646458,TRUE
3304.10337294093,1.09619327396554,0.141235951753736,7.76143227240683,8.39755607273989e-15,8.37090226187804e-14,H3-3A,H3-3A,1.09619327396554,-1.8164851940155,TRUE
889.686289261378,1.49389790581188,0.140639306922166,10.6221933149788,2.34974218039698e-26,7.31788881916464e-25,DNAJC9,DNAJC9,1.49389790581188,-1.81028274735946,TRUE
108824.989667942,1.96768111421725,0.165794038015313,11.8682260096441,1.73099236252037e-32,8.30971968946934e-31,GAPDH,GAPDH,1.96768111421725,-1.81015871830884,TRUE
3815.24869901387,1.0715871094356,0.140994589815564,7.60020019801719,2.95672982418606e-14,2.7664420792196e-13,EIF6,EIF6,1.0715871094356,-1.80244539124128,TRUE
1421.1822387802,3.58051383936097,0.195229747238529,18.3400014086294,3.96786822933986e-75,1.03430421134202e-72,ESPL1,ESPL1,3.58051383936097,-1.80224921296865,TRUE
1630.73951329667,4.78569574596159,0.217176029235486,22.0360219440813,1.30076778275649e-107,1.47422233883102e-104,AURKB,AURKB,4.78569574596159,-1.79766198062789,TRUE
1755.65095468455,3.97665562211165,0.21386024869146,18.5946460197418,3.55048872922287e-77,9.74216733733186e-75,CDT1,CDT1,3.97665562211165,-1.7965110494445,TRUE
2530.72315577045,4.56429320860361,0.191654426857498,23.8152245342986,2.3228733889257e-125,1.21100681258252e-121,PLK1,PLK1,4.56429320860361,-1.79543700292962,TRUE
6487.74620456074,1.26787664997492,0.141803952772303,8.94105294801458,3.85479616120994e-19,6.19500441025028e-18,PSMC4,PSMC4,1.26787664997492,-1.78781337272441,TRUE
6763.51882251179,1.32649302848254,0.157834643440725,8.40432112726071,4.30343660511625e-17,5.51512694127656e-16,SEM1,SEM1,1.32649302848254,-1.78535150201196,TRUE
2297.09312814972,1.46027545659005,0.186680161379176,7.82233873059497,5.18508593585131e-15,5.30870522740911e-14,LSM7,LSM7,1.46027545659005,-1.77910697419393,TRUE
390.330459478396,1.62808753540998,0.162424538607917,10.0236549807298,1.19982033851583e-23,2.94221230141976e-22,POLA2,POLA2,1.62808753540998,-1.77869362442539,TRUE
2452.23223139865,1.25887917921958,0.136661385959612,9.21166700000848,3.21098883143809e-20,5.66240935856416e-19,MAGOH,MAGOH,1.25887917921958,-1.77852275358397,TRUE
318.532260606793,3.64760350350637,0.299492166146318,12.1792952064206,4.00729750861313e-34,2.14053738026677e-32,H2BC11,H2BC11,3.64760350350637,-1.76530788397839,TRUE
3195.61895474118,1.45889572920346,0.139670645343419,10.4452565935838,1.54038261943402e-25,4.48137876571279e-24,SNRPG,SNRPG,1.45889572920346,-1.75381080968111,TRUE
1789.50605039659,1.17599345626696,0.129827061584012,9.05815353069489,1.32677413298443e-19,2.23129169835518e-18,POLR1C,POLR1C,1.17599345626696,-1.75236700506134,TRUE
2852.84741285539,1.2047633328545,0.173094289114548,6.96015645009082,3.39895062199426e-12,2.50283745377187e-11,POLR2F,POLR2F,1.2047633328545,-1.74142874667099,TRUE
559.86885717137,3.37518535576436,0.171713594274996,19.6559006875079,5.14672909049287e-86,2.19934077380127e-83,SPC25,SPC25,3.37518535576436,-1.73402419072288,TRUE
6750.86310278313,1.72362808147153,0.155706586361902,11.069718511877,1.75952419886435e-28,6.34377832528314e-27,LSM4,LSM4,1.72362808147153,-1.7331302855338,TRUE
2407.54315871486,1.45018519891434,0.145385790509703,9.97473820398942,1.96619279152039e-23,4.7412347360372e-22,PFDN6,PFDN6,1.45018519891434,-1.73196485389018,TRUE
7671.33842972049,1.13368350708677,0.109975598046156,10.3085004967282,6.44998116354625e-25,1.78105570964153e-23,NOP56,NOP56,1.13368350708677,-1.73188411471488,TRUE
7515.54917502492,1.61197645437513,0.155138625387458,10.3905552234282,2.73754820639352e-25,7.773384433122e-24,SNRPB,SNRPB,1.61197645437513,-1.69781101204968,TRUE
3639.42554667501,1.24415451387027,0.150921618475624,8.24371303751439,1.66947270763736e-16,2.01659615708912e-15,DDX49,DDX49,1.24415451387027,-1.69742926669758,TRUE
3397.75915983766,1.32890837522002,0.129886743721044,10.2312856350769,1.43600196426922e-24,3.82742977531757e-23,POLR2H,POLR2H,1.32890837522002,-1.690201611218,TRUE
7533.96101527183,1.3125159654123,0.112695241824323,11.6465961132444,2.38808300885431e-31,1.06483620461971e-29,YARS1,YARS1,1.3125159654123,-1.67524710887977,TRUE
2579.20610166436,3.70276187236304,0.185562157630481,19.9542941278822,1.37551678767638e-88,6.40278501863576e-86,KIF23,KIF23,3.70276187236304,-1.66652391249722,TRUE
1922.57585749343,1.06755513634021,0.126707027382242,8.42538222540473,3.59574502528159e-17,4.65162707563351e-16,NVL,NVL,1.06755513634021,-1.66612789181614,TRUE
13178.3244963042,2.84947639885583,0.181805911692178,15.6731779089801,2.30747719563292e-55,3.16573726624017e-53,MCM4,MCM4,2.84947639885583,-1.66368420962198,TRUE
973.157386698047,4.12846672749087,0.19141793826115,21.5678152475889,3.60313919540185e-103,3.13076764688467e-100,SPC24,SPC24,4.12846672749087,-1.66021826905641,TRUE
4379.96364806009,1.34182802656534,0.139676077594296,9.60671325882174,7.49017474345338e-22,1.55947591883066e-20,CDC123,CDC123,1.34182802656534,-1.65568869210947,TRUE
1044.48739234825,3.37720287033865,0.192131371594971,17.5775712331773,3.65918460628046e-69,8.44105886123122e-67,TICRR,TICRR,3.37720287033865,-1.64976853011416,TRUE
2000.79699018233,3.70294289899827,0.195300580584559,18.960224736224,3.6358723914747e-80,1.14188295938037e-77,DTL,DTL,3.70294289899827,-1.62816899511363,TRUE
17922.0284891229,1.18502987129886,0.137108912239543,8.64298207857191,5.4764512947217e-18,7.77107544363149e-17,EPRS1,EPRS1,1.18502987129886,-1.61378925824392,TRUE
445.59593380074,2.11577650981557,0.159711348539728,13.2475026299666,4.66468916570898e-40,3.56581972089548e-38,POLE2,POLE2,2.11577650981557,-1.61244785455554,TRUE
19249.5141705586,1.42014486764502,0.162538502947207,8.73728280926943,2.38784176796197e-18,3.52656494988469e-17,CCT6A,CCT6A,1.42014486764502,-1.60869716297647,TRUE
4892.93226715501,1.91541637874612,0.164321579367866,11.6565114948054,2.12574527893103e-31,9.52092821063491e-30,ALYREF,ALYREF,1.91541637874612,-1.59669540872857,TRUE
4583.54852014597,1.93850161124528,0.153071238160985,12.6640486778225,9.35475278267787e-37,5.87591182617022e-35,RCC1,RCC1,1.93850161124528,-1.59223434001991,TRUE
58040.1584338428,1.57209657148587,0.119852179058322,13.1169627772964,2.63276541778077e-39,1.91165170321146e-37,TUBB,TUBB,1.57209657148587,-1.58832885530372,TRUE
1597.42835184203,4.01228813647182,0.208137312670264,19.2771208823484,8.36021813294099e-83,2.94494332528882e-80,NCAPG,NCAPG,4.01228813647182,-1.58762463358475,TRUE
5683.1645091388,1.02966021211086,0.125040910981362,8.23458661673005,1.80178710577115e-16,2.16239339254773e-15,BUD23,BUD23,1.02966021211086,-1.57298190635661,TRUE
4447.51506858704,1.17858898920849,0.115424329312821,10.2109234355116,1.77170569123022e-24,4.67913396689951e-23,NOP58,NOP58,1.17858898920849,-1.57289619531422,TRUE
4537.01749053302,1.37251322882895,0.140616314930159,9.76069689716057,1.6601047964885e-22,3.67663141291978e-21,SNRPE,SNRPE,1.37251322882895,-1.56691138358843,TRUE
30432.0385153996,1.08685630095495,0.12255444861681,8.86835454136158,7.42346529751956e-19,1.1594216291818e-17,COPA,COPA,1.08685630095495,-1.56529337206353,TRUE
1737.00522312968,3.55486354540002,0.181926876276383,19.5400680655863,5.01153509728255e-85,2.00977977509022e-82,CDC6,CDC6,3.55486354540002,-1.56310723824715,TRUE
256.838640697322,2.27152863019886,0.305173091899011,7.4434106102335,9.81185042301183e-14,8.64364667038356e-13,H2BC4,H2BC4,2.27152863019886,-1.56063538881774,TRUE
7329.91202335239,1.2307915742106,0.148813551050944,8.27069554834598,1.33179741365117e-16,1.62985742636831e-15,NUTF2,NUTF2,1.2307915742106,-1.55921221534529,TRUE
2684.11005025866,4.37005657966539,0.196176684024121,22.2761262450948,6.29746984950445e-110,8.63979718773856e-107,CDCA8,CDCA8,4.37005657966539,-1.5544226742335,TRUE
2100.19286548636,3.04784425120826,0.181609712166699,16.7823857812772,3.28374267428093e-63,6.38785972317022e-61,MAD2L1,MAD2L1,3.04784425120826,-1.54972444933316,TRUE
5508.40688002654,1.15532518800097,0.147673623797936,7.82350401031546,5.13729193025878e-15,5.26390679033237e-14,RUVBL2,RUVBL2,1.15532518800097,-1.54690998518497,TRUE
1767.1076558874,4.7753257097789,0.213619575002875,22.354345147043,1.09546996664789e-110,1.67974209533004e-107,NUF2,NUF2,4.7753257097789,-1.54231533884499,TRUE
11405.3263484266,1.02674569045058,0.166748173582201,6.15746288785847,7.39195579396894e-10,4.03277755716593e-09,GUK1,GUK1,1.02674569045058,-1.53899815608602,TRUE
4549.40673714834,1.90407111947513,0.188896139478388,10.0799895896918,6.77332989238438e-24,1.70096715129849e-22,PFDN2,PFDN2,1.90407111947513,-1.53101992711121,TRUE
4922.65373510592,1.1034941381747,0.105868385264853,10.4232640878962,1.94172555528444e-25,5.59281326514913e-24,PSMD14,PSMD14,1.1034941381747,-1.52419399522998,TRUE
87.4144816398913,1.3748437578066,0.18360022994509,7.48824638301259,6.97999059471583e-14,6.26972483916118e-13,RPS10,RPS10,1.3748437578066,-1.51916481307741,TRUE
2234.10795432807,1.56756445461023,0.17239076837343,9.09308815895867,9.62651382932374e-20,1.63688412256348e-18,PSMG3,PSMG3,1.56756445461023,-1.50370495802211,TRUE
8737.83359932181,1.36540866264735,0.132527647313455,10.3028212627806,6.84245529448949e-25,1.88344542937125e-23,GMPS,GMPS,1.36540866264735,-1.49552027494842,TRUE
4260.17228550035,1.4404400621454,0.137504436860812,10.4755896975417,1.11838386985973e-25,3.30157557594945e-24,RUVBL1,RUVBL1,1.4404400621454,-1.48090807480928,TRUE
6819.16070361169,1.0461579379108,0.148341430261757,7.052365182571,1.75901815833801e-12,1.33797275557038e-11,POLD2,POLD2,1.0461579379108,-1.47628571983701,TRUE
4891.34974053262,1.00061078508696,0.112480863823828,8.89583126472215,5.79836239344434e-19,9.15480996425885e-18,USP39,USP39,1.00061078508696,-1.46212929113139,TRUE
186.173632469267,1.13264016952557,0.386053580351423,2.93389370588025,0.00334738822032973,0.0066694465137457,PWP2,PWP2,1.13264016952557,-1.45746717087534,TRUE
7643.81729378092,1.34702126673279,0.129627903135173,10.3914453150426,2.71211729745017e-25,7.7179870734316e-24,VARS1,VARS1,1.34702126673279,-1.45380501054285,TRUE
1582.11400411455,1.58992295456041,0.16717925189582,9.51028872620626,1.90134076432858e-21,3.80433101555743e-20,RFC3,RFC3,1.58992295456041,-1.4537663460185,TRUE
4247.56478041174,1.51849775577684,0.139088190053972,10.9175175490284,9.50584815371177e-28,3.2348426086528e-26,ACTL6A,ACTL6A,1.51849775577684,-1.4533832773617,TRUE
4109.57171603168,1.26060428411206,0.111451956207186,11.3107416595599,1.16103935809315e-29,4.58557771930519e-28,NUP93,NUP93,1.26060428411206,-1.4525638922712,TRUE
3282.95274125875,2.39040011800931,0.147153938483487,16.2442143420957,2.45465961843433e-59,4.10164181241844e-57,RACGAP1,RACGAP1,2.39040011800931,-1.45109752818396,TRUE
1845.35961236738,2.41995336537477,0.163829724542546,14.7711495708846,2.24844888454007e-49,2.5933768616507e-47,CHAF1B,CHAF1B,2.41995336537477,-1.45047737699269,TRUE
1197.62305364399,1.50281441676501,0.181145206754346,8.29618648868254,1.07506724311324e-16,1.3275119766098e-15,NOP16,NOP16,1.50281441676501,-1.45016644005052,TRUE
1497.39158438269,1.12239521113565,0.151803975564808,7.39371420912807,1.42783129756083e-13,1.23447026313493e-12,MZT1,MZT1,1.12239521113565,-1.44985684973788,TRUE
798.066142152463,3.41689336048883,0.174212035351479,19.6134173715101,1.18776611042567e-85,4.91452368261364e-83,RAD51,RAD51,3.41689336048883,-1.44516352449278,TRUE
18601.7486793053,1.00834286122914,0.1273216751918,7.91964808592217,2.38183739282188e-15,2.54143902245959e-14,PSMD2,PSMD2,1.00834286122914,-1.44374847189405,TRUE
9511.89275997943,1.38680761926572,0.129282258791759,10.7269754738701,7.6044513461707e-27,2.42625744480577e-25,RANGAP1,RANGAP1,1.38680761926572,-1.44369166719192,TRUE
6268.32201660071,1.00801860603864,0.119184952631297,8.45759958605667,2.72937430779707e-17,3.59507832649551e-16,GNL2,GNL2,1.00801860603864,-1.4403470750659,TRUE
4656.10695591513,1.20755656799665,0.165144697163208,7.31211227935011,2.62975219353187e-13,2.21413922573628e-12,COPE,COPE,1.20755656799665,-1.4381688864064,TRUE
1620.03360767429,1.03301760667827,0.14342888248201,7.20229837116549,5.92059561643865e-13,4.78697785154176e-12,PDRG1,PDRG1,1.03301760667827,-1.43147289962835,TRUE
826.107567132442,3.55118953983759,0.187172495052617,18.9728172338532,2.8615199004178e-80,9.09649259075496e-78,KIF18A,KIF18A,3.55118953983759,-1.40657114740119,TRUE
1570.67171478141,3.13838059150574,0.22355963080474,14.0382258648783,9.0961351110212e-45,8.71724095363933e-43,CENPW,CENPW,3.13838059150574,-1.39902641477476,TRUE
5751.00197791969,1.15427424696388,0.132512409848281,8.71068791432782,3.02036168011028e-18,4.41109625303294e-17,NAT10,NAT10,1.15427424696388,-1.39880411253033,TRUE
7474.79209453813,1.57055130800473,0.126499488983236,12.4154755139988,2.15403240198859e-35,1.26462077978911e-33,DKC1,DKC1,1.57055130800473,-1.39617432066217,TRUE
10114.1967829846,1.92060360005377,0.169083168955039,11.3589283423265,6.69609907111889e-30,2.68534176133625e-28,NCAPD2,NCAPD2,1.92060360005377,-1.38035244544879,TRUE
8255.55908126136,1.11332695481478,0.124087496568576,8.97211230463906,2.9088161473763e-19,4.73013789854385e-18,SEC13,SEC13,1.11332695481478,-1.37340905239105,TRUE
2330.22624570112,1.7120806182269,0.129066440290365,13.2651107009319,3.68875734262159e-40,2.83642588938398e-38,BYSL,BYSL,1.7120806182269,-1.35926190205486,TRUE
2210.00934958708,4.00704676090954,0.202955254944205,19.7434984475328,9.12367686039537e-87,3.96378141199877e-84,CCNA2,CCNA2,4.00704676090954,-1.35551175475153,TRUE
12642.3708771698,1.54279014400839,0.158763639331858,9.71752821049626,2.53869217448823e-22,5.54238600606238e-21,PAICS,PAICS,1.54279014400839,-1.34148693343695,FALSE
4430.55746619907,1.08778669864529,0.162109415733254,6.71020059954571,1.94357040412534e-11,1.30406820397259e-10,NUP155,NUP155,1.08778669864529,-1.34006299671419,TRUE
1176.81017096621,1.03519404906345,0.129453609061291,7.99664108687252,1.27859245097834e-15,1.40155884859767e-14,RFC5,RFC5,1.03519404906345,-1.33886826893493,TRUE
1056.61687669762,1.93145381537134,0.178617204869496,10.8133693883662,2.97536729231878e-27,9.74358030262231e-26,FBXO5,FBXO5,1.93145381537134,-1.33690852946848,TRUE
762.379927962803,3.06770267077057,0.224096600910234,13.6891976866681,1.17802806373347e-42,1.03045830662216e-40,GINS4,GINS4,3.06770267077057,-1.33602343565822,TRUE
2575.88521985872,1.13361278525582,0.137195824666384,8.26273531291787,1.42371703255064e-16,1.73664164190442e-15,BRIX1,BRIX1,1.13361278525582,-1.32978294373253,TRUE
1682.08383849878,1.7281922655276,0.183171316679329,9.4348410922496,3.91587354009568e-21,7.62892941477384e-20,RRS1,RRS1,1.7281922655276,-1.31611181276223,TRUE
352.551310545429,2.47962554134851,0.175025662150401,14.1672113156627,1.46191561077558e-45,1.43262233932658e-43,CENPK,CENPK,2.47962554134851,-1.31437555536676,TRUE
4770.43987068869,4.93036885250312,0.222879300233948,22.1212505931591,1.97380447161686e-108,2.45005529341127e-105,BIRC5,BIRC5,4.93036885250312,-1.3042175732699,TRUE
5820.63711300839,1.76279387625991,0.149554192142353,11.786990728966,4.55528178959304e-32,2.12040232873789e-30,MCM6,MCM6,1.76279387625991,-1.29438142155874,TRUE
5051.98048518563,1.67572039289709,0.137252624822794,12.2090225601194,2.7821135358435e-34,1.51718312842746e-32,MCM5,MCM5,1.67572039289709,-1.29373625607912,TRUE
17402.1572202914,1.02429951039078,0.128872190553062,7.94818110870113,1.89269817618875e-15,2.04124796684783e-14,COPG1,COPG1,1.02429951039078,-1.28845209948287,TRUE
7923.63438079909,1.10522274753459,0.136309854599895,8.10816467216338,5.13900612892472e-16,5.87794966049498e-15,PRMT1,PRMT1,1.10522274753459,-1.27196787327659,TRUE
1837.72182450865,4.52233743347252,0.20604209976555,21.9486087484954,8.92924376914739e-107,9.3103438932146e-104,NDC80,NDC80,4.52233743347252,-1.26496639831056,TRUE
1803.33636459034,2.85635953708077,0.176768058314246,16.1587990744512,9.84611320056643e-59,1.6142052377306e-56,TONSL,TONSL,2.85635953708077,-1.26282012165075,TRUE
797.675727956188,1.98423469658827,0.175441450273102,11.3099537965487,1.17151199361293e-29,4.61993996028868e-28,MTBP,MTBP,1.98423469658827,-1.26102765509453,TRUE
1514.65206455273,1.06326743680834,0.144592261078619,7.35355702218536,1.93000615431976e-13,1.64840990906465e-12,HAUS5,HAUS5,1.06326743680834,-1.25722188867365,TRUE
236.57317089928,1.11407492562371,0.171424660086701,6.49891867984598,8.08993743019247e-11,5.02455084567136e-10,PPAN,PPAN,1.11407492562371,-1.25136780962508,TRUE
11212.3970074447,1.61344552947577,0.134342068453685,12.0099798078665,3.14921937748791e-33,1.58782788226262e-31,MCM3,MCM3,1.61344552947577,-1.24449231385355,TRUE
548.943033423215,1.10081359469151,0.150038854280125,7.33685684267004,2.18668280877592e-13,1.85971487035439e-12,TIPIN,TIPIN,1.10081359469151,-1.24126198133609,TRUE
4644.78645343785,1.15074934256743,0.124263553309725,9.26055397514028,2.03374269289025e-20,3.65610832934967e-19,EBNA1BP2,EBNA1BP2,1.15074934256743,-1.23478068045239,TRUE
2646.41506913702,1.10346396638339,0.161822030297059,6.81899716841859,9.16782080134155e-12,6.4206766477316e-11,RIOK1,RIOK1,1.10346396638339,-1.23290953939875,TRUE
13856.0474723159,1.18574997982886,0.242257842285762,4.89457830814068,9.85167433733318e-07,3.55831501941616e-06,WARS1,WARS1,1.18574997982886,-1.22093676114292,TRUE
30511.940671308,1.13153426462849,0.13860740408142,8.1635917801607,3.25206643409086e-16,3.7895223843293e-15,PGK1,PGK1,1.13153426462849,-1.21568962266453,FALSE
70.9653691764864,2.65554753645047,0.279338608551944,9.50655389248371,1.97083285663502e-21,3.9336676932546e-20,H2BC6,H2BC6,2.65554753645047,-1.2150984524728,TRUE
7.27400157513745,4.5397406578577,0.514236889125067,8.82811162299483,1.06457785864302e-18,1.63622352837545e-17,H2AC16,H2AC16,4.5397406578577,-1.21371840949827,TRUE
6414.88109924209,1.11076576154554,0.123191456518595,9.01658112450254,1.9405072204052e-19,3.21776092330168e-18,PSMA5,PSMA5,1.11076576154554,-1.21003401343451,TRUE
14822.2153577234,1.39156236057267,0.138885661356148,10.019481831204,1.25157385136734e-23,3.05189668695906e-22,CCT5,CCT5,1.39156236057267,-1.20604063035016,TRUE
1436.43135737572,1.86101719423222,0.20430190431007,9.10915246001695,8.30280304874277e-20,1.4220050398921e-18,EXOSC4,EXOSC4,1.86101719423222,-1.2047999181686,TRUE
1183.90920193572,4.76980167324394,0.230351287430516,20.7066421310223,3.01773017503687e-95,1.82937610401595e-92,PKMYT1,PKMYT1,4.76980167324394,-1.20275679646232,TRUE
659.836216555384,1.3567539267975,0.163599869097613,8.2931235475988,1.10312657590608e-16,1.36022707919318e-15,THOC3,THOC3,1.3567539267975,-1.19396171693161,TRUE
1157.81773846829,1.19322612022282,0.128029451453803,9.31993464529814,1.16411984980636e-20,2.16905733558987e-19,POLR3K,POLR3K,1.19322612022282,-1.1918000306544,TRUE
753.248058418524,3.71190748297388,0.208488831630362,17.8038672572873,6.59531536583243e-71,1.56290986946503e-68,ORC1,ORC1,3.71190748297388,-1.18896194708067,TRUE
12463.0120297297,1.58342955374143,0.221461122437307,7.14992110721228,8.68277878473626e-13,6.88154437767468e-12,TFRC,TFRC,1.58342955374143,-1.18667264652264,FALSE
7998.18536411991,1.40002488638171,0.138494653077479,10.1088731967037,5.04612934409515e-24,1.27706265643231e-22,ATP6V0B,ATP6V0B,1.40002488638171,-1.18452954870924,TRUE
6582.35152842278,1.24982960474924,0.146465660731557,8.53326027757408,1.42280097421568e-17,1.93368889441502e-16,CPSF1,CPSF1,1.24982960474924,-1.18158791066495,TRUE
5060.36897293468,1.27213312551767,0.112759343131449,11.2818422863166,1.61331498182916e-29,6.28614075206885e-28,ISG20L2,ISG20L2,1.27213312551767,-1.17934132073281,TRUE
3909.56051641806,2.36245144590071,0.154006715476396,15.3399248766057,4.13673423241983e-53,5.26010981641403e-51,CTPS1,CTPS1,2.36245144590071,-1.17368236929702,FALSE
3909.75258517715,1.08213390490318,0.164860034477613,6.56395534752919,5.23988985592016e-11,3.3346730682195e-10,ATP6V1F,ATP6V1F,1.08213390490318,-1.16771636201628,TRUE
5090.97166708063,2.28126472407129,0.19695613485193,11.5826030287725,5.04892786467437e-31,2.18985694922574e-29,SMC4,SMC4,2.28126472407129,-1.16395591871572,TRUE
1138.74224842872,1.57009066758426,0.128995189042009,12.171699419526,4.39828754723079e-34,2.33979921415643e-32,SPDL1,SPDL1,1.57009066758426,-1.16119187544207,TRUE
2972.27341815762,1.46581157242277,0.127559328674536,11.4912142267756,1.46044583954862e-30,6.09111067192221e-29,INTS7,INTS7,1.46581157242277,-1.15887916359728,TRUE
2249.56580108075,2.13559643851261,0.160788550135484,13.2820181332135,2.94352559266492e-40,2.27682141317497e-38,RFC4,RFC4,2.13559643851261,-1.15808878224918,TRUE
72712.8355947193,1.45223510108364,0.166058307066025,8.74533244823596,2.22359965767532e-18,3.29895118250556e-17,PKM,PKM,1.45223510108364,-1.1566367475598,TRUE
72599.063377245,1.12607381944924,0.12048605846208,9.34609226845643,9.09458510694738e-21,1.71913379247859e-19,YWHAZ,YWHAZ,1.12607381944924,-1.14521020373015,TRUE
1744.71463616286,1.54194133823057,0.178522332287738,8.63724621155694,5.75841940557755e-18,8.15343392966811e-17,PPAT,PPAT,1.54194133823057,-1.12817963633895,TRUE
2261.62776076086,1.07867028014363,0.138990246453121,7.76076241081744,8.44203368671311e-15,8.40880749375432e-14,CHD4,CHD4,1.07867028014363,-1.12470418775342,TRUE
27128.785803445,1.41932437707878,0.166047758935249,8.54768764227801,1.25579024331479e-17,1.72287811960456e-16,RAD21,RAD21,1.41932437707878,-1.12296882020255,TRUE
313.453411808843,1.91001386845266,0.247051164315333,7.73124819608113,1.06497157471406e-14,1.0479657998517e-13,FCGR1A,FCGR1A,1.91001386845266,-1.11412250219034,TRUE
2930.2955528209,4.56280922684603,0.214027358886353,21.3188129339523,7.59608040311502e-101,5.82373611376468e-98,BUB1,BUB1,4.56280922684603,-1.10531365195565,TRUE
2393.00209221982,1.52417827720455,0.165186800040466,9.22699802182241,2.78322752852416e-20,4.93540081537683e-19,MAD2L2,MAD2L2,1.52417827720455,-1.10491770790926,TRUE
1291.02411583283,2.02737284401887,0.172506393179207,11.7524504840394,6.86001878360766e-32,3.15936589456362e-30,POP1,POP1,2.02737284401887,-1.10191984721805,TRUE
11466.1730566632,1.19876652481639,0.168591525505351,7.11047913721111,1.15640783076108e-12,9.01707535879425e-12,AHCY,AHCY,1.19876652481639,-1.09507798610525,FALSE
4174.65653694901,1.28779887193928,0.176557988680855,7.29391448985692,3.01076566909322e-13,2.51302045136897e-12,ANAPC11,ANAPC11,1.28779887193928,-1.09270822013243,TRUE
1132.24653447028,1.02393758228159,0.140335444848244,7.29635754807959,2.9566256466166e-13,2.47258135163154e-12,PMF1,PMF1,1.02393758228159,-1.09081365029258,TRUE
1287.94724121976,1.91570420794453,0.161448103974959,11.8657584745725,1.78279465293142e-32,8.52699233357126e-31,WDHD1,WDHD1,1.91570420794453,-1.08668940391259,TRUE
2336.2617791176,1.46024881194213,0.152252169384213,9.59098854123479,8.72450527448842e-22,1.80064670617648e-20,PSMG1,PSMG1,1.46024881194213,-1.08313033944402,FALSE
3022.4941517296,1.71551537749925,0.138474780864162,12.3886484368739,3.01074800787994e-35,1.75181179288854e-33,TIMELESS,TIMELESS,1.71551537749925,-1.08311971322033,TRUE
15093.2833369741,2.84736456685292,0.181096415269446,15.7229206476365,1.0535309465828e-55,1.48445357754453e-53,HMGA1,HMGA1,2.84736456685292,-1.07780422169982,TRUE
3603.47992083773,1.14745192993143,0.139505938634984,8.22511171322764,1.95009013260072e-16,2.33500227315126e-15,POLE,POLE,1.14745192993143,-1.07428305057858,TRUE
7645.01606566974,1.08006255593494,0.122745266304198,8.79921962333143,1.37770825369763e-18,2.08189687241369e-17,TUBA1B,TUBA1B,1.08006255593494,-1.06994206205143,TRUE
1977.88853453624,1.05995903476397,0.139491707640534,7.59872434492994,2.99064043195233e-14,2.79716627698964e-13,CSTF3,CSTF3,1.05995903476397,-1.05725790060235,TRUE
5304.57013093034,1.9261633911654,0.165994319685947,11.6037909900147,3.94219755824528e-31,1.72129420018057e-29,TOMM40,TOMM40,1.9261633911654,-1.04943748460313,TRUE
6134.94054716189,2.50267865408186,0.197266304573844,12.686802540801,6.99850251422393e-37,4.43868528073662e-35,BOP1,BOP1,2.50267865408186,-1.04748720693021,TRUE
6126.6914671818,1.212560556618,0.131871537681511,9.19501340423064,3.74947847940283e-20,6.57723119263752e-19,CAD,CAD,1.212560556618,-1.04580356662215,FALSE
3969.22250341462,3.29263985395445,0.157087084419785,20.9606019878471,1.50175878404633e-97,9.54788932286235e-95,CCNB1,CCNB1,3.29263985395445,-1.03468135010751,TRUE
4323.17861472273,1.42639814222502,0.177296095842874,8.04528794299647,8.60428721937213e-16,9.60547986926652e-15,SEC61G,SEC61G,1.42639814222502,-1.03245743182649,TRUE
1370.73373697498,3.91283054191,0.199785026374986,19.5852042212904,2.06775757450858e-85,8.42191198354924e-83,BUB1B,BUB1B,3.91283054191,-1.02547211077152,TRUE
22971.4668622266,1.71459290602305,0.132689059677271,12.9218860258209,3.38735267558768e-38,2.30543399985754e-36,ILF2,ILF2,1.71459290602305,-1.02479164690488,TRUE
4670.02046329864,1.35315027705875,0.159128816091445,8.50348987879821,1.83974583334025e-17,2.48094436821937e-16,TBCB,TBCB,1.35315027705875,-1.02249982588314,TRUE
4.23178511151008,4.32756446048032,0.52198282084647,8.29062621919732,1.1265377801634e-16,1.38843783997728e-15,H2AC17,H2AC17,4.32756446048032,-1.01454873650587,TRUE
1028.18016683185,1.04612135094191,0.11366546327854,9.20351108215134,3.46440637750355e-20,6.09356822148348e-19,C1orf131,C1ORF131,1.04612135094191,-1.00603044477534,TRUE
1305.66694031853,1.99395495053425,0.125142453798751,15.9334813247377,3.71107602198757e-57,5.6242220154157e-55,DBF4,DBF4,1.99395495053425,-1.00339753161962,TRUE
11279.3172605756,1.37358844127058,0.131675504742083,10.4316170571062,1.77835715605694e-25,5.14995470780116e-24,SMG5,SMG5,1.37358844127058,-0.998138116640455,TRUE
5960.82170052431,1.03013931174758,0.134223154726566,7.67482565766043,1.6564378446409e-14,1.59036336266131e-13,PES1,PES1,1.03013931174758,-0.995498659767449,TRUE
3106.66858728231,1.16095530204609,0.168463276125514,6.89144440703574,5.52287052395708e-12,3.96924913007966e-11,LAMTOR2,LAMTOR2,1.16095530204609,-0.98844271928181,TRUE
3327.63440553088,1.18455773865639,0.118853645457604,9.96652424160548,2.13572355012053e-23,5.13105122405455e-22,INTS8,INTS8,1.18455773865639,-0.987021266930963,TRUE
252.882309888731,3.31053353940823,0.321729077541442,10.2898176462828,7.83245643873558e-25,2.14237819505268e-23,H2BC9,H2BC9,3.31053353940823,-0.975664143657652,TRUE
3989.71516182769,1.12318507933048,0.119162804121758,9.42563484980455,4.27511465191727e-21,8.31017253031524e-20,FARSA,FARSA,1.12318507933048,-0.968782998395303,TRUE
5592.06333513529,1.01451531992505,0.123128872640028,8.23945917941622,1.72990817620944e-16,2.08091907841493e-15,SMARCB1,SMARCB1,1.01451531992505,-0.96297677175185,TRUE
1978.08483299591,1.31029771371012,0.142191958464278,9.21499167647583,3.11302456733348e-20,5.4977785499107e-19,URB2,URB2,1.31029771371012,-0.957922872447474,TRUE
2104.75715855342,3.92780496809447,0.169675997170333,23.1488544850068,1.49289149557335e-118,5.55931465930152e-115,AURKA,AURKA,3.92780496809447,-0.950396738203879,TRUE
2921.99464599044,1.02812588792,0.130321971408039,7.8891216639206,3.04320734161053e-15,3.19997118893755e-14,TMEM258,TMEM258,1.02812588792,-0.94265015475161,TRUE
26445.13499566,1.2809080110798,0.130253288608877,9.83397828001174,8.03793268457031e-23,1.82354039415748e-21,PFN1,PFN1,1.2809080110798,-0.939944925291299,FALSE
11698.3361727027,1.37939392886706,0.164257082953073,8.39777441598151,4.55020259433796e-17,5.81422210914743e-16,HYOU1,HYOU1,1.37939392886706,-0.939476972305911,TRUE
1512.10946014023,1.01348070959937,0.153801609008812,6.58953255515878,4.41213483308075e-11,2.8341823236549e-10,RRP9,RRP9,1.01348070959937,-0.939239492185481,TRUE
9986.52628380231,1.45649256117356,0.131198624060148,11.1014316774072,1.23450337204907e-28,4.53875873049409e-27,GARS1,GARS1,1.45649256117356,-0.93557636491546,TRUE
2120.12803774015,1.22084879778996,0.17212519775784,7.09279532394526,1.31429770930805e-12,1.01691298274067e-11,ATP5MF,ATP5MF,1.22084879778996,-0.934346723337898,TRUE
24.2500098929816,2.0447494057868,0.210620383555406,9.7082218314777,2.78147006604128e-22,6.03199502591497e-21,PRC1,PRC1,2.0447494057868,-0.926473299389267,TRUE
5400.05516927711,1.31879421465507,0.114525880950691,11.5152505591542,1.10537778461479e-30,4.63245702758099e-29,SNRPC,SNRPC,1.31879421465507,-0.92160203540958,TRUE
1965.03635207739,4.34483836950476,0.205834586184066,21.1083980105239,6.65918236150868e-99,4.56802385835386e-96,TTK,TTK,4.34483836950476,-0.917062965257246,TRUE
1812.04173616254,1.11091963111383,0.154371768701368,7.1963911566169,6.18270991299305e-13,4.98807487780841e-12,SNRNP25,SNRNP25,1.11091963111383,-0.91353870616946,TRUE
1804.64309537879,3.34314086300123,0.194280379048444,17.2078152172414,2.32021480263761e-66,4.87750316615763e-64,CENPE,CENPE,3.34314086300123,-0.912367845840784,TRUE
5113.97787490555,1.12077791485714,0.165732296134167,6.76258002212086,1.35555761515749e-11,9.28167069984508e-11,AP2S1,AP2S1,1.12077791485714,-0.911268937030416,FALSE
739.043360140109,1.06871269278174,0.152548472291044,7.00572530639812,2.45709577121464e-12,1.83837874478335e-11,RPP38,RPP38,1.06871269278174,-0.909420290939557,TRUE
6576.52526374853,1.1683175840966,0.138031337178148,8.4641474029099,2.58033309470636e-17,3.40909998883481e-16,NUP205,NUP205,1.1683175840966,-0.906674836681019,TRUE
1784.61489651283,1.67292288827513,0.147939926433613,11.3081230240157,1.19621085660639e-29,4.71021577026566e-28,CHAF1A,CHAF1A,1.67292288827513,-0.905565216484488,TRUE
7956.82536841684,4.65413278888943,0.191676604643507,24.2811729555909,3.09937478557257e-130,4.03957012677601e-126,TPX2,TPX2,4.65413278888943,-0.905031269108209,TRUE
1582.12192002291,1.37717235141458,0.175151541216617,7.8627475490574,3.75797909885684e-15,3.90898807541506e-14,MMS22L,MMS22L,1.37717235141458,-0.903811213408494,TRUE
3392.70956895697,1.12750743917893,0.140565447065945,8.02122756846476,1.04693561507406e-15,1.15686607368103e-14,SEH1L,SEH1L,1.12750743917893,-0.901007912508717,TRUE
679.575424999333,3.6883721781886,0.211920312020287,17.404524101661,7.62369204310379e-68,1.71316190075506e-65,CENPM,CENPM,3.6883721781886,-0.899764846055049,TRUE
12940.1340635808,1.01713518577283,0.138819005719463,7.32706001243331,2.35256494686124e-13,1.99428651934413e-12,SLC3A2,SLC3A2,1.01713518577283,-0.890346289264336,FALSE
2823.91912960793,1.12491179404216,0.177984196519656,6.32029031812343,2.61072356475008e-10,1.522114318102e-09,RRP7A,RRP7A,1.12491179404216,-0.88909463045532,TRUE
3844.67366119587,1.03005491673075,0.120184340936293,8.57062499745087,1.02924898355573e-17,1.42003055997259e-16,WDR46,WDR46,1.03005491673075,-0.886339464443931,TRUE
12314.2655393666,1.30012276994847,0.177608271787642,7.32017015233933,2.47656733247357e-13,2.09192095449088e-12,TXN,TXN,1.30012276994847,-0.886102379011537,TRUE
635.984905843742,1.14755542224008,0.127211413710609,9.02085267954518,1.86630922374862e-19,3.09866767741753e-18,GINS3,GINS3,1.14755542224008,-0.884473993586086,TRUE
137317.439991383,1.24177187802515,0.14667227874377,8.46630248511013,2.53305811938658e-17,3.3517373603071e-16,PABPC1,PABPC1,1.24177187802515,-0.878985634980405,TRUE
1844.11897396113,1.35915970697707,0.113724809054391,11.9513034867091,6.39148225130822e-33,3.16162216724283e-31,DSN1,DSN1,1.35915970697707,-0.877951352420328,TRUE
1860.45806013087,1.39071942117047,0.13711396104769,10.1427995409363,3.56727063212236e-24,9.19763042211015e-23,DTYMK,DTYMK,1.39071942117047,-0.871504260707146,TRUE
1015.95317279581,1.02411311358581,0.136711850182665,7.49103396828778,6.83331276669014e-14,6.14856623711812e-13,CSNK2B,CSNK2B,1.02411311358581,-0.869915595629066,TRUE
403.439491866984,4.09274763436397,0.207181224321482,19.7544330948314,7.34760223603194e-87,3.24627029638381e-84,SGO1,SGO1,4.09274763436397,-0.863755948096746,TRUE
98.4429641889003,1.81939118137982,0.339317757337099,5.36190972042858,8.23466953422044e-08,3.44713555080334e-07,ZNF492,ZNF492,1.81939118137982,-0.86022324020881,TRUE
14249.6875736694,1.25533673024112,0.134884013064839,9.30678663629084,1.31758217874797e-20,2.43067336542273e-19,SLC39A7,SLC39A7,1.25533673024112,-0.85477820211697,TRUE
2163.02729982005,1.85408601467108,0.143730747279644,12.8997173518047,4.51751065937119e-38,3.05864806124231e-36,INCENP,INCENP,1.85408601467108,-0.853574644953523,TRUE
19.0778316229181,4.73752857045725,0.507184355104953,9.34084129917001,9.55716609954326e-21,1.80265302978867e-19,H2AC12,H2AC12,4.73752857045725,-0.843423751522861,TRUE
13293.633115662,1.08214419733851,0.124382015660234,8.70016610998277,3.31398720812171e-18,4.81525666410862e-17,SSRP1,SSRP1,1.08214419733851,-0.837275427115833,TRUE
1341.13918155106,1.36266824111867,0.199186781558565,6.84115798476327,7.85555632721554e-12,5.54033514019284e-11,NAA10,NAA10,1.36266824111867,-0.836440617412814,TRUE
9586.1052901375,1.23914269405267,0.147464753573033,8.40297538244608,4.3530596882629e-17,5.5732419888973e-16,NASP,NASP,1.23914269405267,-0.833937262541838,TRUE
4910.02371228957,1.06534571531422,0.128691127404337,8.27831519392158,1.24930192330399e-16,1.53249662281248e-15,PRPF3,PRPF3,1.06534571531422,-0.829539158367863,TRUE
7644.38331047154,1.00733854851395,0.183518854428827,5.48901937977508,4.04171282731217e-08,1.76770685016017e-07,ELOB,ELOB,1.00733854851395,-0.82816514361441,TRUE
5210.81895207188,1.08692802706302,0.16836596524426,6.45574671511634,1.07686587145251e-10,6.58472030756572e-10,MRPS21,MRPS21,1.08692802706302,-0.82031396696209,TRUE
2788.03768788694,4.20519563795688,0.194484829836081,21.6222295667029,1.10984232162384e-103,9.97595165440294e-101,CDCA5,CDCA5,4.20519563795688,-0.814903924644337,TRUE
2851.55818061073,1.00806258034776,0.192823834647193,5.22789406295229,1.71451695418982e-07,6.88103363277382e-07,TIMM13,TIMM13,1.00806258034776,-0.810726701805339,TRUE
175.92212993161,1.99405010276577,0.275221861650244,7.24524603826652,4.31654888753753e-13,3.54057519985654e-12,H2BC15,H2BC15,1.99405010276577,-0.809530572204524,TRUE
1649.45882603539,3.86992682072474,0.183241362874932,21.1192863882271,5.28878113137218e-99,3.72601777706699e-96,NCAPH,NCAPH,3.86992682072474,-0.800595469150119,TRUE
3161.26476122844,1.14841900462728,0.123793254731356,9.27691098452387,1.74463116968373e-20,3.1669429456926e-19,RRP12,RRP12,1.14841900462728,-0.798745750979947,TRUE
1569.66876686991,4.34032822400257,0.224360654728796,19.3453180516392,2.23223030784099e-83,8.43297788905669e-81,MCM10,MCM10,4.34032822400257,-0.798394251641188,TRUE
2486.29702383066,1.27793574629751,0.157487700944129,8.11451141032828,4.87743206317273e-16,5.59102997320684e-15,TUBG1,TUBG1,1.27793574629751,-0.797693797346438,TRUE
1166.58042766606,3.98862065052163,0.212587852827992,18.7622227585547,1.53830047193014e-78,4.3585737393264e-76,CLSPN,CLSPN,3.98862065052163,-0.797019942819599,TRUE
6101.1527781963,1.15614612456474,0.142629880532992,8.10591806039763,5.23487171726567e-16,5.98234989276476e-15,NOC2L,NOC2L,1.15614612456474,-0.796907769764773,TRUE
2914.44132462562,1.88288500994316,0.162739150786408,11.5699572035644,5.85118495190805e-31,2.52940030085219e-29,NCAPG2,NCAPG2,1.88288500994316,-0.796711368115329,TRUE
774.273726309371,1.02508789274909,0.150759177028014,6.79950576115583,1.04978667108447e-11,7.29144395288004e-11,MARS2,MARS2,1.02508789274909,-0.786777661883404,TRUE
540.950208994231,2.92983928540179,0.180501901623651,16.2316255897987,3.01371263515661e-59,5.00372275545397e-57,CENPI,CENPI,2.92983928540179,-0.783110461752651,TRUE
4123.26326292911,5.40520303110366,0.22333778912954,24.2019187714289,2.12361023084496e-129,1.84520492958118e-125,UBE2C,UBE2C,5.40520303110366,-0.780902612723293,TRUE
10160.6857771297,1.04609403122288,0.112720112310491,9.280455898956,1.68754933821221e-20,3.07402855340165e-19,RNPS1,RNPS1,1.04609403122288,-0.77562367443109,TRUE
1011.07786360459,4.31052242110713,0.200907526936911,21.4552559917813,4.07859658821948e-102,3.32239928953491e-99,SKA3,SKA3,4.31052242110713,-0.775257079717253,TRUE
5106.03491050455,2.06172140792679,0.137098341003232,15.0382666401352,4.12202501844855e-51,4.9744826924027e-49,TUBA1C,TUBA1C,2.06172140792679,-0.774657970403341,TRUE
3207.22448469199,1.65351519388186,0.175643483572561,9.41404235585413,4.77414402990166e-21,9.21151831439279e-20,RRP1,RRP1,1.65351519388186,-0.769274396419851,TRUE
2725.75813285351,1.4337179572434,0.15347615699252,9.3416331587797,9.48594634677033e-21,1.79051530355729e-19,INTS13,INTS13,1.4337179572434,-0.767639764652766,FALSE
2147.76355315974,1.29615707607695,0.142571932709964,9.09124994969203,9.79069078140016e-20,1.66371536244301e-18,TSEN54,TSEN54,1.29615707607695,-0.764763229074114,TRUE
1254.93135674143,1.68734697473483,0.1819113169557,9.27565696831131,1.76527765794943e-20,3.2021915594828e-19,BARD1,BARD1,1.68734697473483,-0.761233754043223,TRUE
5665.73646044477,1.17731291626739,0.123249892243558,9.55224296619151,1.2691818748006e-21,2.58265136068909e-20,SRPRB,SRPRB,1.17731291626739,-0.756403069946478,TRUE
7923.10138258462,1.39881584593375,0.140097200298721,9.98460956358255,1.7800045450997e-23,4.29623874788092e-22,SMS,SMS,1.39881584593375,-0.754667200686229,FALSE
2630.2599912723,1.18977107597164,0.206311266783177,5.76687397892831,8.07553909900933e-09,3.86886744521e-08,ROMO1,ROMO1,1.18977107597164,-0.751135376614435,TRUE
6586.8391340733,1.27273586191252,0.142141429304553,8.95401058044482,3.42795964090748e-19,5.53634597023143e-18,PPP4C,PPP4C,1.27273586191252,-0.750244242133601,TRUE
1852.44670466389,1.89186478228667,0.187833559029775,10.0720275549204,7.3448082495665e-24,1.83388042760009e-22,NFKBIE,NFKBIE,1.89186478228667,-0.746835972326807,FALSE
3674.87515196042,1.04864987084407,0.157920294305244,6.64037434490294,3.12887474547689e-11,2.05338313168042e-10,TAF2,TAF2,1.04864987084407,-0.746300527686987,TRUE
45.3027708684275,1.9346230406826,0.276594477635117,6.99443841837925,2.66323528728565e-12,1.98123727835831e-11,H2AC20,H2AC20,1.9346230406826,-0.743459233869177,TRUE
1158.46440558231,3.60052115786482,0.206278804325442,17.4546346127949,3.17402099465088e-68,7.19453958848388e-66,KNL1,KNL1,3.60052115786482,-0.743453061460626,TRUE
933.157121849268,4.69273453481328,0.20565682227113,22.8182779593207,3.01957621318812e-115,7.15557210447043e-112,CENPA,CENPA,4.69273453481328,-0.73063383707577,TRUE
3552.80719828869,1.07545311344884,0.138999295279167,7.73711198527223,1.0170047610187e-14,1.00341646879162e-13,MRTO4,MRTO4,1.07545311344884,-0.729127123777742,TRUE
1427.53890849102,1.52027209960995,0.135471720554659,11.2220623860503,3.17771921371222e-29,1.21635252193592e-27,MASTL,MASTL,1.52027209960995,-0.729039060110317,TRUE
913.437416905598,2.21990037057998,0.203194787401715,10.9249868019068,8.75531291097221e-28,2.98332995621324e-26,BRCA2,BRCA2,2.21990037057998,-0.728320381251386,FALSE
681.165357312356,1.4112289976466,0.133529002843198,10.5687076784644,4.16190061063278e-26,1.2675303483164e-24,CENPH,CENPH,1.4112289976466,-0.72279849379137,TRUE
84.6949236135178,3.04277842194849,0.18641628814112,16.3224922687284,6.8289737857035e-60,1.16346967105839e-57,OIP5,OIP5,3.04277842194849,-0.721992734397251,TRUE
26996.0599614919,1.17349096556192,0.123401811942625,9.50951162781571,1.91559720603916e-21,3.82928469093733e-20,RPN1,RPN1,1.17349096556192,-0.720988149279941,TRUE
34578.1626004145,1.69196734673357,0.161320140758704,10.4882585570288,9.78145417937473e-26,2.89742234197456e-24,TPI1,TPI1,1.69196734673357,-0.718180512307474,TRUE
6841.28359477469,1.3350157526136,0.174308587570382,7.65892129138246,1.87501260196303e-14,1.79032796686338e-13,USP1,USP1,1.3350157526136,-0.717897103131053,FALSE
601.578874912677,1.43034014330812,0.17847597906971,8.01418852421283,1.10866542338429e-15,1.22196962331324e-14,RPP40,RPP40,1.43034014330812,-0.717846800302892,TRUE
1262.65459048134,1.85526114533364,0.266660085996475,6.95740098635598,3.46607383261195e-12,2.54866421987858e-11,H2BC5,H2BC5,1.85526114533364,-0.717708418174461,TRUE
2323.36779027755,4.27197648847305,0.206898686880239,20.6476732785927,1.02435876106479e-94,6.0686272328809e-92,PTTG1,PTTG1,4.27197648847305,-0.712356721685777,TRUE
678.325560232583,2.26373904713253,0.156601375976997,14.4554224572397,2.31703774185658e-47,2.42563143843274e-45,CENPN,CENPN,2.26373904713253,-0.708103509138806,TRUE
16708.8918004836,1.23507068219757,0.145221268525364,8.50475067969712,1.81986261168484e-17,2.45667315892225e-16,EIF5A,EIF5A,1.23507068219757,-0.707200508248159,TRUE
398.761163543971,1.4436660786273,0.160543176425199,8.99238516873336,2.41922209910412e-19,3.9636620023474e-18,BORA,BORA,1.4436660786273,-0.704234094377536,TRUE
746.035013011823,1.43543565416391,0.12942453583254,11.0909082650386,1.38870533794672e-28,5.06285063556044e-27,HAUS8,HAUS8,1.43543565416391,-0.695617427665644,TRUE
2021.93846615137,1.60455032149419,0.190754730462172,8.41158862800723,4.04494364980163e-17,5.2079465421791e-16,DDX11,DDX11,1.60455032149419,-0.693470594018309,TRUE
6173.15382256037,1.63497336868499,0.134224279428687,12.180906283454,3.92891556520833e-34,2.10297827594016e-32,XPO5,XPO5,1.63497336868499,-0.689741688556744,TRUE
90961.2941275947,1.36524386367621,0.164755858391626,8.28646627199756,1.16662757859876e-16,1.43581119411397e-15,ENO1,ENO1,1.36524386367621,-0.687045428314054,FALSE
7938.48109562767,1.0147689482749,0.12099470192501,8.38688745978182,4.99182454563171e-17,6.35671179438114e-16,PDAP1,PDAP1,1.0147689482749,-0.682046209218468,TRUE
9.66109266977525,3.0014359710873,0.353329277968791,8.49472760463514,1.9839765012889e-17,2.65893652746004e-16,H2BC13,H2BC13,3.0014359710873,-0.675269765119428,TRUE
1749.54502160873,1.01411529560735,0.117498654941966,8.63086727340188,6.08885069775665e-18,8.59329026196116e-17,PDCL3,PDCL3,1.01411529560735,-0.672389458041228,FALSE
5012.81596977998,1.14189599972035,0.251428676668116,4.54162991609603,5.58209696393926e-06,1.79906678485416e-05,CDK6,CDK6,1.14189599972035,-0.670896215220772,FALSE
2335.31880477053,1.11745431684451,0.137735464927653,8.11304711848519,4.93659177067964e-16,5.65635770049697e-15,TIMM44,TIMM44,1.11745431684451,-0.670005320461624,TRUE
921.513341069619,2.53850337556777,0.166902588010399,15.2094907923752,3.05913339109106e-52,3.77926209031141e-50,PLK4,PLK4,2.53850337556777,-0.66574059434046,TRUE
2770.34457344047,3.06917621959045,0.257805395724014,11.9050115726673,1.11447843611042e-32,5.40989001752148e-31,SLC16A3,SLC16A3,3.06917621959045,-0.662657614412258,FALSE
1717.65063225363,1.05780879309264,0.129539204007948,8.16593556517247,3.18953499857542e-16,3.72164766373614e-15,RNF8,RNF8,1.05780879309264,-0.661686804243263,TRUE
3485.28954496908,1.36160617037288,0.132270653686529,10.2940911866949,7.49237144123402e-25,2.05582785640681e-23,FAM136A,FAM136A,1.36160617037288,-0.660976719524453,TRUE
25.6755785416116,1.40948904205738,0.340695031074947,4.13709891104141,3.51724519312836e-05,9.96132447297662e-05,CD177,CD177,1.40948904205738,-0.657940135933098,FALSE
3166.61643116029,2.34050105017456,0.145577447855736,16.0773600901009,3.67718018769975e-58,5.84469853370545e-56,FEN1,FEN1,2.34050105017456,-0.6578910251617,TRUE
2705.60105789674,1.11544395865291,0.147416280071325,7.56662668541916,3.83040623908299e-14,3.53942571549721e-13,NCAPD3,NCAPD3,1.11544395865291,-0.655000960502325,TRUE
3624.48962697232,1.15528252616029,0.129162112226419,8.9444381656991,3.73846600903777e-19,6.01918427780034e-18,ELOC,ELOC,1.15528252616029,-0.64691181176802,TRUE
4350.95553520651,1.4595987968874,0.146063203962608,9.9929260572776,1.6367747966444e-23,3.95786721930702e-22,MRPL15,MRPL15,1.4595987968874,-0.643689383889507,FALSE
9668.42907667423,1.03398530668263,0.118040923579321,8.75954944547528,1.96032338729618e-18,2.91665238222885e-17,NOLC1,NOLC1,1.03398530668263,-0.643234241591084,TRUE
2789.17751311369,4.61141518709644,0.201383529872057,22.8986709589715,4.79002964842657e-116,1.38735225383928e-112,KIF20A,KIF20A,4.61141518709644,-0.639701193980228,TRUE
8689.7270350819,1.10670411855926,0.133622886782523,8.28229463684965,1.20824203007812e-16,1.48422455221708e-15,CYCS,CYCS,1.10670411855926,-0.634639036605898,FALSE
28275.3308193224,1.00452296332771,0.120075886052368,8.36573433977919,5.97416662491828e-17,7.55230850687415e-16,RPN2,RPN2,1.00452296332771,-0.629628473604492,TRUE
1601.58818068975,1.29568919634567,0.171154430959088,7.57029303352005,3.72383270068383e-14,3.4446113203948e-13,EXOSC5,EXOSC5,1.29568919634567,-0.625469488869827,TRUE
1096.36280847632,1.06136952634219,0.230172848842836,4.61118473216142,4.00380529414496e-06,1.3187901146112e-05,BRCA1,BRCA1,1.06136952634219,-0.614347212210979,FALSE
5172.05453432239,1.22540394945985,0.0954749369865722,12.8348233383196,1.04641393080994e-37,6.90553719858805e-36,NUP62,NUP62,1.22540394945985,-0.614161827391202,TRUE
6596.74081537305,2.36230512900058,0.18884088119156,12.5095006658238,6.62393006793099e-36,4.02484813708059e-34,PPP1R14B,PPP1R14B,2.36230512900058,-0.613712951345531,TRUE
1296.34015480351,1.67599955524355,0.131850223803492,12.7113895365201,5.11179572609426e-37,3.25792614161611e-35,MIS18A,MIS18A,1.67599955524355,-0.60926062373926,TRUE
5721.22566306002,1.45262744279378,0.131191137210561,11.0726034828277,1.70377598748507e-28,6.15982367070364e-27,UBQLN4,UBQLN4,1.45262744279378,-0.608114202767679,TRUE
1891.87970715283,1.029865055132,0.156025620920222,6.60061500834266,4.0945559942053e-11,2.64517450064311e-10,MRPL4,MRPL4,1.029865055132,-0.60575045690623,FALSE
612.476063509786,1.55087455954958,0.163151940787974,9.50570708542806,1.98693508107168e-21,3.95974287142931e-20,ATAD5,ATAD5,1.55087455954958,-0.605159422925891,FALSE
696.66677956473,1.53556327054086,0.218395128275128,7.03112419525401,2.04876034076903e-12,1.54842086989928e-11,EPOP,EPOP,1.53556327054086,-0.598323352213147,TRUE
409.7962755434,1.39439181709695,0.153662396476854,9.07438546493701,1.14320783718535e-19,1.92880250433078e-18,FAAP24,FAAP24,1.39439181709695,-0.597568549328922,FALSE
2986.43718084341,1.70111330970568,0.160445553141462,10.6024335134164,2.90325668445342e-26,8.96672890919992e-25,CKS1B,CKS1B,1.70111330970568,-0.595978652665426,TRUE
10948.7526155538,1.99093220635973,0.145461438444025,13.6870103008493,1.21402491159848e-42,1.05839422644273e-40,H2AZ1,H2AZ1,1.99093220635973,-0.595229195188656,TRUE
8221.79733328721,1.27912341287298,0.164319754763537,7.78435565896314,7.00693886261975e-15,7.0904454709592e-14,CYC1,CYC1,1.27912341287298,-0.590482908964312,FALSE
5933.94258303336,1.06576295135406,0.172464481585335,6.17960835504978,6.42608166263179e-10,3.5339382004182e-09,FBLIM1,FBLIM1,1.06576295135406,-0.574418404826289,FALSE
2258.39107336755,1.67702894934711,0.176879553357388,9.48119167826393,2.51395461320992e-21,4.9644890077684e-20,MRPS12,MRPS12,1.67702894934711,-0.558436283222575,FALSE
4857.3081568113,4.72647267002077,0.217958698139481,21.6851757253391,2.83173886938378e-104,2.63624775386525e-101,ANLN,ANLN,4.72647267002077,-0.551914567724093,TRUE
4339.12856858834,1.01189491479033,0.150421281380971,6.72707282839531,1.73110109970787e-11,1.16825867829279e-10,HS6ST1,HS6ST1,1.01189491479033,-0.551147479569225,FALSE
4645.68933284462,1.1643675224894,0.134189244331157,8.67705551434462,4.06146885935102e-18,5.85242171126054e-17,TCOF1,TCOF1,1.1643675224894,-0.550852635703038,FALSE
1649.25866771154,1.71437890788871,0.126144351947268,13.590611719226,4.55259413592059e-42,3.82814423680781e-40,BAK1,BAK1,1.71437890788871,-0.548080353393504,FALSE
10120.272590081,1.11375072326672,0.117345604776843,9.49120101587738,2.28387511407699e-21,4.5238429026326e-20,DAP3,DAP3,1.11375072326672,-0.543896366730466,TRUE
1628.75973850436,4.77480082998573,0.190981110185898,25.0014298552251,5.8983791441235e-138,1.53753049149867e-133,HJURP,HJURP,4.77480082998573,-0.543487201212436,TRUE
1621.17583816346,1.51106298067704,0.125383073102855,12.0515707844988,1.90288671639657e-33,9.76428110950973e-32,MRGBP,MRGBP,1.51106298067704,-0.541512891055791,TRUE
5420.42123225311,1.36150777098933,0.175164020298841,7.7727593181894,7.67945743878734e-15,7.71705539926252e-14,SLC7A1,SLC7A1,1.36150777098933,-0.536826758321801,FALSE
827.934741012335,4.90505221744839,1.32995384137786,3.68813718554822,0.000225901851360832,0.000559857725748508,SMR3B,SMR3B,4.90505221744839,-0.536197310239007,FALSE
4818.00704605275,1.0614226418458,0.120757224321636,8.78972374372167,1.49928175368641e-18,2.25775721971945e-17,TIPRL,TIPRL,1.0614226418458,-0.533153239337527,FALSE
355.165993213401,1.0391721216672,0.19496418585292,5.33006673569856,9.81766833183547e-08,4.06863530057163e-07,GFER,GFER,1.0391721216672,-0.530011851207107,TRUE
2066.79858408477,1.51833775148891,0.146423907080989,10.3694661736426,3.41426721700659e-25,9.6111990870098e-24,POP7,POP7,1.51833775148891,-0.526028947917456,TRUE
7535.99777591436,1.01970544195169,0.18215828057024,5.59790880084912,2.16952821579936e-08,9.84559401135828e-08,COX6C,COX6C,1.01970544195169,-0.523383694026829,FALSE
2155.29513563701,1.3757764193278,0.178080779543079,7.72557500510595,1.11349552579949e-14,1.09406286735828e-13,CACNB3,CACNB3,1.3757764193278,-0.517998757990963,FALSE
3780.50996740559,1.1040413347538,0.133057046014743,8.29750372356437,1.06321768667955e-16,1.31350215349175e-15,TSEN34,TSEN34,1.1040413347538,-0.517297660148152,FALSE
957.510925158113,2.02521189398877,0.140181758557183,14.4470430021225,2.61681363948747e-47,2.7284992456208e-45,CENPL,CENPL,2.02521189398877,-0.51688049219025,TRUE
3339.05111818406,2.57030490193714,0.188629032939218,13.6262422697431,2.79611438729918e-42,2.3975761096621e-40,H2AX,H2AX,2.57030490193714,-0.515869354236694,TRUE
4372.30501115915,1.18647865223885,0.125541728247648,9.45087078854266,3.36023486252513e-21,6.57591908118939e-20,YEATS2,YEATS2,1.18647865223885,-0.509364594979415,TRUE
4580.01021192157,1.20422864465878,0.189943980775099,6.33991474615155,2.29892339082033e-10,1.34998954783766e-09,DRAP1,DRAP1,1.20422864465878,-0.507038126873914,FALSE
8290.98485246166,1.15343323585015,0.121967078259885,9.45692273936766,3.17138938057572e-21,6.22036169928271e-20,PPP1CA,PPP1CA,1.15343323585015,-0.504469702596654,TRUE
1205.05160691115,3.22863858050874,0.209351935107825,15.4220622744464,1.16329427859002e-53,1.52379859095508e-51,RMI2,RMI2,3.22863858050874,-0.500778390156163,FALSE
626.221435370851,1.21531734712268,0.140831008470547,8.62961474409133,6.15589677783529e-18,8.68321219198228e-17,SASS6,SASS6,1.21531734712268,-0.499138937524826,TRUE
1262.19341974115,1.70109279480834,0.263534675337318,6.45491069678396,1.08282736874648e-10,6.61962031452027e-10,APOC1,APOC1,1.70109279480834,-0.496166254491223,FALSE
1211.65515878304,1.88471977230526,0.293578738161497,6.41981018144603,1.36444371357253e-10,8.24454202171884e-10,HOXC10,HOXC10,1.88471977230526,-0.493209959701241,FALSE
536.187855169437,1.94911089471049,0.151101197299447,12.8993742574244,4.53766767304985e-38,3.06433635319664e-36,PDSS1,PDSS1,1.94911089471049,-0.492809156019182,FALSE
1390.32512284167,2.04235635329101,0.156474547259293,13.0523231353828,6.16387384285382e-39,4.37802995808366e-37,FANCD2,FANCD2,2.04235635329101,-0.49084216494907,FALSE
3837.83513246989,1.0296985356807,0.141449311090571,7.27962920244538,3.34738946509174e-13,2.77798157231921e-12,SNRPA,SNRPA,1.0296985356807,-0.490719395174846,FALSE
1872.34655159483,1.46572303431024,0.157164984685738,9.32601518869521,1.09926145976012e-20,2.05998910651094e-19,CCDC137,CCDC137,1.46572303431024,-0.490582581472559,FALSE
1124.64073066427,1.09979603607292,0.155062331940363,7.09260606564269,1.31609698780082e-12,1.01770098430744e-11,RPL26L1,RPL26L1,1.09979603607292,-0.483617600777569,FALSE
871.36350148212,4.61577557682115,0.209328152356193,22.0504290744751,9.4622409180251e-108,1.121146518228e-104,SKA1,SKA1,4.61577557682115,-0.482046878235476,TRUE
1956.80648606534,1.0827150798766,0.122391971506051,8.84629168526041,9.04755845340699e-19,1.40132326919168e-17,CDK2,CDK2,1.0827150798766,-0.481802456000568,TRUE
42.7197968151067,1.08545197975984,0.378426453690803,2.86833007886578,0.00412644784561312,0.00807606664880162,TNNT2,TNNT2,1.08545197975984,-0.480628034514369,FALSE
4077.89658205407,2.39548753720938,0.181713209416609,13.1827925162959,1.10233641920637e-39,8.25706995386561e-38,ECT2,ECT2,2.39548753720938,-0.477883231006599,TRUE
20.1326448738077,1.1727815264091,0.350888794307347,3.34231684065079,0.000830821661601564,0.00185546849322892,GGT1,GGT1,1.1727815264091,-0.477122823008164,FALSE
3487.19191992442,1.15588857406232,0.139705246573143,8.27376639328392,1.29792344746616e-16,1.59064271298074e-15,MRPL17,MRPL17,1.15588857406232,-0.472077541590106,FALSE
339.416361834617,2.77949033564879,0.361196387934731,7.69523292173966,1.4123665130677e-14,1.37271282237642e-13,SLC6A17,SLC6A17,2.77949033564879,-0.46851235219413,FALSE
1692.85801353194,1.17019550478081,0.197519654467321,5.92445095115543,3.13342514435164e-09,1.58507652314796e-08,BMF,BMF,1.17019550478081,-0.462612979649372,FALSE
1262.82255889105,1.15181983241034,0.133656250641545,8.61777752167708,6.82661569045758e-18,9.58779047430806e-17,VRK1,VRK1,1.15181983241034,-0.455622042086017,FALSE
2238.62328108483,1.37318562424831,0.134748902899757,10.1906998476259,2.18187787059823e-24,5.71608145255115e-23,ZC3H3,ZC3H3,1.37318562424831,-0.4529795433817,FALSE
4611.60064890099,1.44231621139094,0.132352731987423,10.8975174877992,1.18444834025161e-27,3.99935425975891e-26,VPS72,VPS72,1.44231621139094,-0.450452551486315,TRUE
3391.72676428482,1.23261695930582,0.236673070531365,5.20809974932263,1.90784361146494e-07,7.61046215025436e-07,LGALS9,LGALS9,1.23261695930582,-0.449886466605643,FALSE
1694.84311718204,1.03403732656019,0.131927883531934,7.83789824317078,4.58150039296586e-15,4.71108365851838e-14,TFB2M,TFB2M,1.03403732656019,-0.448760577506929,TRUE
1582.87860355385,1.08313097905618,0.173797962743,6.23212701668916,4.60144138699182e-10,2.5839244427987e-09,GMNN,GMNN,1.08313097905618,-0.447480706559302,FALSE
34.3246242808564,1.03468591142042,0.420608789501595,2.45997215761107,0.0138947794641314,0.0243508952730613,MCIDAS,MCIDAS,1.03468591142042,-0.446358618767142,FALSE
245.351571046286,1.2853232850501,0.37295226978125,3.4463479356326,0.000568218254278455,0.00131065792711056,NWD1,NWD1,1.2853232850501,-0.443908624375173,FALSE
6077.66751038293,1.29459638284829,0.111944978480645,11.5645775310245,6.22971558377547e-31,2.67528823924671e-29,PRCC,PRCC,1.29459638284829,-0.442562537829779,FALSE
3382.84202066333,1.02179116683043,0.281140399482834,3.63445157191938,0.000278572575219482,0.000679348051103586,CITED4,CITED4,1.02179116683043,-0.441850053133688,FALSE
12626.7080233231,2.78198178971335,0.154057210386751,18.0581083009964,6.81171896989415e-73,1.69105788941172e-70,KPNA2,KPNA2,2.78198178971335,-0.437027219398476,FALSE
2286.82157966461,1.22296498712856,0.121239407655181,10.0871903845556,6.29453788197407e-24,1.58435293974977e-22,PPIL1,PPIL1,1.22296498712856,-0.4366967031368,TRUE
3382.44742097333,1.13954347873454,0.148552289830613,7.67099234911769,1.70670728651628e-14,1.63621694879073e-13,CMAS,CMAS,1.13954347873454,-0.432899113044806,FALSE
1318.72049013915,1.19622986296361,0.130148308489671,9.19128244420131,3.88185365730547e-20,6.79572056984431e-19,FANCC,FANCC,1.19622986296361,-0.432885366171133,FALSE
6774.21748732829,1.29680036360155,0.132074809475856,9.81868055496697,9.35600631416581e-23,2.11337102765477e-21,CACYBP,CACYBP,1.29680036360155,-0.431534651948335,FALSE
873.552287797949,3.88669729017292,0.292923069772755,13.2686622913933,3.51804819525043e-40,2.71316456525423e-38,RCOR2,RCOR2,3.88669729017292,-0.430763133332859,FALSE
6508.67344787991,1.14982660251207,0.133128126123886,8.63699231702594,5.77122637611162e-18,8.16713126743223e-17,MRPL3,MRPL3,1.14982660251207,-0.429174059131726,FALSE
4108.84774299259,1.00888459267594,0.132486187570839,7.61501716649892,2.63656425110233e-14,2.48202673649275e-13,SLC20A1,SLC20A1,1.00888459267594,-0.429121227096638,FALSE
2720.60017849044,1.10088461439397,0.117140961105942,9.39794760091078,5.56377223533317e-21,1.06640331513551e-19,DPY30,DPY30,1.10088461439397,-0.428708683102523,FALSE
3930.6412404493,1.29455941844119,0.158556990196272,8.16463163710852,3.22417565177819e-16,3.75923629036678e-15,NDC1,NDC1,1.29455941844119,-0.420045912322673,FALSE
78.1916800695747,3.68455727246467,0.415009950318397,8.87823838835156,6.79275380187762e-19,1.06651054932406e-17,H3C8,H3C8,3.68455727246467,-0.419626341775678,TRUE
2342.551048464,1.14283574360706,0.244240513567815,4.67914076543955,2.8807961853018e-06,9.69326373593159e-06,H2BC21,H2BC21,1.14283574360706,-0.418373475650916,TRUE
3798.99560149048,1.52393327222121,0.256272459931953,5.94653546708004,2.73877214376896e-09,1.39764239372799e-08,CXADR,CXADR,1.52393327222121,-0.417817766795276,FALSE
55.3964744286726,3.31271027373557,0.287475163280985,11.5234660132975,1.00485935029831e-30,4.2384577158942e-29,RDM1,RDM1,3.31271027373557,-0.412392088288636,FALSE
3319.09143953409,1.10801565170396,0.122604703263596,9.03730136128433,1.60587184932673e-19,2.68507129547145e-18,SMC6,SMC6,1.10801565170396,-0.411641715785617,TRUE
1110.17324212946,1.29525215991794,0.14817041746821,8.74163805468007,2.29754546353974e-18,3.40284759080059e-17,RMI1,RMI1,1.29525215991794,-0.409195857742878,TRUE
13.9785860200184,2.06449185217224,0.32861588747045,6.28238600410908,3.33415741144613e-10,1.91224381175283e-09,CEND1,CEND1,2.06449185217224,-0.408231276966245,FALSE
2240.1856828643,1.16223423921082,0.177016986999369,6.56566501843669,5.18011504631097e-11,3.30146843306083e-10,MRPL55,MRPL55,1.16223423921082,-0.408036061072341,FALSE
4733.31292964443,1.35747862847913,0.139744730213046,9.71398797228057,2.62847070254686e-22,5.72400549735078e-21,SRC,SRC,1.35747862847913,-0.407845368283565,FALSE
1336.55129596476,1.57385279181784,0.16190637368157,9.72075870782721,2.45942035960629e-22,5.37833141894774e-21,COA6,COA6,1.57385279181784,-0.406744602190383,FALSE
2884.13726756699,1.2400405568157,0.136259377354817,9.10058875130961,8.98434631517931e-20,1.5336932246089e-18,ADRM1,ADRM1,1.2400405568157,-0.405714152187883,FALSE
1027.55554913484,1.17025234215427,0.172413760138827,6.78746488222276,1.14121025192526e-11,7.88024573163863e-11,SLC29A2,SLC29A2,1.17025234215427,-0.4043742215952,FALSE
311.976931832912,2.4672539558953,0.360399678922295,6.84588278012105,7.60056971762692e-12,5.37358423730353e-11,H2AC8,H2AC8,2.4672539558953,-0.403733789756112,FALSE
1428.63566306904,3.12837019241267,0.170250081787696,18.3751464878224,2.07746274227751e-75,5.52583890846408e-73,ARHGAP11A,ARHGAP11A,3.12837019241267,-0.403360124285072,FALSE
41971.7990404048,1.2508265403042,0.117916716625542,10.6077117485924,2.74386581304131e-26,8.50467897128987e-25,ARF1,ARF1,1.2508265403042,-0.402698183353822,FALSE
11915.5294054324,1.20643984631181,0.212021676089818,5.69017219635942,1.26911324545208e-08,5.92973202530911e-08,SPINT1,SPINT1,1.20643984631181,-0.402027497146272,FALSE
3601.11807422933,1.34088003513391,0.133084659600354,10.0753914024389,7.09776279756915e-24,1.77730435008871e-22,RFWD3,RFWD3,1.34088003513391,-0.401218130568415,FALSE
713.61830842037,2.98452936012171,0.182666089679375,16.3387159891598,5.23436278426543e-60,8.97658780904256e-58,XRCC2,XRCC2,2.98452936012171,-0.398554494014841,FALSE
8478.21645048777,1.35389546826228,0.166765392271875,8.11856374885648,4.71732903811691e-16,5.41464623675005e-15,NDUFB9,NDUFB9,1.35389546826228,-0.398326877713564,TRUE
11825.3996139443,1.06421367583546,0.110316746231781,9.64689144837081,5.06683629756876e-22,1.06945118841073e-20,KHSRP,KHSRP,1.06421367583546,-0.39806317223303,FALSE
1699.94873087338,3.29690704544987,0.367384063478737,8.97400669542294,2.85919901378371e-19,4.65526175467208e-18,IL12RB2,IL12RB2,3.29690704544987,-0.39794638020907,FALSE
2109.44682871234,3.35454445662916,0.184316119809004,18.1999515837534,5.16534165120335e-74,1.30723262933901e-71,SPAG5,SPAG5,3.35454445662916,-0.397011481828792,TRUE
225.540328069437,1.07674697941803,0.168483667009897,6.39080926078593,1.6501010949873e-10,9.85862600115378e-10,PSMC3IP,PSMC3IP,1.07674697941803,-0.395225982135419,FALSE
1793.95383884852,1.10489935850272,0.134815059991278,8.19566715005133,2.49207055633067e-16,2.94606817196697e-15,KLC2,KLC2,1.10489935850272,-0.394310086430653,FALSE
1988.04333048671,3.83309433821243,0.190748638171489,20.0950023809154,8.16106157851139e-90,3.93952578087142e-87,ASF1B,ASF1B,3.83309433821243,-0.393868468284534,FALSE
200.589919371909,1.0512113548555,0.225430804536632,4.66312204765558,3.11447915773064e-06,1.04270650147142e-05,GPR137C,GPR137C,1.0512113548555,-0.393319134822837,FALSE
2230.38379579107,1.03717614964715,0.0983051825057058,10.5505744784813,5.04874473408214e-26,1.52497831962131e-24,CIAO2A,CIAO2A,1.03717614964715,-0.391480767531003,FALSE
369.089170686656,1.40777636157299,0.19256338210328,7.31071684655985,2.65720949894221e-13,2.23581278272842e-12,GNB1L,GNB1L,1.40777636157299,-0.391151585657842,FALSE
14191.2562856153,1.03596173192637,0.174679737533731,5.93063480946851,3.01765705345472e-09,1.53007715254628e-08,CHCHD2,CHCHD2,1.03596173192637,-0.390515456844047,FALSE
2854.53085281423,1.01028857206068,0.137476569870977,7.34880549470239,1.99985949739003e-13,1.70583565178227e-12,FAAP100,FAAP100,1.01028857206068,-0.388933866456331,FALSE
137.538893352795,3.48883033070341,0.497981923184327,7.00593770230496,2.45337068849135e-12,1.83664600048547e-11,LCT,LCT,3.48883033070341,-0.387692560509633,FALSE
4600.71822786501,1.11500267709748,0.105207965197669,10.5980823315284,3.04152863624805e-26,9.36051085727011e-25,CNOT9,CNOT9,1.11500267709748,-0.387095702548391,FALSE
25.1298721531477,2.03385554853346,0.435181568781237,4.67357924700132,2.95995418229327e-06,9.94292856570088e-06,SLC5A5,SLC5A5,2.03385554853346,-0.38591361915604,FALSE
297.130490840078,2.03862081597993,0.387971617861405,5.25456173113204,1.4837737357582e-07,6.01516795801074e-07,HRK,HRK,2.03862081597993,-0.384280007847823,FALSE
817.280378628917,1.19478185640497,0.202335550546026,5.90495270445909,3.52747933554896e-09,1.77751408930514e-08,USP18,USP18,1.19478185640497,-0.384031581346801,FALSE
51.5291074916581,3.88329701190793,0.551347300277414,7.04328652730145,1.87757569107539e-12,1.42565585608105e-11,C12orf56,C12ORF56,3.88329701190793,-0.383706280805331,FALSE
440.131970496186,1.81725294044384,0.145098639371841,12.5242590027795,5.50026375792514e-36,3.36561914032476e-34,POLR1G,POLR1G,1.81725294044384,-0.38361723068019,FALSE
313.569727732139,2.73019769634149,0.333226717805478,8.19321366042217,2.54342088302989e-16,3.00268805063135e-15,CRACD,CRACD,2.73019769634149,-0.383150925681769,FALSE
5950.91851540698,2.08707638287355,0.161484168807812,12.924340499021,3.2809779709124e-38,2.23888096250716e-36,MTHFD2,MTHFD2,2.08707638287355,-0.380245043460719,FALSE
1748.72900270774,1.10279882511723,0.227421150549333,4.8491480341799,1.2399286488731e-06,4.41305571957606e-06,FERMT3,FERMT3,1.10279882511723,-0.379766413528249,FALSE
6452.66164127685,2.07252779621439,0.193059637793396,10.7351687794645,6.9591687350647e-27,2.22582394376603e-25,CDC25B,CDC25B,2.07252779621439,-0.37908013547459,FALSE
1014.85051031137,2.73364503833536,0.175606925510697,15.5668407176164,1.22300472025994e-54,1.63487507912902e-52,CIP2A,CIP2A,2.73364503833536,-0.377154425641518,FALSE
1782.07019908511,3.24525985003932,0.187306097800598,17.3259700999919,2.99600415560544e-67,6.61837629865822e-65,STIL,STIL,3.24525985003932,-0.375995715931907,TRUE
771.277334277045,1.19688084002071,0.209532162039077,5.71215811631578,1.11552366618706e-08,5.25354207886144e-08,DOHH,DOHH,1.19688084002071,-0.375992728774268,FALSE
28.707177195452,2.63516912808989,0.263148596069268,10.0139965306759,1.32297616636653e-23,3.22299249800714e-22,MYLK2,MYLK2,2.63516912808989,-0.375915262869309,FALSE
191.365645702063,1.19972875483386,0.341885492766808,3.50915373777548,0.000449534977456134,0.00105653487127843,EIF5AL1,EIF5AL1,1.19972875483386,-0.374846313296908,FALSE
1476.06059479175,1.16202593853975,0.206439137959064,5.62890326915711,1.81359063809322e-08,8.30549317694588e-08,DPM3,DPM3,1.16202593853975,-0.373148906751587,FALSE
2568.17630516628,1.27584778078877,0.212576679099336,6.00182384161046,1.95113323004572e-09,1.01335305653719e-08,ABHD11,ABHD11,1.27584778078877,-0.372157427818354,FALSE
26.9111698123411,1.03632915925145,0.206445070951936,5.01987843290639,5.1704190337198e-07,1.9462427863101e-06,EMC6,EMC6,1.03632915925145,-0.371543740965045,FALSE
1166.16084338626,4.56270837346584,0.201211414396794,22.6761905488525,7.69714498164001e-114,1.43315341597436e-110,TROAP,TROAP,4.56270837346584,-0.371488819314921,FALSE
18.9507575472663,2.36697654987756,0.430198693785549,5.50205424625831,3.75391406860915e-08,1.64902726704474e-07,IL31RA,IL31RA,2.36697654987756,-0.371269184835444,FALSE
8455.25815870861,1.69476738395946,0.154652686221064,10.9585382922927,6.04681145620595e-28,2.09325676266827e-26,DNMT1,DNMT1,1.69476738395946,-0.37094647865944,TRUE
2457.83258704441,1.07962158824127,0.116514119627783,9.26601506916277,1.93230497809162e-20,3.48577120165497e-19,COA7,COA7,1.07962158824127,-0.369423418030996,FALSE
403.496859648622,2.32824952703074,0.299712007380105,7.76828912322481,7.95533114494448e-15,7.9727649732898e-14,MRPL12,MRPL12,2.32824952703074,-0.369394297977792,FALSE
69.4837067026065,2.67479280609445,0.373758471589992,7.15647405854298,8.27785360063944e-13,6.57862225023988e-12,IGFL2,IGFL2,2.67479280609445,-0.369183937147785,FALSE
3086.4538110409,1.06927965266877,0.161569198956045,6.6180909454139,3.63867158460244e-11,2.36649830827923e-10,BRMS1,BRMS1,1.06927965266877,-0.368922294076034,FALSE
1492.15335785272,1.43432941969745,0.21408646510727,6.69976693285478,2.08752215090751e-11,1.39741756311521e-10,CEP131,CEP131,1.43432941969745,-0.368316379788555,FALSE
839.85412966131,2.49133466620972,0.275568192911221,9.04071924952652,1.55644301557981e-19,2.60409499917323e-18,EFNA3,EFNA3,2.49133466620972,-0.368292865213261,FALSE
9211.10692434671,1.55316322808465,0.1870951000335,8.30146394965207,1.0283625809253e-16,1.27285505208831e-15,TFDP1,TFDP1,1.55316322808465,-0.368138444145922,FALSE
4012.34135349436,3.02205708676041,0.161043713701598,18.7654458364023,1.44777820679585e-78,4.14716862819203e-76,TACC3,TACC3,3.02205708676041,-0.366838361824813,FALSE
75.306112365403,2.68013792731717,0.248017632228582,10.8062394727124,3.21584202658103e-27,1.04915336804615e-25,B3GNT4,B3GNT4,2.68013792731717,-0.366662633069713,FALSE
5419.04160554979,1.57397788684227,0.134653695143908,11.6890805347757,1.44947302797462e-31,6.55962038545391e-30,RANBP1,RANBP1,1.57397788684227,-0.366055950236734,FALSE
1089.46195379985,1.05839780827737,0.327446313452559,3.23227889518051,0.00122807132822364,0.00265308596989936,RYR1,RYR1,1.05839780827737,-0.365437871688548,FALSE
1398.37064041713,1.00782664223038,0.154975758231746,6.50312444816888,7.86686614445855e-11,4.8906653896399e-10,MRPL36,MRPL36,1.00782664223038,-0.365273218775984,FALSE
355.718687383445,1.08287581746619,0.150397629326338,7.20008568164684,6.01747344476681e-13,4.85927758007238e-12,EEF1E1,EEF1E1,1.08287581746619,-0.364577856910521,FALSE
13862.2467699406,1.02425778123321,0.14787042123405,6.92672525502589,4.3069387006145e-12,3.13337904295055e-11,ATP5F1C,ATP5F1C,1.02425778123321,-0.36376134834685,FALSE
17786.715242656,1.39658267888154,0.118995620964823,11.7364207821933,8.29220360522146e-32,3.80550829889626e-30,PARP1,PARP1,1.39658267888154,-0.363683922988432,FALSE
434.78423129857,1.72263529170753,0.466090564756009,3.6959239726496,0.000219088533028756,0.000544058377675583,ANXA8L1,ANXA8L1,1.72263529170753,-0.362095319220087,FALSE
2515.84721451877,1.47944776409692,0.127373279837186,11.6150558891787,3.45562351208473e-31,1.51391156452962e-29,SCNM1,SCNM1,1.47944776409692,-0.361790992106489,FALSE
3413.51383621672,1.00153684279724,0.168098989351517,5.95801822878837,2.55315044580912e-09,1.30752402103942e-08,ATP5MC1,ATP5MC1,1.00153684279724,-0.360818391567212,FALSE
767.206495286964,1.78856716025573,0.341689570760716,5.23447981240334,1.65450152415017e-07,6.66067818224286e-07,MT1G,MT1G,1.78856716025573,-0.360800752350351,FALSE
38.5741279429601,1.0847065866924,0.262958995548611,4.12500277630501,3.70730284852624e-05,0.000104575547400209,NANOS3,NANOS3,1.0847065866924,-0.360653249682706,FALSE
17793.4376609903,1.69067976629354,0.162053305206835,10.4328619779502,1.75520462265511e-25,5.09497983282302e-24,CDK2AP1,CDK2AP1,1.69067976629354,-0.360489817027088,FALSE
50949.0816269249,1.2381223662372,0.130961314280388,9.45410767325059,3.25788784241497e-21,6.38041791046063e-20,PTMA,PTMA,1.2381223662372,-0.358119965600249,FALSE
8047.71986384619,1.01347171857914,0.159956544490521,6.33591905731121,2.35930631163706e-10,1.38326670322634e-09,CYB561,CYB561,1.01347171857914,-0.356126534072144,FALSE
2140.46047669856,2.56395535170013,0.21018864055681,12.1983535594881,3.17172288969024e-34,1.72568142596828e-32,NFE2L3,NFE2L3,2.56395535170013,-0.355051331846307,FALSE
234.177476511023,2.89392697166626,0.300789848080245,9.62109256724053,6.51355841598855e-22,1.36596079830711e-20,H2AC11,H2AC11,2.89392697166626,-0.353809711318879,TRUE
4488.5214864539,1.42176446926702,0.146893062475924,9.67890821596861,3.70652904707097e-22,7.91951579262287e-21,MANF,MANF,1.42176446926702,-0.353461427708017,FALSE
5180.11288498314,1.14095047187271,0.149168763604876,7.64872245569392,2.02985819117959e-14,1.93110633100286e-13,SIGMAR1,SIGMAR1,1.14095047187271,-0.353066996746036,FALSE
88993.5885348789,1.57284287096894,0.189607380233463,8.29526186708712,1.08346262703878e-16,1.33661241358352e-15,TMSB10,TMSB10,1.57284287096894,-0.352849930928347,FALSE
605.9340082806,1.0758207312757,0.292645685787791,3.67618859092226,0.000236744534957237,0.000584561882422118,TBC1D10C,TBC1D10C,1.0758207312757,-0.350666408718886,FALSE
1260.6731505685,4.74474468125362,0.22379021376718,21.2017523080335,9.20062358039178e-100,6.85236156771636e-97,KIF18B,KIF18B,4.74474468125362,-0.349685637791946,FALSE
207.21487671624,2.72929251465367,0.397402275722722,6.86783312876137,6.51844047014599e-12,4.64378758500398e-11,MYO3B,MYO3B,2.72929251465367,-0.348305558234241,FALSE
933.579080032958,3.54618907930537,0.186844231813762,18.9793875084142,2.52522551643876e-80,8.12654981938385e-78,CDC25A,CDC25A,3.54618907930537,-0.347954649414587,FALSE
506.66614430194,3.32125234749872,0.208791414508527,15.9070350441209,5.66327189161341e-57,8.497178010589e-55,ESCO2,ESCO2,3.32125234749872,-0.347682612439407,FALSE
2144.89359514738,1.39495594504377,0.151434578672378,9.21160779310315,3.21276074781003e-20,5.66240935856416e-19,LIG1,LIG1,1.39495594504377,-0.346696727794577,FALSE
419.804629528991,3.17870023234339,0.352355069593773,9.0212984192567,1.85873005187735e-19,3.08805074966775e-18,HOXC11,HOXC11,3.17870023234339,-0.346684677707767,FALSE
15678.1827471328,1.05406792446684,0.133131519176436,7.91749340041641,2.42346486953344e-15,2.58057429551178e-14,SLC25A5,SLC25A5,1.05406792446684,-0.345892686546507,FALSE
2606.84975992892,1.44552574983742,0.17992462351692,8.03406294025946,9.42967827243402e-16,1.04686296221268e-14,SKP2,SKP2,1.44552574983742,-0.344730529862613,FALSE
2469.44136917299,4.8567688045512,0.201319170098811,24.1247209700269,1.37584988825465e-128,8.96606975928352e-125,KIF4A,KIF4A,4.8567688045512,-0.343378752009783,TRUE
3220.85281516372,3.16538478553866,0.360900861558886,8.77078755607843,1.77420915668024e-18,2.65185264261375e-17,COMP,COMP,3.16538478553866,-0.342660323391748,FALSE
124.081259962949,3.74192571694007,0.579800195278502,6.45381934571903,1.09065816438599e-10,6.66436623793943e-10,HOXD13,HOXD13,3.74192571694007,-0.340609004765889,FALSE
8150.67915850535,1.71084494909514,0.190838176989001,8.96489882731242,3.105658410298e-19,5.03766009839689e-18,MYO10,MYO10,1.71084494909514,-0.339966431331335,FALSE
1002.25696083136,2.08709493065188,0.365629904635863,5.70821725517899,1.14165636615367e-08,5.36401523008791e-08,RFLNA,RFLNA,2.08709493065188,-0.339326708777249,FALSE
2834.13956906599,3.21930929039794,0.187442667282507,17.1749011954995,4.09349174214314e-66,8.53640393939561e-64,ZWINT,ZWINT,3.21930929039794,-0.338880821746051,FALSE
3247.75088248571,1.51870275919982,0.119317591630057,12.7282384638515,4.12030341110958e-37,2.63891766627502e-35,SLC35A2,SLC35A2,1.51870275919982,-0.338797992642348,FALSE
583.863668760651,2.67507658641834,0.329880601250884,8.10922672104584,5.09429152406978e-16,5.82936335197221e-15,H2BC8,H2BC8,2.67507658641834,-0.338312374276988,TRUE
1617.89096804756,1.63116452236216,0.148921900692231,10.9531540678708,6.41733816809659e-28,2.21563912619568e-26,HSPA14,HSPA14,1.63116452236216,-0.336267623841085,FALSE
4.24553694818834,2.0595709732723,0.555813866490631,3.70550484153316,0.000210970099620588,0.000526153615270748,ASCL1,ASCL1,2.0595709732723,-0.336019213828909,FALSE
80.6959263330616,2.20067518246924,0.366092318117315,6.01125747130271,1.84089760107942e-09,9.59158060510438e-09,ZNF730,ZNF730,2.20067518246924,-0.335602794199676,FALSE
5261.70889451316,1.41333146012406,0.221014321333891,6.39475058265074,1.60809629137516e-10,9.6253148168258e-10,TSPYL5,TSPYL5,1.41333146012406,-0.334320114155589,FALSE
2166.56194228202,1.16499376208175,0.159311348106604,7.31268535435527,2.6185569536863e-13,2.20613846514999e-12,TXNDC17,TXNDC17,1.16499376208175,-0.333410723710858,FALSE
64.4955668200814,1.19063588341312,0.532857436860543,2.23443608186842,0.0254543938200177,0.0420215125843193,ANTXRL,ANTXRL,1.19063588341312,-0.332988109100855,FALSE
77.9979737247361,7.60475685792042,0.76023215430781,10.0032033831094,1.47545442225531e-23,3.58106800976993e-22,GABRA5,GABRA5,7.60475685792042,-0.332878990636744,FALSE
193.835605442378,2.75557302321953,0.47695429633054,5.77743621227359,7.5847462086661e-09,3.65523348902384e-08,SLC12A1,SLC12A1,2.75557302321953,-0.332636047895915,FALSE
455.365912935588,1.91016160929072,0.150040787281407,12.7309489899446,3.97972422856724e-37,2.56146843126079e-35,TRAIP,TRAIP,1.91016160929072,-0.329413710045945,FALSE
3.95990176702904,1.94490065667934,0.81305542063338,2.3920886661874,0.0167527946755187,0.0288380835241858,CYP2A13,CYP2A13,1.94490065667934,-0.327388838710789,FALSE
354.772389002326,1.41743740047622,0.284634153551155,4.97985706490937,6.36312512956357e-07,2.36548178483077e-06,H3C6,H3C6,1.41743740047622,-0.326547473696897,FALSE
3.64296761168127,1.30745968908505,0.500343696284064,2.6131231367463,0.00897189706711993,0.0163774818521439,REG4,REG4,1.30745968908505,-0.32581427730516,FALSE
2798.27283137382,1.13574269223446,0.244774122719695,4.63996226241229,3.48472807637939e-06,1.15921907563785e-05,OAS1,OAS1,1.13574269223446,-0.325017270197158,FALSE
8.34526205786823,2.95446396789832,0.335372656562445,8.80949567618735,1.25710136872014e-18,1.91183555300046e-17,RNASEH2A,RNASEH2A,2.95446396789832,-0.324778204252688,FALSE
131.800475804741,2.1743256978529,0.27948017330324,7.77989247735912,7.25862148214734e-15,7.32805910825463e-14,ANKLE1,ANKLE1,2.1743256978529,-0.324086709623602,FALSE
3327.69884075062,4.53021690954323,0.239386690769777,18.9242638969433,7.19881258038827e-80,2.1819935759649e-77,ASPM,ASPM,4.53021690954323,-0.323449654734504,FALSE
1192.90083897213,1.29334992018932,0.283791944906904,4.55738770391666,5.17937657582133e-06,1.67756969684312e-05,CD2,CD2,1.29334992018932,-0.321060430313223,FALSE
19497.0572797496,1.09197708942498,0.188902444689145,5.78064032586724,7.44168362718728e-09,3.59293141526007e-08,PTMS,PTMS,1.09197708942498,-0.320479336999098,FALSE
4697.59566499214,1.33098361784386,0.196688076615653,6.76697662992927,1.31501307554479e-11,9.01589843246346e-11,SINHCAF,SINHCAF,1.33098361784386,-0.320254538516083,FALSE
3180.07334018949,1.09307600021529,0.127980952505036,8.54092721471409,1.3314906675834e-17,1.81812295609725e-16,CARM1,CARM1,1.09307600021529,-0.316654378813597,FALSE
31.9708810439257,2.78646107810874,0.409615987423271,6.80261797308557,1.02734823514613e-11,7.14320790758983e-11,CABP7,CABP7,2.78646107810874,-0.316487121340919,FALSE
61831.4995035003,1.35442303304904,0.195878525106135,6.91460706228595,4.69161973327284e-12,3.39806756285699e-11,HLA-A,HLA-A,1.35442303304904,-0.314795830913901,FALSE
2796.70978531911,3.42024735858945,0.193031102765735,17.7186334719349,3.01139079344276e-70,7.00874319756004e-68,CKS2,CKS2,3.42024735858945,-0.314749343870787,FALSE
4276.17357623326,1.29693893055581,0.174370885730511,7.4378181031908,1.02361872160867e-13,8.99314769672168e-13,NFYA,NFYA,1.29693893055581,-0.314003261984851,FALSE
4055.33528492641,1.13443369076692,0.119516222867827,9.49188037862852,2.26903661846414e-21,4.49786901395473e-20,EHMT2,EHMT2,1.13443369076692,-0.312655465250428,FALSE
640.566713448452,1.02271613910597,0.137861261090564,7.41844468138246,1.185036529644e-13,1.03381349458602e-12,HSD17B7,HSD17B7,1.02271613910597,-0.312341342861861,FALSE
1027.01194948641,1.77634710910371,0.154242787961184,11.5165651022253,1.08864795280013e-30,4.56969181733348e-29,LIN9,LIN9,1.77634710910371,-0.310837352764737,TRUE
2026.1089661291,1.38257459571461,0.124809851950776,11.0774476061384,1.61408403300042e-28,5.85993432983593e-27,DPH2,DPH2,1.38257459571461,-0.309453280735849,FALSE
2196.81681948342,1.13186096498018,0.117717817135317,9.61503528118522,6.90856625579918e-22,1.44415073448209e-20,MRPL9,MRPL9,1.13186096498018,-0.309388836767384,FALSE
646.954557950998,1.0673671108522,0.163291374936537,6.53657984855002,6.29415413552676e-11,3.96345392072265e-10,RTN4IP1,RTN4IP1,1.0673671108522,-0.308570342517908,FALSE
1232.97147391718,1.01423799591961,0.198423000558532,5.11149409627248,3.19620814778392e-07,1.23686991965979e-06,PSENEN,PSENEN,1.01423799591961,-0.30833607929949,FALSE
2815.7788317376,1.14462786465122,0.138834694921272,8.24453761576167,1.65800095647229e-16,2.00366763710539e-15,YIPF2,YIPF2,1.14462786465122,-0.308248064846466,FALSE
11.9208839875117,2.06585800951988,0.383838079850557,5.38210802410277,7.36185607060685e-08,3.10118781823705e-07,KCNJ9,KCNJ9,2.06585800951988,-0.306631626178762,FALSE
310.560219720045,2.51439354527313,0.450184972590686,5.58524539547269,2.33370450007224e-08,1.05520685521914e-07,PAX5,PAX5,2.51439354527313,-0.306576192202359,FALSE
3048.38900541134,1.19011710321435,0.176915989819939,6.72701831205661,1.73174954268744e-11,1.16825867829279e-10,MRPS34,MRPS34,1.19011710321435,-0.306313491814821,FALSE
168.726893799486,1.42965890232251,0.345429631127128,4.13878478709996,3.49150277883319e-05,9.89164253188183e-05,LRRC10B,LRRC10B,1.42965890232251,-0.305964017604838,FALSE
4859.80087116804,2.08249381168168,0.232326940883441,8.96363462525197,3.1414865234848e-19,5.0894424616332e-18,EIF4EBP1,EIF4EBP1,2.08249381168168,-0.305453017391339,FALSE
13.7227861717005,2.43206899186758,0.621760045044375,3.91158777610743,9.16913194025526e-05,0.000242922819683539,KRT31,KRT31,2.43206899186758,-0.303402547326475,FALSE
447.385272632567,1.87386892602822,0.291726367811847,6.42337866159837,1.33282392179732e-10,8.06282691331883e-10,PAQR6,PAQR6,1.87386892602822,-0.301898692778967,FALSE
956.699779503378,1.05093416081286,0.163628766826788,6.42267359947374,1.33901406805398e-10,8.09463815212505e-10,NDUFA9,NDUFA9,1.05093416081286,-0.301445296044582,FALSE
1329.19584410662,2.07994564652569,0.489205317283652,4.25168241848788,2.12170588705819e-05,6.21910574136354e-05,CRLF1,CRLF1,2.07994564652569,-0.301123772012792,FALSE
50.2201920549584,3.55431491622274,0.583749365943499,6.08876878260585,1.13782303970186e-09,6.07157280980726e-09,PYDC1,PYDC1,3.55431491622274,-0.301064585730577,FALSE
12.3664105647616,3.48242599395767,0.639655283377953,5.44422298142735,5.20320084465849e-08,2.23777984520232e-07,AMER2,AMER2,3.48242599395767,-0.299612877536551,FALSE
1572.06698611794,1.59859371947041,0.156880797768223,10.1898622534555,2.20075815759289e-24,5.75975531063994e-23,HENMT1,HENMT1,1.59859371947041,-0.299481584238098,FALSE
369.811900588059,2.12107892811751,0.271673801212321,7.80744745592832,5.83577925483033e-15,5.94688263626514e-14,FAM171A2,FAM171A2,2.12107892811751,-0.299313807197376,FALSE
133.093208590485,1.02219983303216,0.211308524284436,4.83747561293934,1.3149851277061e-06,4.65856446370141e-06,C19orf38,C19ORF38,1.02219983303216,-0.298986972959001,FALSE
2714.3213140047,1.11404656445196,0.158946099338014,7.00895818829017,2.40099186188824e-12,1.79898404322624e-11,DARS2,DARS2,1.11404656445196,-0.298675429054379,FALSE
4356.20558294975,1.00521416888141,0.165433199086024,6.07625418860883,1.23022349174181e-09,6.54752938078496e-09,SPRING1,SPRING1,1.00521416888141,-0.298443507004791,FALSE
9506.01860219694,2.82538820359755,0.199520395227157,14.1608991921893,1.59934506571697e-45,1.56142800854098e-43,JPT1,JPT1,2.82538820359755,-0.298215899347513,FALSE
619.862263351998,1.49125666909755,0.197327647016224,7.55726169975026,4.11643234000746e-14,3.78761178280884e-13,C1orf74,C1ORF74,1.49125666909755,-0.297929625801956,FALSE
3688.90512286309,1.10852517295736,0.107655599327958,10.2969578905077,7.27248262565193e-25,1.99970258019904e-23,UBE2O,UBE2O,1.10852517295736,-0.297610615225284,FALSE
984.835174107636,1.01170397405592,0.141040725619534,7.1731336435765,7.33002330229527e-13,5.8646935979414e-12,MPV17L2,MPV17L2,1.01170397405592,-0.297568786452506,FALSE
43647.7207766438,1.77647878716896,0.209099812374253,8.49584113442136,1.96504616740153e-17,2.64035352812658e-16,S100A11,S100A11,1.77647878716896,-0.29739547198802,FALSE
251.850420987358,5.20794635954823,0.3997075968596,13.0293904856093,8.32701691302981e-39,5.86649594248508e-37,NMU,NMU,5.20794635954823,-0.296684660392648,FALSE
5180.75139755518,1.24260205474539,0.112270447118509,11.0679353884976,1.79488163959319e-28,6.46231763802149e-27,MOGS,MOGS,1.24260205474539,-0.29666704582106,FALSE
1102.85978155014,1.10863118361329,0.189391004468347,5.85366336022877,4.80861470960952e-09,2.38210109531341e-08,KLF16,KLF16,1.10863118361329,-0.295902872335312,FALSE
4224.60902086923,1.36643454403346,0.14626562516908,9.34214407830881,9.44027313823704e-21,1.78318550648134e-19,PDCD5,PDCD5,1.36643454403346,-0.295853192271863,FALSE
42.1631103172176,1.59845714418439,0.326807124935411,4.89113309417689,1.0025713996314e-06,3.61616558380958e-06,SLAMF9,SLAMF9,1.59845714418439,-0.295390983969477,FALSE
1458.77574521906,1.05721981266427,0.287017639832734,3.68346633078159,0.000230083686400365,0.000569355558515123,IKZF3,IKZF3,1.05721981266427,-0.29530877183805,FALSE
378.329143383445,3.09312517610971,0.562071282347612,5.50308345801017,3.73205639800981e-08,1.64053143552988e-07,TDRD12,TDRD12,3.09312517610971,-0.294497659960366,FALSE
3685.71800118145,1.90736560429577,0.155405087387776,12.2735081351385,1.25687193760961e-34,7.00061555505765e-33,SRPK1,SRPK1,1.90736560429577,-0.293993361198494,FALSE
8177.16486029453,1.99533986291102,0.324205077599739,6.15456080356167,7.52858364373702e-10,4.10388100880997e-09,RDH10,RDH10,1.99533986291102,-0.292714102471904,FALSE
848.605541879592,2.89339909334033,0.214716857956888,13.4754165130401,2.18250251777435e-41,1.78903437518315e-39,BRIP1,BRIP1,2.89339909334033,-0.291395530266217,FALSE
473.833054559494,1.61663101490182,0.188143351706828,8.59254924628388,8.50606914339148e-18,1.18128771636007e-16,ZBTB12,ZBTB12,1.61663101490182,-0.29130748813283,FALSE
6065.9023773699,1.26642621771965,0.243186748232508,5.20762840460711,1.91269475688178e-07,7.62591224038504e-07,SPINT2,SPINT2,1.26642621771965,-0.289714533669274,FALSE
2403.41184324321,1.4889018972824,0.179209655166059,8.30815670005482,9.72001174895838e-17,1.20710598504096e-15,CENPX,CENPX,1.4889018972824,-0.289507825793104,FALSE
47.6492361716174,3.016782375096,0.367463495482696,8.20974712367875,2.21654816907677e-16,2.62989354225418e-15,DQX1,DQX1,3.016782375096,-0.289267892558231,FALSE
6326.72401112987,3.47691029209948,0.422746842361449,8.22456833190659,1.95895087275512e-16,2.3434590362601e-15,AARD,AARD,3.47691029209948,-0.288721745793822,FALSE
359.46076395909,2.07373229504217,0.239707846328939,8.6510822520031,5.10133172341834e-18,7.27840251966863e-17,TRIM46,TRIM46,2.07373229504217,-0.288586120781296,FALSE
12.4916956420573,2.12616500879708,0.424665321657938,5.00668385281923,5.53757678268501e-07,2.07575516241372e-06,H3C1,H3C1,2.12616500879708,-0.288517537665297,FALSE
154.798254364115,1.28278127656445,0.192686264763531,6.65735711955762,2.78795208262362e-11,1.83890553992282e-10,CD101,CD101,1.28278127656445,-0.287638196921527,FALSE
406.956152173382,1.17273049942988,0.154685479997392,7.58138707944436,3.41879926063302e-14,3.17823966929104e-13,HROB,HROB,1.17273049942988,-0.287132171676709,FALSE
1889.62754136098,2.15402514104911,0.232191477568642,9.27693455248514,1.74424543464742e-20,3.1669429456926e-19,LIMD2,LIMD2,2.15402514104911,-0.286557203616685,FALSE
50.8867782982463,3.67057418267706,0.590839384631624,6.212473775704,5.21568870799397e-10,2.90880097456737e-09,MS4A15,MS4A15,3.67057418267706,-0.286545990004747,FALSE
2017.78176895095,1.05917561633502,0.14969546670067,7.07553568374214,1.48872545311661e-12,1.14436874437613e-11,TMEM161A,TMEM161A,1.05917561633502,-0.286132051289947,FALSE
12412.8645259453,1.10600574284749,0.126161195547507,8.76660797361436,1.84129524304312e-18,2.74739800231283e-17,HMGN1,HMGN1,1.10600574284749,-0.285714433824199,FALSE
6290.01826244117,1.07381830322743,0.155589079240817,6.90163029736426,5.14090865669119e-12,3.71110678354941e-11,MRPL51,MRPL51,1.07381830322743,-0.285579167084683,FALSE
44.4647350108757,1.48166851670446,0.239434138506186,6.18820910814345,6.08515733964222e-10,3.35778569797743e-09,SLFNL1,SLFNL1,1.48166851670446,-0.283162219946277,FALSE
3747.7064941925,1.18411974115842,0.152699767125002,7.75456153897792,8.86492284127202e-15,8.80983391930757e-14,RFX5,RFX5,1.18411974115842,-0.281651807597084,FALSE
2841.16643970964,1.28420390837573,0.223493978899874,5.74603358308394,9.13611688488984e-09,4.34820447030169e-08,MACROH2A2,MACROH2A2,1.28420390837573,-0.280919756503735,FALSE
5148.97187925938,1.47157758861318,0.231567413743145,6.35485608629482,2.08621842367765e-10,1.23118532148529e-09,SLC16A1,SLC16A1,1.47157758861318,-0.280573947669175,FALSE
15219.0126746404,1.15684677918307,0.0999930343372401,11.5692736684182,5.89798439228257e-31,2.54540991976208e-29,UBAP2L,UBAP2L,1.15684677918307,-0.280513407453715,FALSE
74.1415974727115,1.30749842062971,0.174824698243396,7.47891135387156,7.49408001283449e-14,6.70608251611935e-13,RBM34,RBM34,1.30749842062971,-0.280299393131634,FALSE
5391.92372406383,1.38536793666811,0.249362586087644,5.55563670718908,2.76601631519542e-08,1.23928750925058e-07,CDH11,CDH11,1.38536793666811,-0.280184300259922,FALSE
7.63525514357525,1.04790844058035,0.297258576541955,3.5252420729817,0.000423095969674156,0.000998898889728849,MGAT2,MGAT2,1.04790844058035,-0.279285619269451,FALSE
2142.90213942398,1.4372150827729,0.197825617664735,7.26506051005298,3.72871319284116e-13,3.08266307636507e-12,MVD,MVD,1.4372150827729,-0.278332492802729,FALSE
4995.68418088884,1.22388848789619,0.176999371440645,6.91464878058401,4.69023933138957e-12,3.39806756285699e-11,PAK4,PAK4,1.22388848789619,-0.277927485207244,FALSE
2870.11352658326,2.50307158243001,0.1704981451694,14.6809314549613,8.54090892834457e-49,9.55518768391236e-47,FANCI,FANCI,2.50307158243001,-0.277554767845858,FALSE
498.460923595743,1.02975224553399,0.270019542547059,3.81362117652846,0.000136945331160261,0.000352637947975357,CPNE5,CPNE5,1.02975224553399,-0.277519252294301,FALSE
1748.48008718474,1.37849979783056,0.14821239303526,9.30084029817001,1.39340047444402e-20,2.56147885524205e-19,TRAF2,TRAF2,1.37849979783056,-0.277235510328128,FALSE
3399.02435940857,1.84849893178676,0.378966446649979,4.87773772091773,1.07309481845234e-06,3.85188138702797e-06,PDZK1IP1,PDZK1IP1,1.84849893178676,-0.276692457006488,FALSE
2085.89588068518,2.34467930363209,0.200720837958171,11.6812949142864,1.58856860058017e-31,7.16422451752998e-30,SLC6A9,SLC6A9,2.34467930363209,-0.276266499120132,FALSE
457.804436651081,5.63073690969118,0.477767060472761,11.7855276672265,4.63508169373644e-32,2.14209886629106e-30,HAPLN1,HAPLN1,5.63073690969118,-0.276105570138452,FALSE
91.4480520374538,1.01921124282094,0.311647715217766,3.27039536326702,0.00107397266382276,0.00234701923439536,ADAM11,ADAM11,1.01921124282094,-0.276031597006632,FALSE
4854.69014823706,1.01724109491261,0.16709068844067,6.08795800894558,1.14359853894477e-09,6.10114267594623e-09,PAK1,PAK1,1.01724109491261,-0.275932235867603,FALSE
902.945382039485,5.84849419315218,0.51038815079581,11.4589145222769,2.12157026939037e-30,8.76433791001566e-29,HORMAD1,HORMAD1,5.84849419315218,-0.275866169502824,FALSE
2254.86580299865,1.02104079443862,0.222704305196746,4.5847375673164,4.54556995661087e-06,1.48631926817581e-05,SCAND1,SCAND1,1.02104079443862,-0.275529307816971,FALSE
1287.32162424901,1.12818263311757,0.174366619627564,6.47017551597491,9.78891464709268e-11,6.02378749069322e-10,GAL3ST4,GAL3ST4,1.12818263311757,-0.275524733169567,FALSE
16908.364640635,1.116593108201,0.159016259300506,7.02188010907036,2.18902341414147e-12,1.6496465260603e-11,ENAH,ENAH,1.116593108201,-0.275045165054621,FALSE
3670.98068899587,4.28611062632801,0.187590837960391,22.8481874324428,1.52330391277033e-115,3.97079630941841e-112,KIFC1,KIFC1,4.28611062632801,-0.273534736697474,FALSE
6291.90127410625,1.09652533479365,0.140399590771795,7.8100322712189,5.71733449839945e-15,5.83759335565133e-14,MRPL37,MRPL37,1.09652533479365,-0.273357659466295,FALSE
8123.38705322792,2.03244383569856,0.380212456314796,5.34554773769905,9.01440350722836e-08,3.75544919646671e-07,S100A14,S100A14,2.03244383569856,-0.272601963628032,FALSE
2937.97680562695,1.79356125610073,0.147690455551716,12.1440566311524,6.16900031892918e-34,3.25520913590135e-32,RHBDF2,RHBDF2,1.79356125610073,-0.272102801707567,FALSE
496.87430721884,1.11804314592826,0.316890646789998,3.52816707357469,0.000418447955293443,0.000989269259081643,ZAP70,ZAP70,1.11804314592826,-0.271970537324281,FALSE
3081.14385461338,1.04030863187796,0.122234207355922,8.5107815101937,1.72764914608624e-17,2.33703322734977e-16,BPNT1,BPNT1,1.04030863187796,-0.271633295140662,FALSE
646.35324007946,2.55972398600578,0.240770168186817,10.6314000828361,2.12892145850264e-26,6.65402825644943e-25,TLCD1,TLCD1,2.55972398600578,-0.269968284741392,FALSE
1758.22543455186,1.7707006373545,0.352393296187184,5.02478525134581,5.03996175729388e-07,1.90015451442551e-06,IGF2BP2,IGF2BP2,1.7707006373545,-0.26855668068219,FALSE
386.530979372274,1.20785603095941,0.173924150726376,6.94472864127798,3.79188481108374e-12,2.77571079389272e-11,UQCC3,UQCC3,1.20785603095941,-0.268471326799996,FALSE
5115.21587175725,2.05462913069895,0.149882988546144,13.7082209971174,9.06533616819688e-43,8.03762305770028e-41,DDX39A,DDX39A,2.05462913069895,-0.268289864047515,FALSE
140.081337198868,4.20733471260633,0.481085965082695,8.74549460590296,2.22040836723973e-18,3.29609253467188e-17,TUBB4A,TUBB4A,4.20733471260633,-0.268286212825909,FALSE
1062.07407451431,2.58984034025802,0.177890055038635,14.5586572543111,5.14586341471412e-48,5.54286039798979e-46,DSCC1,DSCC1,2.58984034025802,-0.267968750322447,FALSE
330.766626937153,1.49428651093106,0.270081214995694,5.5327302602474,3.15284139033511e-08,1.40199789358351e-07,IL12RB1,IL12RB1,1.49428651093106,-0.267841014903256,FALSE
1227.15620217376,4.44664844409449,0.230612060822871,19.2819422723509,7.61623100129532e-83,2.75739296542729e-80,KIF14,KIF14,4.44664844409449,-0.267020165316967,FALSE
2720.92980319591,1.13453752446363,0.140270408985301,8.08821712769451,6.0544405379524e-16,6.86477170521119e-15,FDPS,FDPS,1.13453752446363,-0.266920144873282,TRUE
3506.54745496513,1.52958563050776,0.277966381004495,5.50277204379987,3.73865693631288e-08,1.64287879903688e-07,CCL5,CCL5,1.52958563050776,-0.266372343397019,FALSE
19.6462804157553,2.3988765853253,0.385132364527866,6.22870681944917,4.70300940939057e-10,2.63811806056777e-09,CHRNA6,CHRNA6,2.3988765853253,-0.265620817040921,FALSE
4430.13555650126,1.25610165190787,0.161919710102359,7.75755867592532,8.65798251549617e-15,8.61403168822285e-14,TMEM147,TMEM147,1.25610165190787,-0.265517633946624,FALSE
2930.857379009,1.594924115196,0.12184734729677,13.0895267773982,3.77955217403237e-39,2.71409329257581e-37,KIF22,KIF22,1.594924115196,-0.264536352444269,FALSE
17176.0723481382,1.1459644733982,0.11846885046108,9.67312900343102,3.92199630382233e-22,8.35933586686318e-21,APH1A,APH1A,1.1459644733982,-0.264121462457145,FALSE
302.474447881343,1.89575905114275,0.275684121567737,6.87656235100559,6.1314105837044e-12,4.38243706294002e-11,BHLHA15,BHLHA15,1.89575905114275,-0.263765129725516,FALSE
8068.96686512947,1.04131894144385,0.467437803466002,2.2277165726062,0.0258994211723051,0.0426912995888756,SOX10,SOX10,1.04131894144385,-0.263685287275904,FALSE
37.9470607212499,2.47985831622342,0.31235836223645,7.93914495667065,2.03579744089186e-15,2.19014163812332e-14,ITPKA,ITPKA,2.47985831622342,-0.263444734559406,FALSE
724.245800451257,4.25927185267122,0.444415627692884,9.58398307184331,9.33729125747869e-22,1.92255269517138e-20,FBN3,FBN3,4.25927185267122,-0.263348883012644,FALSE
237.421571859309,2.82640091894323,0.399069572508593,7.08247662475537,1.41600653013074e-12,1.09107426015128e-11,PPM1E,PPM1E,2.82640091894323,-0.262501880323233,FALSE
300.760037798939,1.23504192503927,0.181372372915204,6.80942695510017,9.79882696105066e-12,6.82592256530486e-11,FAM89B,FAM89B,1.23504192503927,-0.261929854832414,FALSE
4887.30419767719,1.15629152832581,0.219783134804706,5.26105667458636,1.43229873500408e-07,5.8209746063847e-07,GRHL2,GRHL2,1.15629152832581,-0.260488286231086,FALSE
531.830537531295,1.00959786517459,0.207730172034397,4.86014070699086,1.1730235092921e-06,4.19095447049303e-06,RABAC1,RABAC1,1.00959786517459,-0.25894143934812,FALSE
54.9291330503283,2.47091872175857,0.428257592756269,5.76970207546284,7.94118004287074e-09,3.81044406447193e-08,PRSS3,PRSS3,2.47091872175857,-0.258345242340824,FALSE
2620.71418506742,2.83821811363497,0.262130699223358,10.8274922473562,2.55044605729107e-27,8.41550346524131e-26,SBK1,SBK1,2.83821811363497,-0.257634397678717,FALSE
180.891171855735,2.75426708634188,0.461421481525662,5.96909159329787,2.38578158707148e-09,1.22590515730716e-08,HOXA11,HOXA11,2.75426708634188,-0.256437694940671,FALSE
11.5572009342864,2.0543876989086,0.464925486825673,4.41874613701036,9.92751746167486e-06,3.0693938758567e-05,KLF17,KLF17,2.0543876989086,-0.256395703074056,FALSE
1297.10231102056,1.87302330822871,0.168507109861236,11.1153963163402,1.05580788705897e-28,3.90933866363156e-27,BCL2L12,BCL2L12,1.87302330822871,-0.255809773718578,FALSE
253.193907584802,1.78825807163819,0.302245861729835,5.91656759633863,3.28729408131825e-09,1.65904927043026e-08,EPHX4,EPHX4,1.78825807163819,-0.255788333368865,FALSE
3391.66024188223,1.5513615239284,0.249952543667373,6.20662427021704,5.41348164581155e-10,3.01073663455024e-09,ADAMTS4,ADAMTS4,1.5513615239284,-0.255481382869851,FALSE
902.258776551823,1.83208466400897,0.231193432793488,7.92446671980287,2.29127504815668e-15,2.45082752073451e-14,TMEM38A,TMEM38A,1.83208466400897,-0.254370993374342,FALSE
764.514833696029,1.52753766676293,0.24663425105212,6.19353419181072,5.88299193246117e-10,3.2527853843618e-09,CIART,CIART,1.52753766676293,-0.25423823721271,FALSE
5995.81454013421,1.3263774487531,0.214110370531451,6.19483047673428,5.83477948563222e-10,3.22851192638453e-09,IGSF3,IGSF3,1.3263774487531,-0.253356393832487,FALSE
781.425798761993,2.34581700781594,0.188841880160527,12.4221227082777,1.98231018485049e-35,1.16643069048528e-33,ZNF367,ZNF367,2.34581700781594,-0.252803599120868,FALSE
2155.94129446368,1.33355992482988,0.143017053045503,9.32448191619213,1.11527113092092e-20,2.08615481351763e-19,UQCC2,UQCC2,1.33355992482988,-0.252125610404023,FALSE
878.239565380992,1.39019995303818,0.168819785615559,8.23481648178361,1.79833096489185e-16,2.15923967120386e-15,JTB,JTB,1.39019995303818,-0.251718761784512,FALSE
97.992538264718,1.81312818907097,0.221472107893964,8.18671121303934,2.68461318560584e-16,3.15793375041459e-15,SAMD14,SAMD14,1.81312818907097,-0.250247752057912,FALSE
58.249011971661,2.10975666563033,0.4174682040532,5.05369425778227,4.3334512303095e-07,1.64833026733515e-06,IGLON5,IGLON5,2.10975666563033,-0.24982435228248,FALSE
119.027497794293,1.1546575134309,0.325277176695152,3.54976492713792,0.000385575283757615,0.000917210341459185,GZMK,GZMK,1.1546575134309,-0.24960565624116,FALSE
29.9209989876026,1.84725438467305,0.245923024227453,7.51151459069786,5.84471555387032e-14,5.30481198964964e-13,RHOF,RHOF,1.84725438467305,-0.249501533688762,FALSE
246.121244384411,2.97549548705841,0.408297579099988,7.28756583278624,3.1560510131649e-13,2.62923559476412e-12,TAFA3,TAFA3,2.97549548705841,-0.249228643183131,FALSE
59229.0571476033,1.57900637075202,0.128919070275265,12.2480434227501,1.72097904995925e-34,9.50439849476437e-33,CALR,CALR,1.57900637075202,-0.247199143674748,FALSE
51.0495141191196,1.23158435470225,0.204784301100484,6.0140564881384,1.80937413552538e-09,9.43676582447782e-09,IGFLR1,IGFLR1,1.23158435470225,-0.246746145251429,FALSE
311.832944242566,1.53741830941272,0.251642423943486,6.10953544843453,9.99215610458794e-10,5.3693162889774e-09,SPAG4,SPAG4,1.53741830941272,-0.246029245494867,FALSE
1476.19349351439,1.37141862486546,0.341940641645252,4.01069208464622,6.05410233161706e-05,0.000164765384713157,KYNU,KYNU,1.37141862486546,-0.24451132166169,FALSE
273.404397817582,1.27636229727488,0.277991921343338,4.59136470983447,4.40357053428146e-06,1.44260240187401e-05,CNFN,CNFN,1.27636229727488,-0.244450306127377,FALSE
58.8095587781606,4.56079209787773,0.509551654498596,8.95059815351909,3.53561239648426e-19,5.70314408039327e-18,ACP7,ACP7,4.56079209787773,-0.244309241826318,FALSE
288.314319390137,1.00809037457486,0.335341250171985,3.00616274931236,0.00264567352304648,0.00537066986412683,PTPN20,PTPN20,1.00809037457486,-0.243549576297886,FALSE
175.554171928446,1.56819523289996,0.382133464496165,4.10378932650558,4.06437601910461e-05,0.000113834844407435,NUPR2,NUPR2,1.56819523289996,-0.243416216372778,FALSE
11.6238484613309,1.80952340924944,0.358313042699063,5.05011873310236,4.41535538105448e-07,1.67703728279101e-06,ZNF80,ZNF80,1.80952340924944,-0.241305810681659,FALSE
1669.57117024164,1.64293267146135,0.302214962861776,5.43630486030164,5.43968525226693e-08,2.33447934591442e-07,SUSD4,SUSD4,1.64293267146135,-0.239975899000672,FALSE
3224.47992268667,1.70985132442071,0.307595711564992,5.5587619077044,2.71695023687879e-08,1.21874099965813e-07,H1-2,H1-2,1.70985132442071,-0.23960528549873,FALSE
42034.9049965816,1.25185930549134,0.127127953899038,9.8472386843065,7.04529803619799e-23,1.60814171549539e-21,CFL1,CFL1,1.25185930549134,-0.238411890189663,FALSE
927.0662893108,1.24577278289523,0.37913534813032,3.28582599601614,0.001016838030385,0.00223188926726557,B3GNT3,B3GNT3,1.24577278289523,-0.238201281439207,FALSE
23.4450637122073,1.38580757145363,0.293776899703301,4.7172108251303,2.39099890746095e-06,8.15467336396502e-06,FOXD4,FOXD4,1.38580757145363,-0.237926317848175,TRUE
1023.94997043237,1.46907073272866,0.324685183637385,4.52460046458216,6.05097047545482e-06,1.94225646328877e-05,CBLC,CBLC,1.46907073272866,-0.2372022398211,FALSE
5558.2814137239,1.00107638411453,0.136078062032393,7.35663316454514,1.88606724667716e-13,1.61193819406995e-12,KIAA2013,KIAA2013,1.00107638411453,-0.23691713235179,FALSE
1449.38534923655,1.13892946563725,0.161293933570173,7.06120459974859,1.65065338454526e-12,1.2603275270926e-11,NFKBIB,NFKBIB,1.13892946563725,-0.236757602395989,FALSE
698.355792362496,1.48278925736974,0.188257965888851,7.87636927005357,3.37031201830998e-15,3.5240242030199e-14,PFKFB4,PFKFB4,1.48278925736974,-0.236675093712568,FALSE
121.017750215251,1.77611915379609,0.262684178762064,6.76142416405243,1.3664183501497e-11,9.35112290190395e-11,POU5F1,POU5F1,1.77611915379609,-0.236566099271708,FALSE
191.077841621534,1.62667510673835,0.593814839134557,2.73936419155357,0.0061558141385716,0.0116235861753094,KRT79,KRT79,1.62667510673835,-0.236191458704439,FALSE
2040.04517525815,3.71566770057842,0.200857881325662,18.4989888176406,2.10384135643721e-76,5.65369408641741e-74,TRIP13,TRIP13,3.71566770057842,-0.235957768723989,FALSE
3323.12239542081,1.12604035479642,0.104982594281145,10.7259718861667,7.68746237061269e-27,2.44974427401908e-25,RRP36,RRP36,1.12604035479642,-0.235884761981715,FALSE
987.662521641248,1.77975844605867,0.165876511051808,10.7294181362592,7.40610400022343e-27,2.36586903154196e-25,WDR76,WDR76,1.77975844605867,-0.235829329043962,FALSE
1692.47522184998,1.12233113956736,0.141172017912692,7.95009631626482,1.86366563192447e-15,2.01243463245134e-14,NSUN5,NSUN5,1.12233113956736,-0.235828245314121,FALSE
9687.99339971106,1.43083917969891,0.252049259040088,5.67682359054799,1.37218852297208e-08,6.39185815373719e-08,FKBP10,FKBP10,1.43083917969891,-0.235683004000342,FALSE
3409.21727063247,1.80013513857171,0.146262817843829,12.3075376579562,8.25019838647889e-35,4.65493336234513e-33,MRPL14,MRPL14,1.80013513857171,-0.235637568823692,FALSE
91.8127711269714,1.72465762219253,0.273461803647736,6.30675874724419,2.84939445217679e-10,1.65055922633094e-09,H2BC18,H2BC18,1.72465762219253,-0.234747087716371,FALSE
3796.26400147966,1.27922239128937,0.180004805590565,7.10660133262809,1.18935343437015e-12,9.25735323192794e-12,CHD7,CHD7,1.27922239128937,-0.234575246992736,FALSE
19.3204482713849,1.92193029325014,0.484463392892969,3.96713213308719,7.27426676969554e-05,0.00019574513459859,NPHS1,NPHS1,1.92193029325014,-0.234263480951663,FALSE
5108.17832893586,1.87303555653286,0.171081398362009,10.948212806687,6.77715638625632e-28,2.33060864802828e-26,NT5DC2,NT5DC2,1.87303555653286,-0.233141817734946,FALSE
670.050218578057,2.21791469218325,0.2183800381174,10.1562153359041,3.10912005568307e-24,8.05620601307064e-23,JPH1,JPH1,2.21791469218325,-0.232896535184758,FALSE
209.16725151776,2.29866982262131,0.389316129853281,5.90437859198795,3.53978434905722e-09,1.7833699000169e-08,FCRL3,FCRL3,2.29866982262131,-0.231972146107486,FALSE
1571.85149405341,1.49117803944296,0.147076708236531,10.1387776305465,3.71721734074868e-24,9.54647334199959e-23,CEP85,CEP85,1.49117803944296,-0.231818671139973,FALSE
7.63432132453496,1.57623140850874,0.439303388131996,3.58802470249817,0.000333192728175925,0.000800565475653226,HES7,HES7,1.57623140850874,-0.231769541597631,FALSE
383.486798715407,3.41104716754296,0.54523342687453,6.25612260623177,3.94666518447047e-10,2.23939315114479e-09,C6orf15,C6ORF15,3.41104716754296,-0.231461136640426,FALSE
176.723784631585,3.05922439085158,0.389539473295487,7.8534387413185,4.04782559363288e-15,4.18875227269664e-14,HOXB9,HOXB9,3.05922439085158,-0.23142815695277,FALSE
316.605002302282,3.50085447333715,0.35911553501631,9.74854644808988,1.87128333574984e-22,4.12379263898662e-21,ARTN,ARTN,3.50085447333715,-0.231368791188275,FALSE
217.080750364142,3.28276116408353,0.283791526409409,11.5675094518069,6.02049882700487e-31,2.593989139232e-29,SALL4,SALL4,3.28276116408353,-0.230751383762254,FALSE
1337.60074792299,1.04929338694196,0.139880795197621,7.50133987628205,6.31687627253221e-14,5.70159327548813e-13,TWNK,TWNK,1.04929338694196,-0.230416054337549,FALSE
330.04414728491,2.10393178789602,0.30786992032795,6.83383354130495,8.26749523171291e-12,5.82141540262184e-11,SEMA5B,SEMA5B,2.10393178789602,-0.230264010554717,FALSE
7.14910595804005,3.54313231010804,0.468377062761519,7.56470073324678,3.8875857389571e-14,3.5884453773865e-13,H3C7,H3C7,3.54313231010804,-0.229780434558421,FALSE
177.77035930109,1.0715575429029,0.402939764751564,2.65934920462263,0.00782917685353705,0.01447808974469,PHF24,PHF24,1.0715575429029,-0.229759881567245,FALSE
6632.14278895493,1.18380269934351,0.131625891684,8.99369177445354,2.3906224816617e-19,3.921734186877e-18,SEPHS1,SEPHS1,1.18380269934351,-0.229576810755043,FALSE
1262.81429208384,1.05018376640573,0.225153947743506,4.66429204075999,3.09681325209239e-06,1.03745830924422e-05,JAK3,JAK3,1.05018376640573,-0.229515913790232,FALSE
182.93302343888,1.00771459781728,0.331082106323039,3.04369997221792,0.00233688071512747,0.0047942286794607,CFB,CFB,1.00771459781728,-0.228630981300873,FALSE
6.89386518266183,1.61723694130493,0.29855220809685,5.41693177087572,6.06304637990617e-08,2.58751522568785e-07,H4C3,H4C3,1.61723694130493,-0.227995182460557,FALSE
34.7022320172467,2.22824026508006,0.482796189900978,4.61528137895428,3.92563086828134e-06,1.29529982237362e-05,EGR4,EGR4,2.22824026508006,-0.227682435268906,FALSE
1290.25986822375,2.59810568515185,0.273880685152217,9.48626838620576,2.39452986436652e-21,4.73942368826439e-20,CTXN1,CTXN1,2.59810568515185,-0.227596066109569,FALSE
1957.55423855091,4.01964765595619,0.196109948972305,20.4969083772688,2.29413408067257e-93,1.24585818918525e-90,UBE2T,UBE2T,4.01964765595619,-0.227303345698671,FALSE
1090.97616580435,1.51193308359259,0.230731029654594,6.55279476651218,5.64701028020077e-11,3.57717173691357e-10,RUNX2,RUNX2,1.51193308359259,-0.226023067379091,FALSE
602.894243933946,1.80758231437615,0.251191055528753,7.19604569745216,6.1983862824671e-13,4.99917497602321e-12,COMTD1,COMTD1,1.80758231437615,-0.226012962286282,FALSE
2893.90981255308,2.1157743176928,0.163650825771992,12.9285893163816,3.10462980046386e-38,2.12410459340397e-36,CKAP2,CKAP2,2.1157743176928,-0.225832536337699,FALSE
899.463014027811,4.76390711192049,0.226586380144275,21.0246843119483,3.89980192364513e-98,2.60656760881173e-95,PIMREG,PIMREG,4.76390711192049,-0.224814556417505,FALSE
52.8139193427285,1.27271684260389,0.238943453315929,5.32643529229116,1.00158938195493e-07,4.1448532178789e-07,PTGES3L,PTGES3L,1.27271684260389,-0.224786525284385,FALSE
23.6993419961922,4.04458692714375,0.457836149758215,8.83413625000935,1.00874640859061e-18,1.55499660749447e-17,TMEM270,TMEM270,4.04458692714375,-0.224325732908591,FALSE
135.953964957557,1.01631328080694,0.328836200554542,3.09063685534941,0.0019972773951923,0.0041501020215606,KLHDC8A,KLHDC8A,1.01631328080694,-0.22402829140724,FALSE
360.317300304777,1.13653676155055,0.158920130200202,7.1516223911897,8.57582082639631e-13,6.8050508822427e-12,BOLA3,BOLA3,1.13653676155055,-0.223978126006629,FALSE
84.5632079325552,3.75260765403563,0.356859766652965,10.5156366861746,7.31848097047855e-26,2.190250785964e-24,DDN,DDN,3.75260765403563,-0.223712699152042,FALSE
2159.90812286517,1.02319690139449,0.109802234119852,9.31854355784458,1.17948181243739e-20,2.19611088605753e-19,SAYSD1,SAYSD1,1.02319690139449,-0.223641055938979,FALSE
791.183864206514,1.42976620446414,0.354441144371182,4.03386070485893,5.48678509037172e-05,0.000150330068268572,EMID1,EMID1,1.42976620446414,-0.22315657177282,FALSE
1933.58696737406,1.00845561186992,0.244389877410911,4.12642136635769,3.68451906883679e-05,0.000103966614599879,CAMSAP3,CAMSAP3,1.00845561186992,-0.221760504212204,FALSE
2048.14501979254,2.34938365246541,0.185804442489929,12.6443890198844,1.20154933266364e-36,7.51097996511827e-35,GPSM2,GPSM2,2.34938365246541,-0.221613480167586,FALSE
85.9912897600339,1.96788279916631,0.296488676494152,6.63729496328715,3.19491917629062e-11,2.09408997154558e-10,ERMN,ERMN,1.96788279916631,-0.221552994358486,FALSE
3046.68251092308,4.35682294878164,0.567231347604306,7.68085714441316,1.58027627225556e-14,1.52228608975927e-13,KRT6A,KRT6A,4.35682294878164,-0.221347317567836,FALSE
708.220622687321,3.45491134806624,0.192737212934585,17.9255022704869,7.45740004496919e-72,1.81674810254404e-69,POLQ,POLQ,3.45491134806624,-0.220722571530683,FALSE
1251.98360832286,1.6362958105525,0.267922126937354,6.10735600398956,1.01295129391849e-09,5.43752087697144e-09,TTC22,TTC22,1.6362958105525,-0.220083713216427,FALSE
9714.79024480797,2.05336710545376,0.189771257592497,10.8202218370868,2.76108259124172e-27,9.0760579956996e-26,ANP32E,ANP32E,2.05336710545376,-0.220047297930478,FALSE
1756.90820301433,4.46916613607726,0.211375886802031,21.1432164931044,3.18606722547648e-99,2.3069781768471e-96,DLGAP5,DLGAP5,4.46916613607726,-0.219977900192304,FALSE
154.768737852033,2.6399489022821,0.38336944441285,6.88617452631187,5.73126719046549e-12,4.11221970420765e-11,KLHL38,KLHL38,2.6399489022821,-0.219820262854921,FALSE
91.5163147390374,2.20091733232435,0.306963570477065,7.16996264053032,7.50182356944483e-13,5.99478954582214e-12,NPFFR1,NPFFR1,2.20091733232435,-0.219620775812667,FALSE
7163.3750986387,1.74799942247086,0.378323899036605,4.62037800657614,3.83041517845775e-06,1.26613533422341e-05,KRT23,KRT23,1.74799942247086,-0.219551496117415,FALSE
56599.874350093,1.38774406949467,0.163646251159472,8.48014580023787,2.24911917760982e-17,2.98816460768375e-16,TAGLN2,TAGLN2,1.38774406949467,-0.219390110055159,FALSE
19691.2196693156,2.26354486730236,0.257839189736901,8.77890156888903,1.65078920439222e-18,2.47589886023544e-17,EPCAM,EPCAM,2.26354486730236,-0.219006646335616,FALSE
56.3730111164326,5.80086826806455,0.593990701018233,9.76592437915368,1.57667541979965e-22,3.5127519801639e-21,DMRTA2,DMRTA2,5.80086826806455,-0.218356980406301,FALSE
718.557934410257,1.45400305572219,0.25879028159086,5.61846081229947,1.92666080527283e-08,8.79549338196966e-08,HSD11B2,HSD11B2,1.45400305572219,-0.21813973396622,FALSE
1335.80035561043,4.55035673317279,0.243147721567593,18.7143712630177,3.78056354809145e-78,1.05965537643118e-75,CDCA2,CDCA2,4.55035673317279,-0.217867217128789,FALSE
28.3787519372612,1.79680147330315,0.452139562895348,3.97399745732722,7.06763176350602e-05,0.000190538791166937,TM4SF4,TM4SF4,1.79680147330315,-0.217336984887784,FALSE
726.004099589841,3.43634562850502,0.40319414284701,8.52280641836833,1.55732954966114e-17,2.11321756226013e-16,GJB3,GJB3,3.43634562850502,-0.217156410206619,FALSE
6.42876719598947,3.44994756995149,0.687717806382206,5.01651627736704,5.26168205110249e-07,1.97859587458293e-06,ADAMTS20,ADAMTS20,3.44994756995149,-0.216864842989444,FALSE
60.786682104389,4.00899470827196,0.855764191769635,4.68469555845958,2.80376360707887e-06,9.45481318832145e-06,SPRR1B,SPRR1B,4.00899470827196,-0.216408800500168,FALSE
10561.6805509641,1.27018332303855,0.113718326897055,11.1695569016628,5.74668325944495e-29,2.16159873771936e-27,PPM1G,PPM1G,1.27018332303855,-0.214627679997598,FALSE
4234.88025931344,1.36377049928764,0.14389407412599,9.4776001553306,2.60198184441529e-21,5.13054922378012e-20,MSH2,MSH2,1.36377049928764,-0.214455616141223,FALSE
5578.4318188226,1.02318116433249,0.207569597857104,4.92934020634792,8.25077883187835e-07,3.01602933404253e-06,STEAP3,STEAP3,1.02318116433249,-0.21444301860016,FALSE
8228.62117506931,1.21123451331196,0.1506135728417,8.04200106576721,8.83831230117128e-16,9.84565328011247e-15,CD276,CD276,1.21123451331196,-0.214030108024091,FALSE
164.664828351898,1.01544184917796,0.191406714658682,5.30515270056594,1.12578715092694e-07,4.63088112091093e-07,DHRS13,DHRS13,1.01544184917796,-0.213957506771464,FALSE
2587.30908375712,1.19480190814936,0.253173723196539,4.719296667379,2.36661467817564e-06,8.07573567430348e-06,IL27RA,IL27RA,1.19480190814936,-0.213804454729952,FALSE
5216.81784302012,1.00828263590736,0.152954131349476,6.59205885458299,4.33768559702889e-11,2.78910829940188e-10,HSD17B10,HSD17B10,1.00828263590736,-0.213628360677643,FALSE
21.7976733025141,1.72890312923248,0.370921012780587,4.66110861790186,3.14510679048802e-06,1.05241975234469e-05,CLEC4D,CLEC4D,1.72890312923248,-0.213519915085143,FALSE
359.599505147622,1.73764494259141,0.272379275866088,6.37950496441477,1.77661326498935e-10,1.05781128319957e-09,TREM1,TREM1,1.73764494259141,-0.213199452090082,FALSE
258.920575831131,1.33238496041561,0.279973361746751,4.7589704681291,1.9458289957318e-06,6.71635651903347e-06,CACNA1A,CACNA1A,1.33238496041561,-0.213109521243168,FALSE
1109.0977287994,2.92161484795438,0.187726416639873,15.5631524867334,1.29557298560005e-54,1.72304597018553e-52,PSRC1,PSRC1,2.92161484795438,-0.21299069467937,FALSE
25.4616187122578,2.79981636596508,0.41439428381784,6.75640682147011,1.41455879371039e-11,9.66534838155932e-11,GJA3,GJA3,2.79981636596508,-0.212269559245485,FALSE
3005.9426228704,1.01306443935499,0.105403195064002,9.61132571683284,7.16208249917879e-22,1.49235814952913e-20,ELK1,ELK1,1.01306443935499,-0.211478011016317,FALSE
168.575586714413,1.28418250191381,0.473761365542696,2.71061043663359,0.00671594794483401,0.0125819042028164,ATP2B2,ATP2B2,1.28418250191381,-0.210879280443817,FALSE
169.811724939856,1.00875699485586,0.385334590149161,2.61787293599928,0.00884797451604818,0.0161659880640519,FAM178B,FAM178B,1.00875699485586,-0.210855747929374,FALSE
164.843876239758,1.12841455577876,0.178683790610156,6.31514784819338,2.69903315778457e-10,1.57008920606941e-09,FADD,FADD,1.12841455577876,-0.210842816912118,FALSE
594.674728028586,1.57091942404866,0.256496443310115,6.12452712316697,9.09533200510702e-10,4.91068805669272e-09,EVA1A,EVA1A,1.57091942404866,-0.210736786762987,FALSE
3288.37016866878,2.35317072851226,0.191339202490709,12.2984244623186,9.23580678893649e-35,5.18857274929327e-33,PLAUR,PLAUR,2.35317072851226,-0.210130231068414,FALSE
2428.08192031202,1.29150579959972,0.138087730489554,9.35279184487302,8.53641257127377e-21,1.61831757451195e-19,ARMC6,ARMC6,1.29150579959972,-0.209769810784559,FALSE
13114.3147988155,1.50405806401843,0.249239691220835,6.0345848474262,1.5937187607232e-09,8.35716494382854e-09,PHGDH,PHGDH,1.50405806401843,-0.209512565753846,FALSE
1047.94223083553,2.58208424222959,0.252004124601266,10.2461983362975,1.23089997472958e-24,3.31808372712266e-23,APBA2,APBA2,2.58208424222959,-0.20939535107823,FALSE
2157.10612774926,1.84609272551638,0.184236023841984,10.0202592686203,1.24176766705164e-23,3.03082001657631e-22,TMEM97,TMEM97,1.84609272551638,-0.208851359401608,FALSE
31.5351355301446,1.30442277996826,0.308372555852841,4.23002227406625,2.33668173924792e-05,6.80105883173018e-05,KRTAP5-1,KRTAP5-1,1.30442277996826,-0.208396600349277,FALSE
1760.73875793845,1.59283596895942,0.151639743016748,10.5040798491956,8.27256039543335e-26,2.47011262116565e-24,FBXL19,FBXL19,1.59283596895942,-0.208316635905232,FALSE
175.21916890856,3.9076145059754,0.447029167040704,8.74129652846475,2.30450271607158e-18,3.41121364564667e-17,PCSK9,PCSK9,3.9076145059754,-0.207897165165933,FALSE
1863.67555792387,4.44808162454395,0.211888918420246,20.9925165398311,7.6771619785831e-98,5.00301453239314e-95,FAM83D,FAM83D,4.44808162454395,-0.20776240762062,FALSE
1209.43614178901,1.17517219842453,0.134860669747917,8.71397272919657,2.93406988901594e-18,4.29676403353812e-17,TFAP4,TFAP4,1.17517219842453,-0.20740872418284,FALSE
271.857543063291,1.59945593311836,0.331387083323655,4.82654881136759,1.38919357601385e-06,4.89749918122167e-06,DLX3,DLX3,1.59945593311836,-0.207078895409899,FALSE
12.785686988965,3.87856642225496,0.507136366933009,7.64797532803896,2.04168373216274e-14,1.94164793310056e-13,H3C3,H3C3,3.87856642225496,-0.206766456518862,FALSE
2689.72539938734,1.16205758615153,0.129772305787448,8.95458841622838,3.41005390325567e-19,5.51084160546594e-18,APEX2,APEX2,1.16205758615153,-0.206720208864854,FALSE
3281.19580563292,1.21215585018188,0.159302152484087,7.60916178017723,2.75879250095062e-14,2.59240966554722e-13,P3H1,P3H1,1.21215585018188,-0.206282657364124,FALSE
609.225460129448,2.37820867907728,0.248252527937208,9.57979642277323,9.72364064939057e-22,1.99736911589964e-20,LRFN1,LRFN1,2.37820867907728,-0.206274645841882,FALSE
1842.08415569304,2.06701369540363,0.235042697011602,8.79420514521071,1.44064154596994e-18,2.17447615395474e-17,C1QTNF6,C1QTNF6,2.06701369540363,-0.205217453976454,FALSE
566.125995294489,2.16157363744291,0.358022634322204,6.03753346917612,1.56487712300111e-09,8.21584128202816e-09,MSI1,MSI1,2.16157363744291,-0.204666445867232,FALSE
787.700741392649,1.23385684026289,0.357868124112374,3.44779754643766,0.000565177502597671,0.00130433660559659,FOSL1,FOSL1,1.23385684026289,-0.204359149464775,FALSE
85.4466128886814,2.95775220381517,0.23991192717167,12.3284917039524,6.36265426723037e-35,3.59772904086538e-33,FBXO43,FBXO43,2.95775220381517,-0.204163134310859,FALSE
11.8579553178624,2.15109007921205,0.431783498571131,4.98187190184548,6.29721177355573e-07,2.34365247431864e-06,BSND,BSND,2.15109007921205,-0.204086438873766,FALSE
3079.79295538586,1.59600397103072,0.213650457083885,7.4701640839649,8.00948834032979e-14,7.14277566087501e-13,PACSIN3,PACSIN3,1.59600397103072,-0.203889099415344,FALSE
18866.4239222106,1.21921412366234,0.150451440021827,8.10370524526357,5.33101723854108e-16,6.07624076768912e-15,TAPBP,TAPBP,1.21921412366234,-0.203756324573787,FALSE
3287.68467196721,2.0368397746391,0.164141541693061,12.4090449841632,2.3342032047935e-35,1.36120078164099e-33,E2F3,E2F3,2.0368397746391,-0.203704584540505,FALSE
2281.50461206473,1.57824347335527,0.187486482745642,8.41790538839239,3.83275109097512e-17,4.94350928690987e-16,TMEM54,TMEM54,1.57824347335527,-0.203006275293912,FALSE
5077.77237273976,1.48037103610972,0.24037818290119,6.15850830654727,7.34333334120709e-10,4.00792860563746e-09,HLA-F,HLA-F,1.48037103610972,-0.202900563896671,FALSE
1377.04967541817,1.23229270005948,0.142320885564143,8.65855137968553,4.7779726892085e-18,6.83950653979121e-17,GTPBP3,GTPBP3,1.23229270005948,-0.20256283511869,FALSE
2021.02670362981,1.46603453235599,0.206434888322706,7.10168007097828,1.23249284838687e-12,9.57882858643425e-12,P3H4,P3H4,1.46603453235599,-0.20236921141851,FALSE
49.4884979208568,1.91487200950289,0.223717790971503,8.55931931558725,1.13535852391907e-17,1.56176203920836e-16,TSACC,TSACC,1.91487200950289,-0.202246800358845,FALSE
1413.95517641317,1.22142838184703,0.173453955743726,7.041801823486,1.89769611263221e-12,1.44009445612762e-11,DTX2,DTX2,1.22142838184703,-0.202162534006008,FALSE
508.804500055888,2.36933219262594,0.248309374528429,9.54185558690886,1.40299141307303e-21,2.83722088165823e-20,P2RY6,P2RY6,2.36933219262594,-0.201808887145355,FALSE
11418.9950781086,1.13117495232479,0.126489932131665,8.94280622387665,3.79410675677257e-19,6.10123262361447e-18,HM13,HM13,1.13117495232479,-0.199518305726013,FALSE
2880.32225291083,4.64398675522466,0.207770075378722,22.3515669749825,1.16580008140145e-110,1.68827281788287e-107,KIF2C,KIF2C,4.64398675522466,-0.199210524442534,FALSE
429.739638594161,1.42532511490037,0.406591918419738,3.50554216729159,0.000455678313677869,0.00107010509933703,CXCL1,CXCL1,1.42532511490037,-0.198884683900906,FALSE
774.380244978199,1.58664823214287,0.499500810251865,3.17646778459244,0.00149080346376604,0.00317069699713087,CEACAM6,CEACAM6,1.58664823214287,-0.198641416521437,FALSE
236765.280273497,2.0178677181937,0.271016026080977,7.44556603302411,9.65296327437823e-14,8.51518760315457e-13,COL1A1,COL1A1,2.0178677181937,-0.198438627076366,FALSE
44.4892275528116,1.16909929260628,0.16562046787144,7.05890586852931,1.67818700692564e-12,1.28022536463361e-11,FANCG,FANCG,1.16909929260628,-0.198335884789263,FALSE
41.7539364731226,2.66502120827932,0.301157703940752,8.84925463770843,8.81057390434221e-19,1.36624170115698e-17,HCN2,HCN2,2.66502120827932,-0.197402292904169,FALSE
1343.434572695,4.25375561591723,0.355758048900267,11.9568780778583,5.97669065796463e-33,2.96751229297455e-31,CXCL11,CXCL11,4.25375561591723,-0.197325167065158,FALSE
6.84384388143864,1.70836426062291,0.388095795591472,4.40191385742611,1.07300160658794e-05,3.29901908797073e-05,SH2D6,SH2D6,1.70836426062291,-0.197229459816426,FALSE
526.276167669138,1.69292833765868,0.440216080111368,3.8456758263587,0.000120220619887882,0.00031253524470105,ANXA8,ANXA8,1.69292833765868,-0.196702014864082,FALSE
622.427280109727,3.84169683348767,0.311445437900991,12.3350557304004,5.86483315532802e-35,3.35260100570034e-33,OTX1,OTX1,3.84169683348767,-0.195858630332945,FALSE
4576.98668631805,1.65700962441577,0.238866745613046,6.93696236436383,4.00620498969948e-12,2.92192908412133e-11,VANGL2,VANGL2,1.65700962441577,-0.195695884286897,FALSE
11.9785922892259,3.50163043062901,0.510587989260538,6.85803525402206,6.98140331076212e-12,4.95734786438671e-11,IFNL1,IFNL1,3.50163043062901,-0.19542357441939,FALSE
2169.81313918908,1.50336496370784,0.145503583838987,10.3321507556229,5.0417253632032e-25,1.40558989350393e-23,KNTC1,KNTC1,1.50336496370784,-0.194440988309583,FALSE
1037.68922736546,3.30319405327587,0.207964412324664,15.8834582145674,8.25016389433453e-57,1.22889726990639e-54,DIAPH3,DIAPH3,3.30319405327587,-0.194426927046011,FALSE
22035.9525908955,1.05577928054715,0.137531934323706,7.67661187737088,1.6335139490338e-14,1.57008879459676e-13,SEPTIN9,SEPTIN9,1.05577928054715,-0.194395767022248,FALSE
2168.08142998707,1.17357798200189,0.222047225191977,5.28526299298377,1.25524291950997e-07,5.13583694598435e-07,ABCD1,ABCD1,1.17357798200189,-0.193318896161694,FALSE
857.171126323378,1.21265224811392,0.159432772167404,7.60604129018489,2.82619030957635e-14,2.65191874729038e-13,CTU2,CTU2,1.21265224811392,-0.19310855969098,TRUE
143.863187230347,1.79230931843024,0.233487319487573,7.67625977446553,1.63800791208734e-14,1.57382794855808e-13,LHFPL5,LHFPL5,1.79230931843024,-0.192893324888012,FALSE
355.014017873892,1.87869207187146,0.243841949051558,7.70454829113192,1.3130691838879e-14,1.28050035227856e-13,MYRF,MYRF,1.87869207187146,-0.192409391286217,FALSE
2185.06248530785,4.9114568363683,0.215360124262116,22.8057856727021,4.01740619076845e-115,8.72681059789677e-112,MELK,MELK,4.9114568363683,-0.192239630678702,FALSE
8510.32582458372,1.0022283596385,0.130728927864809,7.6664620142448,1.76805494180566e-14,1.69191953627196e-13,CUTA,CUTA,1.0022283596385,-0.191960446862197,FALSE
1599.71806828683,4.46172341847629,0.200460683548498,22.2573491195187,9.5744030144917e-110,1.24787981689378e-106,CDCA3,CDCA3,4.46172341847629,-0.190300151828118,FALSE
1868.95611438596,3.51286362645121,0.181629808146058,19.3407880694689,2.43721956116148e-83,8.94802849306992e-81,E2F1,E2F1,3.51286362645121,-0.190012472597994,FALSE
1905.38023961343,1.54445117793357,0.383970432709858,4.02231798691806,5.76281838778304e-05,0.000157413168725076,SMOC1,SMOC1,1.54445117793357,-0.189246904784169,FALSE
3996.17370429884,1.73449761606885,0.14940120351251,11.6096629430674,3.68063578419318e-31,1.60978411051281e-29,RTKN,RTKN,1.73449761606885,-0.189059964215041,FALSE
123.179113357598,1.2893709561227,0.26530342656245,4.85998606512227,1.17394015687937e-06,4.19365466210423e-06,CARMIL3,CARMIL3,1.2893709561227,-0.188625381567858,FALSE
10.1153859179646,2.05943010597055,0.25657532246022,8.02661022199379,1.0020280704355e-15,1.10959497502304e-14,KLF1,KLF1,2.05943010597055,-0.18830044417239,FALSE
1364.47632216719,5.7272590757568,0.710361315979333,8.0624591273822,7.47747509257119e-16,8.38345562314208e-15,CASP14,CASP14,5.7272590757568,-0.188166064773982,FALSE
627.88521265858,2.76699184010342,0.274155301185856,10.0927898462471,5.94552711429205e-24,1.49885933547631e-22,ETV7,ETV7,2.76699184010342,-0.188128562415256,FALSE
120.734735785144,1.24384617756599,0.196215381304551,6.3391879336686,2.30979351447483e-10,1.35576193519062e-09,MBLAC1,MBLAC1,1.24384617756599,-0.187023759269232,FALSE
213.127383034876,2.08827625024856,0.465947573743037,4.48178371972854,7.40217406022947e-06,2.33995235542083e-05,OCA2,OCA2,2.08827625024856,-0.186418041794785,FALSE
16.1765024799407,2.25783027080535,0.582385173944198,3.87686770168652,0.000105809854213201,0.000277479423518664,CTNNA2,CTNNA2,2.25783027080535,-0.18609198660132,FALSE
1272.31907922138,4.45033253529876,0.222780806201206,19.9762834652794,8.8577714799361e-89,4.19810053031808e-86,DEPDC1,DEPDC1,4.45033253529876,-0.186073046982307,FALSE
920.478059440469,1.53924789820233,0.13170005281686,11.6875268102039,1.47622996583642e-31,6.66913111255772e-30,WDR4,WDR4,1.53924789820233,-0.185975141031161,FALSE
935.989338030713,1.85059715534255,0.180233413125706,10.2677806697908,9.84432332263166e-25,2.67582873880125e-23,SAC3D1,SAC3D1,1.85059715534255,-0.185902445096462,FALSE
6695.12288844524,1.09395017652658,0.0947170232881396,11.5496680380111,7.41061149459907e-31,3.15126280309484e-29,GATAD2A,GATAD2A,1.09395017652658,-0.185164541624346,FALSE
139.262720007819,1.57993488742927,0.301177373154609,5.24586183510608,1.55553445666853e-07,6.2894550460646e-07,ENHO,ENHO,1.57993488742927,-0.185032174021171,FALSE
300.706614754955,3.35778920413256,0.324241068221617,10.3558417894106,3.93707873745012e-25,1.10590335613268e-23,H3C10,H3C10,3.35778920413256,-0.184786459622086,FALSE
19.763716914756,5.73267196890651,0.528235513074019,10.8524925473975,1.94059879779947e-27,6.49365710683425e-26,H3C2,H3C2,5.73267196890651,-0.184592498555325,FALSE
18.0371929501343,3.17304805573408,0.618941783939003,5.126569474015,2.95069204221985e-07,1.14731040370741e-06,SULT1E1,SULT1E1,3.17304805573408,-0.184569933134618,FALSE
1069.90013770754,1.42489968093424,0.194290683530047,7.33385489744227,2.23625213910234e-13,1.90001253291984e-12,FBXO41,FBXO41,1.42489968093424,-0.18440393347394,FALSE
82.3242596879502,2.80052002445619,0.496106314220809,5.64499975948647,1.65181479797772e-08,7.61546804720289e-08,KRT9,KRT9,2.80052002445619,-0.184383512687718,FALSE
17099.4816586278,1.19646109386215,0.142690098986177,8.38503233485075,5.07118145449462e-17,6.45461362179254e-16,SSR2,SSR2,1.19646109386215,-0.184266580345158,FALSE
1006.85351353855,6.02740292516897,0.462443081847957,13.0338265653862,7.85664373811498e-39,5.55011198703098e-37,CA9,CA9,6.02740292516897,-0.183651564636956,FALSE
351.078265744105,1.8386850990846,0.222644932213042,8.25837390866466,1.47670348506537e-16,1.79539317841413e-15,MCOLN2,MCOLN2,1.8386850990846,-0.183545884427408,FALSE
21.8273251950024,1.03423531379101,0.254701484408548,4.06057827339583,4.89513224777186e-05,0.00013528402457698,IFI30,IFI30,1.03423531379101,-0.183365082246878,FALSE
2217.53594132415,1.56717447012212,0.267213553511787,5.86487642384124,4.49467318139663e-09,2.23507527316799e-08,TMPRSS13,TMPRSS13,1.56717447012212,-0.183224773127333,FALSE
38.6224415398266,4.47576248230001,0.488520309754231,9.16187596080031,5.10028428778589e-20,8.85147207255092e-19,IGSF23,IGSF23,4.47576248230001,-0.182431166983101,FALSE
11797.8468593109,2.36920214697158,0.24389326616817,9.71409413713768,2.6257332663342e-22,5.72282517170013e-21,FSCN1,FSCN1,2.36920214697158,-0.182304622003107,FALSE
48.7586986327822,1.7331990801502,0.267988889369204,6.46742887076337,9.96844366326493e-11,6.12125844453067e-10,TIGD3,TIGD3,1.7331990801502,-0.182291140304782,FALSE
20.8662144155483,1.02594159586956,0.298917510810781,3.4321896803128,0.00059872864392373,0.00137495018598889,GPA33,GPA33,1.02594159586956,-0.182266615303538,FALSE
4940.00147710943,1.0147625572432,0.135032876537232,7.5149295731948,5.69415787876802e-14,5.17537006366269e-13,SSBP1,SSBP1,1.0147625572432,-0.181911467559783,FALSE
3391.31642718807,1.46653939962773,0.143189266506956,10.241964606729,1.28598121595085e-24,3.45453190481009e-23,AP1S1,AP1S1,1.46653939962773,-0.181688445926111,FALSE
8.20338227539111,2.16480496288847,0.334614628709231,6.46954668789935,9.82973564545994e-11,6.04747979868313e-10,ASCL5,ASCL5,2.16480496288847,-0.18165587239299,FALSE
98.7040083657216,3.49838386122078,0.365863495901412,9.56199211020353,1.1551149879281e-21,2.35789995225699e-20,TMEM92,TMEM92,3.49838386122078,-0.180737483639025,FALSE
47.3998080246883,1.17602134710246,0.3419971350307,3.43868771589824,0.000584541115189625,0.00134592644197933,KCNN1,KCNN1,1.17602134710246,-0.180472398344992,FALSE
743.876531827515,1.22597094932904,0.187066053833764,6.55367943142961,5.61364080818939e-11,3.55776258077007e-10,ARHGAP33,ARHGAP33,1.22597094932904,-0.18000833885493,FALSE
9291.63049810287,1.29761934071534,0.150196819025589,8.63945953804961,5.64795628245234e-18,8.00572465550218e-17,SLC25A39,SLC25A39,1.29761934071534,-0.179738031352356,FALSE
2857.5715398696,1.07151256295664,0.170997836205752,6.26623463040405,3.69882881780513e-10,2.10794426746232e-09,MRPS26,MRPS26,1.07151256295664,-0.179007890932979,FALSE
1208.67139804179,3.18664606891963,0.199332243637667,15.9866061343899,1.584303063121e-57,2.44367029268491e-55,FANCA,FANCA,3.18664606891963,-0.179003023325766,FALSE
1775.04107615805,2.66212065405152,0.163464334178662,16.2856360528279,1.24824589927715e-59,2.09922747461016e-57,CIT,CIT,2.66212065405152,-0.178940385815311,FALSE
4823.52640138913,1.55695218356034,0.166211703077271,9.36728373956025,7.44231065063584e-21,1.41501613224015e-19,PDE7A,PDE7A,1.55695218356034,-0.178742107104721,FALSE
503.580954958697,1.22785115064426,0.182399194971384,6.73166979074058,1.67726952006738e-11,1.13444173792414e-10,ATXN7L2,ATXN7L2,1.22785115064426,-0.177996421284416,FALSE
1539.06200739615,1.07911217676057,0.233953892448662,4.61249934962021,3.9785579017916e-06,1.31161083629697e-05,HCK,HCK,1.07911217676057,-0.177984562088387,FALSE
5232.35590736871,1.17871327225421,0.117420417395031,10.0384013138766,1.03335287938081e-23,2.55079635481246e-22,GRAMD1A,GRAMD1A,1.17871327225421,-0.177898280964723,FALSE
530.449851250955,1.32322832654848,0.293821455213413,4.50351158184609,6.6839723384703e-06,2.12918375836375e-05,GZMA,GZMA,1.32322832654848,-0.177804495196712,FALSE
29.8431810813405,2.79963779702496,0.477186197106086,5.86697145475596,4.43827047895035e-09,2.2078701636412e-08,USH1G,USH1G,2.79963779702496,-0.177714417993921,FALSE
2794.06860245064,1.35372469993828,0.134673925287682,10.0518693358536,9.01410274988668e-24,2.23781539410758e-22,DPP3,DPP3,1.35372469993828,-0.177148640733954,FALSE
241.641005406689,2.08771403493317,0.290806077092631,7.17905917168359,7.01927641293703e-13,5.62642922066512e-12,VAX2,VAX2,2.08771403493317,-0.176880554473729,FALSE
2647.29596333131,1.11729213719927,0.176855918936915,6.31752753266805,2.65781100707656e-10,1.54818233567519e-09,B3GAT3,B3GAT3,1.11729213719927,-0.176661106381055,FALSE
1279.17182677696,1.63465801205796,0.262890765012824,6.21801230628326,5.03492081123688e-10,2.81200476418896e-09,DAPP1,DAPP1,1.63465801205796,-0.176474317081751,FALSE
19.6470939213068,1.32202775411671,0.499974460814982,2.64419056917775,0.00818865388168442,0.0150776040639873,NXPH2,NXPH2,1.32202775411671,-0.176124734732508,FALSE
814.232874540733,2.63610610225628,0.21071462827903,12.5103137062014,6.55647829476638e-36,3.99317102125409e-34,RTKN2,RTKN2,2.63610610225628,-0.176024301414099,FALSE
342.97243140205,1.31550483797202,0.24076264539932,5.46390755837632,4.65766151084386e-08,2.01545920655987e-07,CD72,CD72,1.31550483797202,-0.175671083512176,FALSE
54.9424289169822,1.89792359037914,0.245992179475457,7.71538182403274,1.20620578627283e-14,1.18070470262012e-13,RAB5IF,RAB5IF,1.89792359037914,-0.175610071639904,FALSE
11349.9489152552,4.32132012668508,0.211739149077827,20.4086969533288,1.39966619130624e-92,7.29701972175598e-90,CENPF,CENPF,4.32132012668508,-0.175529270979323,FALSE
137.355907941391,1.18110304993717,0.273358348729227,4.32071328872087,1.55525644774253e-05,4.65933453893858e-05,VMO1,VMO1,1.18110304993717,-0.175492641865664,FALSE
152.57425109456,6.27607077973391,0.441632869040364,14.211059048597,7.82333588951636e-46,7.69550553328388e-44,EPYC,EPYC,6.27607077973391,-0.175174551994979,FALSE
5254.85841021696,3.76747572197691,0.478646846795233,7.87109692083411,3.51545151046364e-15,3.67136516519454e-14,S100A8,S100A8,3.76747572197691,-0.174980646261935,FALSE
35.8553000274042,1.30004862065436,0.509474814388308,2.55174266507216,0.0107185653234817,0.0192491107328418,FAM133A,FAM133A,1.30004862065436,-0.174748516093459,FALSE
16227.4337266034,1.16462191298441,0.254734494690387,4.57190501192204,4.83310035218969e-06,1.5738216974457e-05,VCAN,VCAN,1.16462191298441,-0.174432473945252,FALSE
285.013232060002,2.16951781108732,0.264918547822226,8.18937680627471,2.62582246843285e-16,3.09296494734023e-15,CYP27B1,CYP27B1,2.16951781108732,-0.174388405439694,FALSE
35.3325054748465,1.29610818303617,0.45233081468448,2.86539882086136,0.00416484342403758,0.00814257657949355,UPK1A,UPK1A,1.29610818303617,-0.1743420038373,FALSE
553.461219264422,5.25669714163781,0.574751064218732,9.14604159764945,5.90579548055313e-20,1.0215419428771e-18,SBSN,SBSN,5.25669714163781,-0.174311916869926,FALSE
1688.27934833934,1.30506605765709,0.15532733620815,8.40203720424463,4.38798760472895e-17,5.61520240021942e-16,THOC6,THOC6,1.30506605765709,-0.172792962948154,FALSE
1999.78869954208,1.82703971658422,0.25239811951009,7.2387215884593,4.52933722619557e-13,3.70461981409601e-12,BCL11A,BCL11A,1.82703971658422,-0.172255786738665,FALSE
9.78883440577912,2.61243679505019,0.485080581783582,5.38557281646811,7.22142914351813e-08,3.04449285919597e-07,CHRNA9,CHRNA9,2.61243679505019,-0.172228711541958,FALSE
218.675629898053,1.20432499027349,0.293084718417243,4.10913607770905,3.97142021361191e-05,0.000111410902613239,SIT1,SIT1,1.20432499027349,-0.171832188219944,FALSE
554.430665968663,1.46741153267595,0.268908458682759,5.45691846163571,4.84468687531654e-08,2.09187432133305e-07,FAM222A,FAM222A,1.46741153267595,-0.171763086797687,FALSE
373.460063431469,1.5122046556768,0.228963425615728,6.60456861880964,3.98676519688027e-11,2.57809497363131e-10,CCDC28B,CCDC28B,1.5122046556768,-0.171727881907033,FALSE
50323.0510438453,1.19651185402794,0.315429640149534,3.793276540089,0.000148672424699172,0.000380729354026261,KRT19,KRT19,1.19651185402794,-0.171302977416375,FALSE
3909.61040920811,2.99396583022926,0.29104939712713,10.2867961926116,8.08208755269105e-25,2.20834146997901e-23,LRRC15,LRRC15,2.99396583022926,-0.171175027914983,FALSE
4228.41679461423,1.16571964122526,0.140057036564886,8.32317796960668,8.56357196083802e-17,1.06858128436173e-15,LYPLA2,LYPLA2,1.16571964122526,-0.17103305826866,FALSE
215.782634337954,1.41509404145861,0.299891038602582,4.71869398983244,2.37363555488468e-06,8.09863324727473e-06,CTLA4,CTLA4,1.41509404145861,-0.170929510533821,FALSE
217.184748212245,1.89137972087019,0.281137043039241,6.72760764794054,1.72475229874657e-11,1.16474399407842e-10,RTN4RL2,RTN4RL2,1.89137972087019,-0.170769540365608,FALSE
565.223230420706,4.00422927953749,0.208281433152007,19.2250899129119,2.28243182393155e-82,7.9328200472565e-80,RAD54L,RAD54L,4.00422927953749,-0.170498129015149,FALSE
2573.58367364938,1.11264247918964,0.197420987011572,5.63588753167577,1.74159019524603e-08,7.99683488100729e-08,KCTD15,KCTD15,1.11264247918964,-0.170459975668181,FALSE
345.476292450715,3.29310895391432,0.389883544698149,8.44639123321779,3.00445651327303e-17,3.92961203870988e-16,IGFBPL1,IGFBPL1,3.29310895391432,-0.17044540051741,FALSE
578.380842107682,3.6505998421134,0.188736781336334,19.3422809071218,2.36767229549806e-83,8.8168733895354e-81,ERCC6L,ERCC6L,3.6505998421134,-0.170283110085701,FALSE
2624.53791713428,1.10158072152788,0.204094511133677,5.39740493464999,6.76116770135064e-08,2.86388297808104e-07,GADD45GIP1,GADD45GIP1,1.10158072152788,-0.169753790384201,FALSE
10.4365347432509,2.80660166249287,0.36925313153868,7.60075249950554,2.94413710128641e-14,2.75564889835666e-13,H4C4,H4C4,2.80660166249287,-0.169044041151326,FALSE
48.6425193922384,1.92086817928163,0.403900186702869,4.75579918633394,1.97662881835861e-06,6.81725104632891e-06,SYT16,SYT16,1.92086817928163,-0.168742025475685,FALSE
495.658137859814,1.83755626208522,0.261631770376819,7.02344466590832,2.16463900885675e-12,1.63174219328713e-11,HSPA6,HSPA6,1.83755626208522,-0.168515109980017,FALSE
203.927204569072,4.07734770722473,0.612668450775326,6.65506392905476,2.8317693936264e-11,1.86639020944777e-10,NKX2-5,NKX2-5,4.07734770722473,-0.168064000085704,FALSE
13.3164512676418,1.80245610138141,0.743291770380007,2.42496442609597,0.0153098868845155,0.0265647887518249,CSMD3,CSMD3,1.80245610138141,-0.168038260815789,FALSE
15.2401356225106,1.38442860569953,0.366865515315266,3.77366786439392,0.000160864892629149,0.000409378615265453,RASL11B,RASL11B,1.38442860569953,-0.167282970865513,FALSE
1470.56188949803,4.64903026956582,0.223683689245287,20.7839484642432,6.0474578719233e-96,3.75331153208154e-93,EXO1,EXO1,4.64903026956582,-0.1670462572651,FALSE
34.0495423596287,5.06959334201835,0.424910071788577,11.9309794674409,8.16075864310382e-33,3.99111623920802e-31,OR2B6,OR2B6,5.06959334201835,-0.166914819083008,FALSE
21.2909310774404,3.74943391214417,0.506889926592599,7.39693908961361,1.39359433328293e-13,1.20807527388381e-12,CLPS,CLPS,3.74943391214417,-0.166820930887896,FALSE
217.229434484596,1.12344508915873,0.300605633989272,3.73727223355642,0.000186027475720017,0.000469018107127739,TGM1,TGM1,1.12344508915873,-0.166774507127414,FALSE
1092.41923441052,1.144643632099,0.286655693006809,3.99309575921037,6.52162153910365e-05,0.000176769375751081,CCDC85B,CCDC85B,1.144643632099,-0.16636580115886,FALSE
13197.4605311011,1.78659974410114,0.279103707328236,6.40120391521718,1.54156521805926e-10,9.24619892755422e-10,MDK,MDK,1.78659974410114,-0.166223219801279,FALSE
6136.26841722448,1.76573964862196,0.371551054170517,4.75234729871497,2.01068613706821e-06,6.92921146681081e-06,SFN,SFN,1.76573964862196,-0.166137274426393,FALSE
95.0351357286423,1.39026595417115,0.239741970675953,5.79900945275162,6.67077726322533e-09,3.23872510561547e-08,IL23A,IL23A,1.39026595417115,-0.165906853072989,FALSE
88.6572774950725,2.6133227958179,0.322457211883624,8.10440176094142,5.30056788159773e-16,6.04947035768862e-15,IL11,IL11,2.6133227958179,-0.165453970314234,FALSE
1374.95776953166,1.23716102194941,0.129588060895893,9.54687502379797,1.33667394112083e-21,2.71152370608535e-20,ZNF74,ZNF74,1.23716102194941,-0.165282307641373,FALSE
11.0280485892907,2.02743766765026,0.360350892890136,5.62628734284385,1.84129533431564e-08,8.42644759122295e-08,CR1L,CR1L,2.02743766765026,-0.165252329865539,FALSE
1761.28636482325,2.09759930295048,0.188260400808195,11.1420101834776,7.83310662778527e-29,2.92529499235643e-27,LAGE3,LAGE3,2.09759930295048,-0.165150014527562,FALSE
6154.15936671488,1.23964700615929,0.142804999004238,8.68069755823113,3.93348841631687e-18,5.68056745419014e-17,NSD2,NSD2,1.23964700615929,-0.164641397008739,FALSE
68.8545192836443,1.63972573587367,0.335949867714602,4.88086435940097,1.05621873168639e-06,3.79287142566045e-06,RGS20,RGS20,1.63972573587367,-0.16458701605093,FALSE
22.7454378018376,2.15417293433494,0.466132090008673,4.62137874758817,3.8119810767248e-06,1.26052151118845e-05,ANKRD34B,ANKRD34B,2.15417293433494,-0.164375541285306,FALSE
338.832897569044,1.9016480938782,0.314720583139529,6.0423378569908,1.5189696998122e-09,7.99091486680216e-09,CXCR3,CXCR3,1.9016480938782,-0.164336080674488,FALSE
31.0067798386343,1.77286143426085,0.371059092646582,4.77784123713531,1.77187190901461e-06,6.1492990350531e-06,HPCAL4,HPCAL4,1.77286143426085,-0.164150053066332,FALSE
8229.83393889041,1.04101918937277,0.116646311673878,8.92457870663992,4.47398792299137e-19,7.15481246555926e-18,KDM1A,KDM1A,1.04101918937277,-0.164103097069647,FALSE
572.991388422609,1.34641616112589,0.289679951986118,4.6479438839123,3.35260084799712e-06,1.11721878647673e-05,CD5,CD5,1.34641616112589,-0.162597494489632,FALSE
546.675141746025,1.26576769887478,0.277080457562593,4.56823158879345,4.9185640937701e-06,1.59985288535444e-05,TET1,TET1,1.26576769887478,-0.162513878523759,FALSE
394.548104345681,2.9714055279386,0.299506032984844,9.92102061626576,3.3728938473695e-23,7.97833247907267e-22,ARL9,ARL9,2.9714055279386,-0.162422996319421,FALSE
703.599681410823,3.24702176668441,0.470082031361565,6.90735137711945,4.93785828027233e-12,3.56947176350136e-11,DKK1,DKK1,3.24702176668441,-0.162397434528222,FALSE
575.146725035447,1.59522354311591,0.313452202163919,5.08920828152834,3.59561521091447e-07,1.38301463336148e-06,KCNQ4,KCNQ4,1.59522354311591,-0.162278763437046,FALSE
15734.9996363699,1.89249491080503,0.176274393388304,10.7360738813389,6.89130379123814e-27,2.20682574847917e-25,IDH2,IDH2,1.89249491080503,-0.162078765563283,FALSE
1320.8122341001,2.18715140723425,0.210688926675355,10.380950920142,3.0274448577322e-25,8.55926302673592e-24,CHTF18,CHTF18,2.18715140723425,-0.161988550156248,FALSE
342.11478854058,1.63219021247045,0.285083400128194,5.72530779321594,1.03246379547657e-08,4.88532106674308e-08,ELOVL4,ELOVL4,1.63219021247045,-0.161905663874584,FALSE
3.23189379066518,1.32155416288382,0.585994489122619,2.2552330907796,0.0241187018964068,0.0399886911546646,MEPE,MEPE,1.32155416288382,-0.161787276005809,FALSE
3571.90479105213,1.58635894721078,0.158268170190716,10.0232342693998,1.20494024967131e-23,2.95199036543065e-22,TET3,TET3,1.58635894721078,-0.161398934789131,FALSE
67.7239114591664,4.62835994294383,0.593588171730797,7.79725770048341,6.32669574979881e-15,6.42203964602826e-14,C11orf86,C11ORF86,4.62835994294383,-0.161300546777869,FALSE
933.174008348675,1.34417727261453,0.316646098539505,4.24504605872108,2.18548524727767e-05,6.39239721059099e-05,RASGEF1A,RASGEF1A,1.34417727261453,-0.161141497046167,FALSE
1100.0896494466,4.0103224411795,0.232804997184881,17.226101199171,1.69177071153398e-66,3.61470386373411e-64,CCNE1,CCNE1,4.0103224411795,-0.161052092325576,FALSE
181.279538970448,6.27359559281267,0.562990963291298,11.1433326676092,7.717622400973e-29,2.88630219693204e-27,CLDN6,CLDN6,6.27359559281267,-0.160931071885892,FALSE
108.389086419029,1.45361918095379,0.330635956754839,4.39643405762921,1.10043771270003e-05,3.37909174896358e-05,LRRC55,LRRC55,1.45361918095379,-0.160355920947982,FALSE
1601.86726720441,1.09316728167604,0.145534857761122,7.51137767606397,5.85083267038335e-14,5.30851567068857e-13,PTRH2,PTRH2,1.09316728167604,-0.160348365635275,FALSE
625.57674173188,1.12654975752704,0.119599957402505,9.41931570874831,4.54037313174183e-21,8.8060942280591e-20,TIMM8A,TIMM8A,1.12654975752704,-0.160342177770023,FALSE
80.5220861511625,1.81329178847501,0.207163402703344,8.75295426128728,2.07838940212082e-18,3.08878999686907e-17,SLC39A1,SLC39A1,1.81329178847501,-0.160148312053226,FALSE
12.5917491829195,1.43460204419683,0.31421350402664,4.56569188087855,4.9784956917709e-06,1.61692558182646e-05,CLEC18B,CLEC18B,1.43460204419683,-0.159596687421779,FALSE
25.8205110611694,1.31016582281525,0.452706836061564,2.8940712144163,0.00380281903124253,0.00749380735465672,ACTBL2,ACTBL2,1.31016582281525,-0.159228127537436,FALSE
794.491459359578,2.92565315700314,0.317867452602167,9.20400353371441,3.44855941425042e-20,6.0697905638937e-19,APLP1,APLP1,2.92565315700314,-0.158805546887126,FALSE
666.408807555941,2.43890896037002,0.270740545760907,9.00828855728108,2.09297053153223e-19,3.45300397756018e-18,CELSR3,CELSR3,2.43890896037002,-0.158772745822537,FALSE
4873.66870455608,1.54410302877759,0.137425566498915,11.235922602435,2.7164122000392e-29,1.04283824474848e-27,B4GALT3,B4GALT3,1.54410302877759,-0.158587634064641,FALSE
1849.39400666979,1.14852370348719,0.350978491842499,3.27234782239188,0.00106658272773893,0.00233184701534603,NDUFA4L2,NDUFA4L2,1.14852370348719,-0.158281228345179,FALSE
1313.53422289646,1.01655235391284,0.117167853958156,8.67603459115917,4.09807565229442e-18,5.90190817836236e-17,CSTF2,CSTF2,1.01655235391284,-0.157872392003521,FALSE
10414.0114150396,1.1149985633073,0.211651011921967,5.26809937350257,1.37843485682501e-07,5.60818813998089e-07,SOX9,SOX9,1.1149985633073,-0.15787104888718,FALSE
62.0498448203141,1.64662355534309,0.314261017124337,5.2396685099877,1.60865296482253e-07,6.49717335513308e-07,MEIOC,MEIOC,1.64662355534309,-0.157647099385623,FALSE
3303.78420027136,3.45186620613825,0.362496891342063,9.52247119515564,1.69108945232378e-21,3.39611931846872e-20,GBP5,GBP5,3.45186620613825,-0.157311543188573,FALSE
1333.85047476718,4.12807957099277,0.447189658974614,9.23116062311967,2.67715120171019e-20,4.75053099897751e-19,GNG4,GNG4,4.12807957099277,-0.157133201467856,FALSE
1204.18864732796,2.14446280169864,0.184355635205399,11.6322064107745,2.82694650986868e-31,1.25110381447788e-29,FBXL6,FBXL6,2.14446280169864,-0.157127370937454,FALSE
220.202637880278,1.07895186274585,0.20103382492512,5.36701653638504,8.00497200411833e-08,3.35421323310324e-07,ARL11,ARL11,1.07895186274585,-0.156641227905834,FALSE
716.262082901485,1.41347601400694,0.201155098989617,7.02679684038183,2.11328716537905e-12,1.59533902519362e-11,CDH24,CDH24,1.41347601400694,-0.156256796815857,FALSE
6463.48641154057,4.90823975577898,0.254595237336086,19.2786000521279,8.12457134378044e-83,2.90113974271678e-80,MYBL2,MYBL2,4.90823975577898,-0.156115559343546,FALSE
1186.85462789999,2.3170481532927,0.26653921294917,8.69308544756066,3.52726888481657e-18,5.11660089151439e-17,FNDC10,FNDC10,2.3170481532927,-0.156014608548977,FALSE
956.019914060173,1.07693538097071,0.216696600078233,4.96978439247271,6.70273927572265e-07,2.4864138992495e-06,TESMIN,TESMIN,1.07693538097071,-0.155947769106186,FALSE
4614.51668453895,5.02134262667033,0.228314198058121,21.9931246912295,3.35100411116004e-107,3.6396093402337e-104,FOXM1,FOXM1,5.02134262667033,-0.155872197971931,FALSE
438.608526078108,1.35259422135304,0.407717230352115,3.31748113805468,0.000908330484684856,0.00201458782815282,CHRM1,CHRM1,1.35259422135304,-0.155743607000221,FALSE
57.95302855004,1.94564279027181,0.202688674314455,9.59916875894753,8.05917325065691e-22,1.67099239295647e-20,NUDT3,NUDT3,1.94564279027181,-0.155428533730063,FALSE
1733.22613041559,1.16791503978684,0.148231578322692,7.87898943667963,3.30039392759723e-15,3.45646317841209e-14,CCSAP,CCSAP,1.16791503978684,-0.155406011711212,FALSE
4681.31630173053,1.9367949330974,0.559253723103573,3.46317754014971,0.000533836029937891,0.00123715360885411,DSG3,DSG3,1.9367949330974,-0.15496481678327,FALSE
97.8634063553346,2.72982613751767,0.336875047111304,8.10337886681091,5.34534466768695e-16,6.08724768250746e-15,UNC13A,UNC13A,2.72982613751767,-0.15470974976282,FALSE
82.0525607361002,4.73328501579113,0.521358507053539,9.0787528193245,1.09826039664502e-19,1.85536965387854e-18,CAMKV,CAMKV,4.73328501579113,-0.154315791004946,FALSE
332.033329047,1.15669012255622,0.29581731715778,3.91015013478497,9.22387721999395e-05,0.000244273907846777,OVOL1,OVOL1,1.15669012255622,-0.152762652930417,FALSE
1927.74418529441,1.15457648911895,0.149280688295662,7.73426557916331,1.04001723761145e-14,1.02457026956983e-13,COMMD5,COMMD5,1.15457648911895,-0.152675357804956,FALSE
24.1338569473,1.11846949816668,0.204932508291285,5.4577456133847,4.82217851926013e-08,2.08284552546071e-07,PET117,PET117,1.11846949816668,-0.152663440579424,FALSE
212.627600323358,2.5406985934627,0.166933378059041,15.2198357392858,2.61185998479582e-52,3.24206448684155e-50,RAD54B,RAD54B,2.5406985934627,-0.152407676833791,FALSE
31.7582911998939,1.93893141340597,0.349543738913693,5.54703517056766,2.90554313232194e-08,1.29734143251518e-07,IL1A,IL1A,1.93893141340597,-0.152248170724817,FALSE
92.1401708587355,1.0190744078384,0.234588953316775,4.34408523261663,1.39857211540513e-05,4.2165833139331e-05,TMIGD3,TMIGD3,1.0190744078384,-0.152176759793386,FALSE
3269.23825110127,1.05441309094374,0.193842759434405,5.43952786279101,5.34219543297391e-08,2.29415170265784e-07,CCDC124,CCDC124,1.05441309094374,-0.151788323871083,FALSE
155.834961993681,2.24771006060683,0.53209893146535,4.22423336655996,2.39755514844848e-05,6.96967436763763e-05,CWH43,CWH43,2.24771006060683,-0.15178424157681,FALSE
772.224181964919,1.31611458159912,0.2358951122794,5.57923633466505,2.4157682757045e-08,1.09061017739503e-07,MYO1G,MYO1G,1.31611458159912,-0.15159379171932,FALSE
607.75914379481,1.01557507562301,0.12079981512565,8.40709130694169,4.20303871612168e-17,5.39707439473616e-16,DBF4B,DBF4B,1.01557507562301,-0.151532634873562,FALSE
6744.77085722609,1.22778894045956,0.139616316937817,8.79402184063054,1.44299508043927e-18,2.17676809964181e-17,NAXE,NAXE,1.22778894045956,-0.150907792115435,FALSE
7.27309022145525,2.82679430252863,0.436952761017171,6.46933617251488,9.84343860717609e-11,6.04931570096824e-10,CACNG5,CACNG5,2.82679430252863,-0.150356967295326,FALSE
6144.25030639134,2.88004743875472,0.168057470684771,17.1372770696811,7.82293326821746e-66,1.60567245277657e-63,HMGB3,HMGB3,2.88004743875472,-0.150348816087211,FALSE
24.7871234459344,1.55742178368993,0.232915257427759,6.68664561046621,2.28343939030218e-11,1.52036818868472e-10,MTFP1,MTFP1,1.55742178368993,-0.149849447448573,FALSE
2.29929842096924,2.85733462254472,0.665275867445289,4.29496207868941,1.74723199924004e-05,5.19301826898922e-05,SLC17A8,SLC17A8,2.85733462254472,-0.149729012045242,FALSE
2741.11271439316,1.55577655169131,0.267059427014594,5.8255818530094,5.6913955528484e-09,2.79287665429404e-08,PIM2,PIM2,1.55577655169131,-0.149489325195322,FALSE
1540.34573832358,1.17499982442277,0.13787028518508,8.52250231328256,1.56142532003128e-17,2.11767293534107e-16,ENTPD7,ENTPD7,1.17499982442277,-0.149330503636456,FALSE
468.828881025431,1.2975927300531,0.193671464649398,6.69996859063427,2.08464342571976e-11,1.3958489642496e-10,HPSE,HPSE,1.2975927300531,-0.149073521500992,FALSE
3865.07792557003,1.68801993613296,0.380685727305624,4.43415609006475,9.24336414412592e-06,2.87835113062872e-05,UCHL1,UCHL1,1.68801993613296,-0.149037534768629,FALSE
6388.86822224269,1.39040995633478,0.255977947747973,5.4317567922051,5.58019417834051e-08,2.39045064333282e-07,OAS2,OAS2,1.39040995633478,-0.148595595159472,FALSE
109.0179008851,1.67933288190142,0.476727854652388,3.52262378946983,0.000427297439786799,0.00100825808799052,C1QL2,C1QL2,1.67933288190142,-0.148532782870882,FALSE
28.2977227182419,1.61452393505544,0.466242214225912,3.4628437447175,0.000534498695843095,0.00123857920744439,ATP12A,ATP12A,1.61452393505544,-0.148143071398263,FALSE
172.704151313082,1.75683026170951,0.317175246042958,5.5389891980144,3.04222405730272e-08,1.35558383763607e-07,IL1R2,IL1R2,1.75683026170951,-0.148083106828583,FALSE
2046.30344045948,1.13002718730068,0.130364078812879,8.66824049685255,4.38849028119075e-18,6.29234192298126e-17,NDE1,NDE1,1.13002718730068,-0.147999129587613,FALSE
1020.22429563211,1.51652561648667,0.182555576054786,8.30719964440608,9.79870093804897e-17,1.21571983508864e-15,SIX4,SIX4,1.51652561648667,-0.147639067844216,FALSE
76.7815415019288,1.72196946358634,0.34998715325601,4.92009334504557,8.65029476775901e-07,3.15146378352445e-06,TIFAB,TIFAB,1.72196946358634,-0.147519594852968,FALSE
2180.74807964513,1.06354964015855,0.27935418952151,3.80717268633144,0.000140564596236689,0.00036142210792087,P3H3,P3H3,1.06354964015855,-0.14739370343167,FALSE
36.8960350037206,1.35743839006248,0.314964840740799,4.30980926909104,1.63395407063583e-05,4.879958840429e-05,SOX30,SOX30,1.35743839006248,-0.147164361461901,FALSE
161.391167372051,2.65195772952205,0.471871464585865,5.62008497769519,1.90863556705571e-08,8.71473170895798e-08,OPRK1,OPRK1,2.65195772952205,-0.146252505166767,FALSE
94.0022469316894,1.1774100095177,0.240634874472874,4.89293171697119,9.93448816285581e-07,3.58623878882651e-06,CAPN12,CAPN12,1.1774100095177,-0.145914963692626,FALSE
17.8374901132153,1.38306325861344,0.389825854198646,3.54790028346519,0.00038831520492899,0.000922984778212241,HKDC1,HKDC1,1.38306325861344,-0.145825195675746,FALSE
604.347493276886,1.15081157831368,0.325957842559805,3.53055342763392,0.00041469125324261,0.000981099736637785,NELL2,NELL2,1.15081157831368,-0.145779638577332,FALSE
24.9923373924287,1.00575416531884,0.265406935141772,3.78947959585758,0.000150963210096085,0.000386178409968071,TULP1,TULP1,1.00575416531884,-0.14575570164915,FALSE
179.374441731704,2.5142844406093,0.603631175910304,4.16526604481229,3.1098969376095e-05,8.87807288058994e-05,SLC5A8,SLC5A8,2.5142844406093,-0.145585639345896,FALSE
171.611422663208,1.13852423029455,0.453592923577304,2.5100132103373,0.0120726645155877,0.0214211521290466,SLC6A2,SLC6A2,1.13852423029455,-0.145426778517468,FALSE
3244.72570535522,2.55814384190638,0.257400689721294,9.93837213364214,2.83420682637822e-23,6.75313248109698e-22,DBNDD1,DBNDD1,2.55814384190638,-0.145360636544308,FALSE
14044.9769062509,2.11567978706517,0.18885747096002,11.2025210139187,3.96292918138079e-29,1.51025840600955e-27,PTK7,PTK7,2.11567978706517,-0.145232986271192,FALSE
335.910336334939,2.73564707115446,0.273009593383985,10.0203331217991,1.24084008900182e-23,3.03082001657631e-22,PRR7,PRR7,2.73564707115446,-0.145224564118712,FALSE
4050.89308110792,1.25537392997377,0.144356284688947,8.69635799147088,3.42706085174853e-18,4.97677967813532e-17,NIPSNAP1,NIPSNAP1,1.25537392997377,-0.144911176846907,FALSE
1586.93818668235,1.00453211203804,0.203327983486827,4.94045184933004,7.79417391207617e-07,2.86236589695815e-06,STXBP2,STXBP2,1.00453211203804,-0.144748615681717,FALSE
13738.0931160657,1.73251185949171,0.112699342162367,15.3728657705532,2.48911189704821e-53,3.1962403852392e-51,RCC2,RCC2,1.73251185949171,-0.144692527317495,FALSE
10847.3578929664,1.23616367946812,0.37729563983187,3.27637944615255,0.00105147190660509,0.00230054710336368,MUC1,MUC1,1.23616367946812,-0.144458805377615,FALSE
4239.78720952353,1.67795795329729,0.152188768001199,11.025504545014,2.87899492359411e-28,1.02383029567978e-26,LIMK1,LIMK1,1.67795795329729,-0.1444493383159,FALSE
165.628620136439,3.48126138200552,0.476229654127665,7.31004747779165,2.67048011150934e-13,2.24625379369841e-12,OGDHL,OGDHL,3.48126138200552,-0.144317128059809,FALSE
145.013585937563,2.79201972520813,0.244021256559686,11.4417070240978,2.58743855395293e-30,1.06048366015552e-28,CHRNA5,CHRNA5,2.79201972520813,-0.144289786725422,FALSE
11301.3309657984,1.32354508480249,0.155098391860397,8.53358354607447,1.4188290973391e-17,1.92929671780586e-16,F11R,F11R,1.32354508480249,-0.144289519971856,FALSE
924.193481170459,1.00160805252169,0.253373126909608,3.95309504499668,7.71467751718871e-05,0.000206509035572559,C2,C2,1.00160805252169,-0.143823042469147,FALSE
1962.00923260971,3.1416722495843,0.564519270750961,5.56521701270719,2.61826362645716e-08,1.17713483875231e-07,CXCL17,CXCL17,3.1416722495843,-0.143535643698303,FALSE
1030.53063627639,1.29402518512158,0.269391030741106,4.80351992997563,1.55900363339761e-06,5.45557091042764e-06,EPN3,EPN3,1.29402518512158,-0.143137226697432,FALSE
184.065720908422,1.04415607856163,0.308175121386002,3.38819069451677,0.000703553311037088,0.00159307888801284,EOMES,EOMES,1.04415607856163,-0.14310329351613,FALSE
843.698688696363,1.62468966803867,0.238683790423516,6.80687056777444,9.97445922400443e-12,6.94270303316752e-11,PLA2G7,PLA2G7,1.62468966803867,-0.143039320661966,FALSE
2901.81567671188,2.90256744651449,0.309459891522622,9.37946249587664,6.63098972790884e-21,1.26537342047877e-19,RASD2,RASD2,2.90256744651449,-0.142881300156221,FALSE
268.533467521901,4.56765678097539,0.41604821975289,10.9786716157284,4.83988231900153e-28,1.68890511926925e-26,MKRN3,MKRN3,4.56765678097539,-0.142760447220014,FALSE
870.60959118661,1.04791920857079,0.169100653672803,6.19701453430471,5.75441891996984e-10,3.19014117368894e-09,SMAGP,SMAGP,1.04791920857079,-0.142591326849413,FALSE
4108.08806471162,1.0769696928853,0.109934608331787,9.79645726880628,1.16603713667028e-22,2.61800947817263e-21,CBFB,CBFB,1.0769696928853,-0.142241662591544,FALSE
53.113850546655,2.7898744920324,0.338540856233646,8.24087976579983,1.7094895195596e-16,2.06111301139501e-15,CCR8,CCR8,2.7898744920324,-0.141954696049705,FALSE
6406.01817854206,1.55832854682382,0.181075456515285,8.60596227016707,7.56791576374989e-18,1.05946756290907e-16,TP53BP2,TP53BP2,1.55832854682382,-0.141924773577322,FALSE
214.821149087951,1.3503878177545,0.359906620753805,3.75205050389511,0.00017539411896634,0.000443883349426755,HNF4G,HNF4G,1.3503878177545,-0.141830097265566,FALSE
2550.29618023493,1.44652428554273,0.149387467436554,9.68303640435617,3.55983152990224e-22,7.64366791515336e-21,YIF1B,YIF1B,1.44652428554273,-0.141727370154897,FALSE
972.293090819987,1.14557230595979,0.200893917917325,5.70237425719991,1.18150063022922e-08,5.5402369001952e-08,CD86,CD86,1.14557230595979,-0.140905500718828,FALSE
1354.74457958237,1.11601893591647,0.423145461973876,2.63743567214569,0.00835354676033364,0.0153541040333957,CCL19,CCL19,1.11601893591647,-0.14050377988145,FALSE
10.7985163911838,2.9139673454492,0.441534928993659,6.59963041223189,4.12184032932412e-11,2.66082248302357e-10,DAZL,DAZL,2.9139673454492,-0.140377495676356,FALSE
3016.56288359114,1.06687663261948,0.134813659056698,7.91371319556566,2.49823452814915e-15,2.65368701895941e-14,VANGL1,VANGL1,1.06687663261948,-0.140227194270663,FALSE
4.65376345266122,3.84801165799113,0.817569475448296,4.70664790399759,2.51823297806611e-06,8.55726489887228e-06,LHX1,LHX1,3.84801165799113,-0.139915935946868,FALSE
2621.47078304531,1.92847756558678,0.172306182596505,11.1921553627751,4.45471310319959e-29,1.69026210278171e-27,MTHFD1L,MTHFD1L,1.92847756558678,-0.139501293009433,FALSE
6485.40477374749,2.36209345287228,0.370155986711646,6.38134607481676,1.75538105964408e-10,1.04588612758268e-09,CHI3L2,CHI3L2,2.36209345287228,-0.139355851324049,FALSE
6705.93433931747,1.67130272291264,0.1389903151075,12.0245984162278,2.63867893640834e-33,1.3434071061593e-31,SHMT2,SHMT2,1.67130272291264,-0.139346561026901,FALSE
15484.8660828292,4.21576047331528,0.255159986720116,16.5220281106987,2.54687724502636e-61,4.57858269973118e-59,SLC7A5,SLC7A5,4.21576047331528,-0.139325274084533,FALSE
650.663964893247,1.01847093461757,0.260748009312641,3.90595861998091,9.38525728726103e-05,0.000248194685712725,SCARF2,SCARF2,1.01847093461757,-0.138790520942769,FALSE
524.093133279082,1.25488708100316,0.193516265415432,6.48465945903424,8.89324230776081e-11,5.49727643434672e-10,FZD2,FZD2,1.25488708100316,-0.138717055795688,FALSE
419.91199001664,6.61746223320517,0.686560444503861,9.63857193664461,5.49470324125411e-22,1.15788544373299e-20,ORM1,ORM1,6.61746223320517,-0.138683467571834,FALSE
105.983268741624,3.2322915422904,0.417416542714244,7.74356359063415,9.66684058321292e-15,9.57755733495291e-14,KCNJ6,KCNJ6,3.2322915422904,-0.13854481392646,FALSE
3036.84192882537,1.23196783351422,0.174458413735475,7.06167049863359,1.64512722321246e-12,1.2564761596097e-11,ATF5,ATF5,1.23196783351422,-0.138516409483805,FALSE
2434.94825350467,4.59512965411736,0.203272823492227,22.6057255228369,3.80669112258166e-113,6.61526783282241e-110,CEP55,CEP55,4.59512965411736,-0.138180576908413,FALSE
4009.97252695702,1.35683894828477,0.226842034509144,5.98142646366571,2.21191913338561e-09,1.14106661488151e-08,IFIH1,IFIH1,1.35683894828477,-0.138123638885713,FALSE
2415.58236507643,2.8743229687993,0.341265874612065,8.42253264281609,3.68431757587511e-17,4.75912320368368e-16,CAPS,CAPS,2.8743229687993,-0.137609385996684,FALSE
1558.9278824602,1.26487795964767,0.230609743834739,5.48492851435677,4.13636650011193e-08,1.80486550984964e-07,EPSTI1,EPSTI1,1.26487795964767,-0.137228652662291,FALSE
492.924987712706,1.24749278751554,0.221603783815177,5.62938396645782,1.80854389434806e-08,8.28529238909857e-08,MICB,MICB,1.24749278751554,-0.137066226080511,FALSE
2189.91691860512,1.03362343625743,0.148901650854515,6.941651958361,3.87541053494529e-12,2.83287510977058e-11,TMEM208,TMEM208,1.03362343625743,-0.136988894505502,FALSE
29.1989218889136,1.85963449613847,0.23486926241167,7.91774316078435,2.41860314977583e-15,2.5764498694404e-14,SPATA12,SPATA12,1.85963449613847,-0.136925454254003,FALSE
47995.1718916275,1.23395650723192,0.236440068797514,5.21889759848054,1.79991238502368e-07,7.20268899914218e-07,DSP,DSP,1.23395650723192,-0.136608415052643,FALSE
20.8619700899217,1.28354737400694,0.285344927858526,4.49823090825474,6.85212533561238e-06,2.1782237941879e-05,DAND5,DAND5,1.28354737400694,-0.136191903908304,FALSE
679.341087398134,2.34559968230889,0.259981198298868,9.02218967239486,1.84366664413325e-19,3.06497821509066e-18,SLC2A6,SLC2A6,2.34559968230889,-0.135938673136531,FALSE
673.84933011727,1.37271454930843,0.228291992378352,6.01297721837481,1.82146642947802e-09,9.49603308344069e-09,ZNF428,ZNF428,1.37271454930843,-0.135617300180317,FALSE
12756.0452459608,1.02145919806558,0.226694052171717,4.50589324369149,6.60943126094781e-06,2.10749901748167e-05,LCP1,LCP1,1.02145919806558,-0.135382589509914,FALSE
2948.20597714019,1.35008529310262,0.262573187674494,5.1417484970944,2.72193330287832e-07,1.06359819226696e-06,SPOCK2,SPOCK2,1.35008529310262,-0.135211708368019,FALSE
1188.40774369178,2.71196134511715,0.201881463255755,13.4334341617164,3.85128690820716e-41,3.13723424488237e-39,LRP8,LRP8,2.71196134511715,-0.135061108224364,FALSE
3.6608974917679,1.1973813435326,0.394186444165088,3.03760152399135,0.00238469060731324,0.0048865443016142,OR13J1,OR13J1,1.1973813435326,-0.135060838681057,FALSE
103.175658525887,4.23867375975557,0.424155436469367,9.99320861012162,1.63211450020496e-23,3.95026264408937e-22,DLL3,DLL3,4.23867375975557,-0.134819371307094,FALSE
89.0482195571688,4.07468742948226,0.437448684541363,9.31466380737733,1.22339361206509e-20,2.26815087380518e-19,LPO,LPO,4.07468742948226,-0.134713129718562,FALSE
921.135259187127,2.59529426924035,0.319718449328977,8.11743668433068,4.76133065145362e-16,5.46274674698246e-15,LYPD5,LYPD5,2.59529426924035,-0.134522450276438,FALSE
525.623947662798,1.51870786221046,0.180230927012677,8.42645536691736,3.56293627859149e-17,4.61147268987311e-16,CCDC138,CCDC138,1.51870786221046,-0.134073581408432,FALSE
12577.8475028839,1.34656545265151,0.144800166099128,9.29947450287922,1.41141521251283e-20,2.59094086933606e-19,PSME4,PSME4,1.34656545265151,-0.133440304670578,FALSE
169.573291465071,1.56371829072139,0.320307011857542,4.88193587037944,1.05049422407881e-06,3.77543539763717e-06,RAB26,RAB26,1.56371829072139,-0.132947313802955,FALSE
1849.46989364785,1.71164161600463,0.225519752760651,7.58976362403711,3.20489596404033e-14,2.98898114828763e-13,NPM3,NPM3,1.71164161600463,-0.132932504494456,FALSE
588.153727837369,2.13690420041943,0.284407073741822,7.51354096895374,5.75491216593419e-14,5.22876596128988e-13,TIGIT,TIGIT,2.13690420041943,-0.132534488580434,FALSE
202.347437189159,1.44369148218681,0.356426213000434,4.05046382541188,5.11162116605856e-05,0.000140791028038513,NCR3LG1,NCR3LG1,1.44369148218681,-0.132412841528137,FALSE
23431.0164816729,2.05199113421225,0.376758903557914,5.44643036922106,5.13907075120758e-08,2.21214647502811e-07,CRABP2,CRABP2,2.05199113421225,-0.132361782901052,FALSE
258.505306564171,1.28742497508722,0.265181407545671,4.8548840094134,1.20457229367495e-06,4.2942541000034e-06,ITGB7,ITGB7,1.28742497508722,-0.132264887392833,FALSE
3152.53539684724,1.13559139881754,0.154163185737923,7.36616458321017,1.75607002620794e-13,1.50577228201192e-12,TGIF2,TGIF2,1.13559139881754,-0.131738887866765,FALSE
8640.69873570843,1.34441185474398,0.131876400155205,10.1944840256615,2.09855894053439e-24,5.50887572033333e-23,PTDSS1,PTDSS1,1.34441185474398,-0.13163987602868,FALSE
190.330952320446,1.02028395145316,0.425517159851296,2.39775042635111,0.0164961005349142,0.0284262479436511,FCRLA,FCRLA,1.02028395145316,-0.131449485369597,FALSE
2233.23601250919,1.04553604563219,0.116633311826925,8.96430041516523,3.12256710316936e-19,5.06193760437287e-18,SLC25A13,SLC25A13,1.04553604563219,-0.131430358978597,FALSE
521.421047076108,1.20718028495412,0.180018691794278,6.70586077991093,2.0022254801173e-11,1.34238712937802e-10,PILRA,PILRA,1.20718028495412,-0.130710431853021,FALSE
818.637492295725,1.71390414931045,0.263561792997542,6.50285509829732,7.8809702043711e-11,4.89709774296404e-10,PTPN7,PTPN7,1.71390414931045,-0.130605221359675,FALSE
1927.92475366423,1.62827373996921,0.203767368608093,7.99084638081024,1.34015467008224e-15,1.46534445407021e-14,DNPH1,DNPH1,1.62827373996921,-0.130601693718364,FALSE
237.406946987156,3.61847551084773,0.497459776051237,7.2739057207211,3.49239772899427e-13,2.8918783863308e-12,COL26A1,COL26A1,3.61847551084773,-0.13055631652803,FALSE
87.3760956184426,1.90516779528842,0.433361946527506,4.39625077964131,1.10136682058927e-05,3.38114814654347e-05,FCRL2,FCRL2,1.90516779528842,-0.130265885380127,FALSE
900.17710910007,1.02521303171397,0.183165651654017,5.59719042547622,2.17853381182341e-08,9.88130170050478e-08,IRF5,IRF5,1.02521303171397,-0.129985667904238,FALSE
816.032246337099,2.54160364882401,0.289547544638718,8.7778456280653,1.66635777976212e-18,2.49494246094538e-17,MLLT11,MLLT11,2.54160364882401,-0.129938837034698,FALSE
21.9174393704926,1.76213701476274,0.438110485325539,4.02212928881028,5.76743834656785e-05,0.000157522857690679,CIBAR2,CIBAR2,1.76213701476274,-0.129935922290083,FALSE
43.9156802088919,1.40858323053183,0.280539699389971,5.02097647354285,5.14094566914633e-07,1.93626687989651e-06,VWA5B2,VWA5B2,1.40858323053183,-0.129808783177505,FALSE
790.076568563883,1.0859182979696,0.194449890024174,5.5845662748104,2.34284163541446e-08,1.05915457700917e-07,PRKCZ,PRKCZ,1.0859182979696,-0.129657813450938,FALSE
3437.91801828262,2.67043567242404,0.265073768445496,10.0743113439123,7.17617314485762e-24,1.79521406302307e-22,PSAT1,PSAT1,2.67043567242404,-0.129362777376762,FALSE
587.213178093172,1.53174305962062,0.278119352919786,5.50750260109516,3.63960035010371e-08,1.60285769713394e-07,BMP8B,BMP8B,1.53174305962062,-0.129228792791062,FALSE
2645.94511035223,1.39069222583888,0.153368037930925,9.06767958044312,1.21578480475902e-19,2.04860132551089e-18,TRIM65,TRIM65,1.39069222583888,-0.12921838902438,FALSE
12665.0642225405,1.14394064608422,0.202773996911537,5.64145631840204,1.68617821334922e-08,7.76977328749764e-08,ADGRG1,ADGRG1,1.14394064608422,-0.12919014993092,FALSE
4643.06446143659,1.13410367104103,0.162075301328623,6.99738739798192,2.60779493888529e-12,1.94387734263434e-11,MICALL1,MICALL1,1.13410367104103,-0.128736818604239,FALSE
1164.70023314241,1.19163253975007,0.140907074260923,8.45686808842171,2.7465431015641e-17,3.61221690355558e-16,SLC25A15,SLC25A15,1.19163253975007,-0.128512134722644,FALSE
1962.72682930223,1.35875912609433,0.132744200615369,10.2359208145852,1.36886725551144e-24,3.66347666831793e-23,MTERF3,MTERF3,1.35875912609433,-0.128349687809345,FALSE
7579.13483056871,1.44114381300352,0.1421729999661,10.1365506344183,3.80291354454283e-24,9.75694363834626e-23,PRDX4,PRDX4,1.44114381300352,-0.128223387679367,FALSE
2849.29870669202,1.02498398845361,0.118340046270568,8.66134517228536,4.66229447258518e-18,6.68125508613952e-17,TSEN15,TSEN15,1.02498398845361,-0.128216061431721,FALSE
18.9988585226561,1.10904950203352,0.330786555982539,3.35276474202313,0.000800086823484687,0.00179174082712847,ARL2BP,ARL2BP,1.10904950203352,-0.128111715867665,FALSE
1506.14576752018,1.55156603017908,0.154143588349212,10.0657188975257,7.83130790521301e-24,1.95161284096738e-22,FLVCR1,FLVCR1,1.55156603017908,-0.128063625367524,FALSE
22.6118298052483,1.47888572995115,0.261273785888973,5.66029127231155,1.51116287180446e-08,7.00168549223725e-08,ANGPTL6,ANGPTL6,1.47888572995115,-0.127832811589908,FALSE
10157.633281346,1.97957917862409,0.339585214457814,5.82940332600967,5.56259107876275e-09,2.73224159883378e-08,LYZ,LYZ,1.97957917862409,-0.127677656383215,FALSE
370.465938247173,1.74490715819418,0.339375056834304,5.14153036015876,2.72509605974525e-07,1.06450392269734e-06,AQP9,AQP9,1.74490715819418,-0.126887024358975,FALSE
753.9681519153,1.04890131996744,0.200551386727884,5.23008759540834,1.69429739785113e-07,6.80617202493224e-07,TFPT,TFPT,1.04890131996744,-0.126873524909919,FALSE
7852.98814773761,2.10449722669281,0.202535145072654,10.3907755167029,2.7312322624661e-25,7.76390745754676e-24,DHCR7,DHCR7,2.10449722669281,-0.126383423464604,FALSE
19.1106724451924,1.34669472913098,0.332460432859303,4.05069173961191,5.10664451133505e-05,0.000140698554568196,CCR3,CCR3,1.34669472913098,-0.126353890237129,FALSE
8.14796448923469,1.99520937780174,0.551898469575173,3.6151746884487,0.00030014516219435,0.000728412991613454,CBY2,CBY2,1.99520937780174,-0.126062196785371,FALSE
20.5592119348656,3.08904574642425,0.548213738066717,5.63474705562434,1.753154652012e-08,8.04710024898693e-08,NPBWR1,NPBWR1,3.08904574642425,-0.125716038817503,FALSE
1991.74525287318,1.12702490773226,0.113604656667755,9.92058724342901,3.38757162133875e-23,8.0057868951439e-22,GTF2IRD1,GTF2IRD1,1.12702490773226,-0.125707282153457,FALSE
10.7976382652642,1.5394403899756,0.532494871488261,2.89099571170149,0.00384023360437974,0.00755953552071943,FOXL2NB,FOXL2NB,1.5394403899756,-0.125411277079716,FALSE
1798.17601245004,1.13740968935183,0.232346333392041,4.8953201573991,9.81458121328178e-07,3.54737504834465e-06,SPI1,SPI1,1.13740968935183,-0.125139655424176,FALSE
1454.61995815202,1.3005355902239,0.160873511721262,8.0842121012269,6.25673613125641e-16,7.0793405582488e-15,RHBDD3,RHBDD3,1.3005355902239,-0.125006828173356,FALSE
963.101920435705,1.08698461396961,0.148824595312743,7.30379687366463,2.797586243376e-13,2.34862095349701e-12,QPCTL,QPCTL,1.08698461396961,-0.124487318449545,FALSE
22.6644345661267,2.15534318161909,0.275545345171521,7.82209977191752,5.194940784064e-15,5.31670676946197e-14,H1-4,H1-4,2.15534318161909,-0.124321683643631,FALSE
40.1164173101622,5.09875617706399,0.595343583312804,8.56439259610701,1.08647053610598e-17,1.495302400458e-16,STRA8,STRA8,5.09875617706399,-0.124020234655083,FALSE
23.1074197627311,1.00124949905313,0.267954640611552,3.73663802488354,0.000186497096426787,0.00047002028546428,TEX29,TEX29,1.00124949905313,-0.123977951224359,FALSE
1306.36249763298,1.21278975066571,0.149671523356254,8.10300933317139,5.36161233748181e-16,6.10310693454753e-15,FRAT2,FRAT2,1.21278975066571,-0.123879437921398,FALSE
839.049007012271,2.94246710338598,0.18330794328094,16.052043630626,5.53123712613876e-58,8.63369809383587e-56,BLM,BLM,2.94246710338598,-0.123814392644773,FALSE
363.765722820712,1.23099856167735,0.299880490466529,4.10496381329196,4.04378175111901e-05,0.000113306738585853,P2RY10,P2RY10,1.23099856167735,-0.12348560055641,FALSE
5.53730628647813,2.80426514777443,0.588356138277319,4.76627159187155,1.87666253319028e-06,6.49395489880141e-06,CST4,CST4,2.80426514777443,-0.123137071505081,FALSE
877.765364592269,1.37344278947459,0.270376208233307,5.07974721018889,3.77937430663597e-07,1.44771418150007e-06,TRPV4,TRPV4,1.37344278947459,-0.122779302498019,FALSE
1468.99046745489,1.26764719536884,0.124075651101947,10.2167281340904,1.66878640614254e-24,4.42075764724773e-23,RABIF,RABIF,1.26764719536884,-0.122772962451024,FALSE
131.929151243735,2.8768040753965,0.446006591597221,6.45013802395655,1.1174833150799e-10,6.81549779461578e-10,ANKRD1,ANKRD1,2.8768040753965,-0.12271834116258,FALSE
1108.3379885887,2.07756695619951,0.158285617161482,13.125431062255,2.35439230044074e-39,1.72393101392103e-37,SGO2,SGO2,2.07756695619951,-0.122619286118852,FALSE
5248.33495707077,1.44454444021454,0.33160321633213,4.35624375478826,1.3231342540613e-05,4.00535833243711e-05,TFCP2L1,TFCP2L1,1.44454444021454,-0.122285011420539,FALSE
31.3600506626803,3.32216873690909,0.466097591360596,7.12762476890575,1.02115696904204e-12,8.01038179717688e-12,STXBP5L,STXBP5L,3.32216873690909,-0.122076250143827,FALSE
8481.06577656881,1.25859147760745,0.113034730186304,11.1345555081437,8.5168825720896e-29,3.17156540009514e-27,ALDH18A1,ALDH18A1,1.25859147760745,-0.121728718865542,FALSE
24636.245345842,1.27015266326864,0.217380166324653,5.84300161667781,5.12685198631409e-09,2.52965456610353e-08,STAT1,STAT1,1.27015266326864,-0.121519085396582,FALSE
31.3263003670097,1.29586074495776,0.450273291405166,2.87794272876761,0.00400277801104225,0.00785459307541692,PCDHA12,PCDHA12,1.29586074495776,-0.121517669955901,FALSE
2194.92022373933,1.18778960380693,0.141209111909361,8.41156486112132,4.04576351245356e-17,5.2079465421791e-16,RPUSD3,RPUSD3,1.18778960380693,-0.121132142063917,FALSE
5272.12336466912,1.1594846702757,0.142459987657278,8.13901987037314,3.9849057954218e-16,4.60640972812683e-15,B4GALT2,B4GALT2,1.1594846702757,-0.120766598515202,FALSE
3939.82820653595,1.23632388632805,0.209364333255054,5.90513134260514,3.5236590665839e-09,1.77593234510136e-08,SEL1L3,SEL1L3,1.23632388632805,-0.120643220729131,FALSE
22.0646521110573,1.01042735774109,0.272931689513142,3.70212546422694,0.000213800839441861,0.000532551025487912,HPCA,HPCA,1.01042735774109,-0.120348633269076,FALSE
802.958442475539,2.53157108550317,0.15718685040925,16.1054889700506,2.33445308272033e-58,3.77214469992374e-56,POC1A,POC1A,2.53157108550317,-0.119957241124181,FALSE
255.545200379331,1.1013641496637,0.323637314477657,3.40308147545123,0.000666304080261588,0.00151610932787874,RIMKLA,RIMKLA,1.1013641496637,-0.119956973913844,FALSE
104.332557515086,1.11799069719735,0.23811834928252,4.69510518851654,2.66469566792458e-06,9.02203168928302e-06,CFAP45,CFAP45,1.11799069719735,-0.119932659518991,FALSE
14.8003688658745,1.21628369153577,0.390899639279893,3.11149862859016,0.00186140338600002,0.00388791683196013,UCN2,UCN2,1.21628369153577,-0.119776396795599,FALSE
21.3548248530445,1.1657817261218,0.321063241274871,3.6310034169366,0.000282321446282031,0.000687654003011932,IL24,IL24,1.1657817261218,-0.119693173824235,FALSE
5514.99672163899,1.10730928836144,0.175278055182096,6.3174439447714,2.6592484848231e-10,1.54867359816541e-09,SRM,SRM,1.10730928836144,-0.119506055119855,FALSE
5887.60713078011,1.74474956353093,0.18894620286793,9.23410757690895,2.60447988227628e-20,4.63736182317595e-19,SPTBN2,SPTBN2,1.74474956353093,-0.119332639982794,FALSE
3344.06137600244,1.13164956111011,0.166513544224805,6.79614121709106,1.07458450632366e-11,7.44978572509011e-11,UBALD2,UBALD2,1.13164956111011,-0.119175950518412,FALSE
177.443992946244,2.74287284132365,0.35288875112599,7.77262758467576,7.68745094195094e-15,7.72211112538864e-14,CELF4,CELF4,2.74287284132365,-0.119103310625476,FALSE
1332.20743424695,1.02894436977623,0.165078904829791,6.23304577188195,4.57452436832399e-10,2.56991652390305e-09,YOD1,YOD1,1.02894436977623,-0.118805602555732,FALSE
1599.46988358654,1.59878234233351,0.249744891583687,6.40166184058973,1.53694778271228e-10,9.22062551253419e-10,RHPN1,RHPN1,1.59878234233351,-0.118777573429496,FALSE
2138.48902032881,3.30981299427297,0.204066909426224,16.2192537907258,3.68646292125008e-59,6.08196385874846e-57,UBE2S,UBE2S,3.30981299427297,-0.11873091086143,FALSE
2728.55655015282,1.22941544895867,0.180233476424045,6.82123805938338,9.02592248890136e-12,6.33320919295267e-11,TUFT1,TUFT1,1.22941544895867,-0.1186486590478,FALSE
33.0777351460144,3.24127751955275,0.398625769724668,8.13112890767577,4.25310760553531e-16,4.90556442272075e-15,KCNG3,KCNG3,3.24127751955275,-0.11858525787114,FALSE
1746.4901113693,1.4394486481821,0.170898635383301,8.42282119429229,3.67525158222758e-17,4.74976613752733e-16,TDRKH,TDRKH,1.4394486481821,-0.118417950477386,FALSE
258.274328056066,1.45380279326933,0.20056787518476,7.24843294037048,4.21621086785936e-13,3.46481616306715e-12,GNG5,GNG5,1.45380279326933,-0.117938100270781,FALSE
41.5500677507779,3.01282139894028,0.433451955272775,6.95076204476755,3.63318252024173e-12,2.66402725049624e-11,MDGA2,MDGA2,3.01282139894028,-0.117916002028751,FALSE
481.234643877344,1.31956893958734,0.252399531679711,5.22809583205502,1.71264738604372e-07,6.8756475299556e-07,FCHO1,FCHO1,1.31956893958734,-0.117735248852499,FALSE
21.9217124425125,1.2042228076297,0.454158828818901,2.65154551935374,0.00801243119416067,0.0147855050218169,OR7A5,OR7A5,1.2042228076297,-0.117525342302549,FALSE
776.833783597366,2.0096581540745,0.280736788296571,7.15851373191422,8.15564201927602e-13,6.48743120282173e-12,RASAL1,RASAL1,2.0096581540745,-0.117524895293758,FALSE
3171.39045356841,1.04382937714448,0.139137751325041,7.50212912889456,6.27894703441823e-14,5.67325172777054e-13,PLCB3,PLCB3,1.04382937714448,-0.117192394967703,FALSE
12.4082136181948,2.48601457844997,0.480431082742152,5.17454983191463,2.28461131934659e-07,9.02180931092373e-07,SLC9A4,SLC9A4,2.48601457844997,-0.116963918889395,FALSE
1284.55408758912,1.68982331275975,0.201641411475746,8.38033864369674,5.27756371987445e-17,6.70420338625571e-16,SDF2L1,SDF2L1,1.68982331275975,-0.116899922946131,FALSE
598.449455468269,4.12469480561728,0.354857033592702,11.6235396656996,3.1289818769908e-31,1.37775625992431e-29,GAL,GAL,4.12469480561728,-0.116723345940618,FALSE
2917.71029583802,1.72298086012708,0.140203007250173,12.2891861873737,1.03543151257492e-34,5.80442865339579e-33,HPRT1,HPRT1,1.72298086012708,-0.116716621274837,FALSE
16.7498692946107,2.15778450445778,0.535552415707319,4.02908182499361,5.59951271726847e-05,0.000153241467717624,GJB4,GJB4,2.15778450445778,-0.116538804016429,FALSE
29852.7507870131,1.39732029953279,0.106483493433078,13.1224122582996,2.45009946245948e-39,1.78398722591987e-37,TPM3,TPM3,1.39732029953279,-0.116366203891576,FALSE
13.4243600411835,1.43880707207317,0.34158044765607,4.21220559299073,2.52889207589423e-05,7.33103088771517e-05,ASIC4,ASIC4,1.43880707207317,-0.116245136926372,FALSE
645.5163140558,1.01343966933776,0.141699408825884,7.15203879631593,8.54983949735569e-13,6.78650018811117e-12,ZFP41,ZFP41,1.01343966933776,-0.116080584333914,FALSE
500.456205804307,1.35454152389456,0.29854971832698,4.53707185350959,5.70406763459437e-06,1.83678728883226e-05,CD3D,CD3D,1.35454152389456,-0.116051943233073,FALSE
102.366343616281,1.27553103426634,0.298035765205673,4.27979183433271,1.87068198429232e-05,5.53182839302868e-05,RHBDL1,RHBDL1,1.27553103426634,-0.115131638248698,FALSE
1461.25856039029,1.02811393906957,0.139488765908841,7.37058595630179,1.69879690022025e-13,1.45810137629375e-12,DCAF4,DCAF4,1.02811393906957,-0.115081263623855,FALSE
487.768334288857,1.1883996805144,0.20583651597162,5.7735124154465,7.76358829714698e-09,3.73107404391096e-08,MEX3B,MEX3B,1.1883996805144,-0.115050904597898,FALSE
250.538238351482,2.6019309736476,0.644142694677025,4.03937046115569,5.35948576980941e-05,0.00014707842095695,KRT4,KRT4,2.6019309736476,-0.114880604277357,FALSE
663.851149717152,1.36792874930366,0.212983595174366,6.42269536385545,1.33882256641457e-10,8.09463815212505e-10,SLC25A10,SLC25A10,1.36792874930366,-0.11478038170935,FALSE
6618.4868570303,1.29005344330661,0.16119196831889,8.003211678354,1.21215299091389e-15,1.33040808480641e-14,PPIF,PPIF,1.29005344330661,-0.114499790080945,FALSE
55.686695047455,4.04040685348685,0.494474303371098,8.17111592238711,3.05549862248087e-16,3.57324731234674e-15,SEC14L4,SEC14L4,4.04040685348685,-0.114405899359868,FALSE
1558.5156086113,1.13643752623044,0.128209500245165,8.86391042830151,7.72558308684334e-19,1.20516322157238e-17,CLN6,CLN6,1.13643752623044,-0.114193247041055,FALSE
15.3877019630737,2.12125755011421,0.479180265943126,4.42684663972783,9.56206649007325e-06,2.96766742703583e-05,WDR87,WDR87,2.12125755011421,-0.114193133691885,FALSE
174.729223901893,1.93849701290819,0.404632640945148,4.79075787949338,1.66152525385329e-06,5.7879164495782e-06,MAT1A,MAT1A,1.93849701290819,-0.114024370437867,FALSE
459.239830500815,4.41929897095933,0.300651115387232,14.6990938825135,6.53280211752088e-49,7.40393707814856e-47,CNIH2,CNIH2,4.41929897095933,-0.11387348971207,FALSE
516.334392599605,1.93969312621345,0.264135790032771,7.34354524986104,2.08009027442803e-13,1.77021590543635e-12,PLEK2,PLEK2,1.93969312621345,-0.113625240055405,FALSE
64.9724338911568,1.51701587705577,0.252109086606247,6.01729948522286,1.7735078758119e-09,9.2663920222066e-09,ZBTB32,ZBTB32,1.51701587705577,-0.113582589241914,FALSE
5190.16318150274,1.07515643882504,0.11125391171754,9.66398773963767,4.28838355020087e-22,9.1253301227009e-21,ATP13A1,ATP13A1,1.07515643882504,-0.113205021223625,FALSE
547.533005538323,1.84138958768233,0.15517398525869,11.8666127225679,1.76468904339155e-32,8.45590979670727e-31,KIF24,KIF24,1.84138958768233,-0.11264589275793,FALSE
457.350119233475,4.92444882134006,0.559177257838337,8.8065971072875,1.29002345154163e-18,1.95619786569725e-17,BARX1,BARX1,4.92444882134006,-0.112580372869121,FALSE
2500.60831244559,1.39278346157195,0.16022944636241,8.69243134262429,3.54764228027578e-18,5.14329206451328e-17,PVR,PVR,1.39278346157195,-0.112519461676932,FALSE
11226.6785957915,1.41528831695204,0.1314627540704,10.7656980637583,4.99813237329692e-27,1.61046126792003e-25,COLGALT1,COLGALT1,1.41528831695204,-0.112349578372629,FALSE
400.098833431394,3.88526329015942,0.306326171839463,12.6834193331531,7.30731612029506e-37,4.62329634242066e-35,HPDL,HPDL,3.88526329015942,-0.11185652141278,FALSE
1597.10221849669,1.02822501328972,0.161932742038101,6.34970420650194,2.15729325066558e-10,1.27169070929669e-09,XXYLT1,XXYLT1,1.02822501328972,-0.111837481721638,FALSE
28.5533842602291,2.57320338553522,0.414423296274073,6.2091185719286,5.32826094830514e-10,2.96523864516375e-09,TTC24,TTC24,2.57320338553522,-0.11173910187357,FALSE
3563.44325201745,1.11502838122044,0.139390562905421,7.99931041226235,1.25117933816769e-15,1.37208631922664e-14,GTF3C6,GTF3C6,1.11502838122044,-0.111207820128927,FALSE
48.9063806785772,2.6616946306045,0.49387400202209,5.3894204183792,7.06852719589716e-08,2.9858256103622e-07,RPRM,RPRM,2.6616946306045,-0.110991286656652,FALSE
59.0467111692544,1.83028769340365,0.423030670954166,4.32660754662386,1.51423403118889e-05,4.54427106734986e-05,AQP6,AQP6,1.83028769340365,-0.110929112275334,FALSE
25328.9176530752,1.81983385380557,0.184342003557357,9.87205204829697,5.50271781293218e-23,1.27162540097255e-21,MARCKSL1,MARCKSL1,1.81983385380557,-0.110622388288907,FALSE
4904.64549658827,1.21595500406251,0.243494494793961,4.99376794983154,5.92125373836784e-07,2.21035831588192e-06,G6PD,G6PD,1.21595500406251,-0.110265813585655,FALSE
3835.45803932248,4.84439140754435,0.226847149402823,21.3553109232241,3.4804771935636e-101,2.74926057589765e-98,IQGAP3,IQGAP3,4.84439140754435,-0.110192996658279,FALSE
140.816363178716,4.9922768105028,0.5904004465574,8.4557470096992,2.77306263587833e-17,3.64158305941765e-16,KRT75,KRT75,4.9922768105028,-0.110090307440773,FALSE
119.08412062295,2.75049185734128,0.344927794299323,7.97410908253581,1.53483936607326e-15,1.6698104238494e-14,KCNJ10,KCNJ10,2.75049185734128,-0.109766951825361,FALSE
16.548561221612,2.31368408541212,0.501703382255187,4.61165734026342,3.99471116881978e-06,1.31627020651783e-05,KASH5,KASH5,2.31368408541212,-0.109630265529008,FALSE
139.21592327323,1.81622509068898,0.241824697966879,7.5105028806352,5.89006591907126e-14,5.34225289883196e-13,KHDC1,KHDC1,1.81622509068898,-0.109283404115361,FALSE
4497.10909488713,1.58246411886195,0.203780023953126,7.76555075499426,8.12912035256989e-15,8.13130392288716e-14,LLGL2,LLGL2,1.58246411886195,-0.10901791591122,FALSE
65.3069416481811,3.02911473723293,0.475327188434186,6.37269403252817,1.85736203804067e-10,1.1031181646299e-09,COL19A1,COL19A1,3.02911473723293,-0.10899414225205,FALSE
140.58928524363,1.91566299362948,0.297215434628829,6.44536847832891,1.15319893354527e-10,7.02510787584119e-10,CCDC78,CCDC78,1.91566299362948,-0.108981231485455,FALSE
9.40494966701177,1.53645878788488,0.26470617991209,5.80439334055273,6.4599466281229e-09,3.14397738527408e-08,ELL3,ELL3,1.53645878788488,-0.108665937317965,FALSE
7231.53199341734,1.3280538265186,0.174926153061097,7.59208273479124,3.14803897808531e-14,2.93910931381625e-13,GIPC1,GIPC1,1.3280538265186,-0.108655451772783,FALSE
144.641429798687,2.00974293921327,0.382352075783051,5.2562626607881,1.47012285845854e-07,5.9644657667609e-07,POMC,POMC,2.00974293921327,-0.108650871322692,FALSE
69.014766640169,1.94238775001701,0.288266129516045,6.73817542587464,1.60387858921768e-11,1.08819112923314e-10,GRM2,GRM2,1.94238775001701,-0.108391586616285,FALSE
460.382104382738,2.84540152085071,0.249702839762707,11.395150826297,4.42063815561418e-30,1.79490303430522e-28,CCNE2,CCNE2,2.84540152085071,-0.108382479893239,FALSE
32.2676836970607,2.29980945246595,0.300121105312468,7.66293809984317,1.817269464863e-14,1.73773892665384e-13,RGS9BP,RGS9BP,2.29980945246595,-0.107874015354421,FALSE
1239.55524717693,1.25879755612046,0.173286778023959,7.26424468430253,3.75128435600512e-13,3.10034018097607e-12,BOLA1,BOLA1,1.25879755612046,-0.107433901456265,FALSE
1247.74890334989,1.48822270888427,0.250327361424726,5.94510604200088,2.76277943312192e-09,1.40906616089198e-08,CMPK2,CMPK2,1.48822270888427,-0.107392303498312,FALSE
133.035783833695,1.57903903049084,0.369517110226428,4.27325010612703,1.9264416358281e-05,5.68317724322444e-05,SLCO4C1,SLCO4C1,1.57903903049084,-0.107032506720407,FALSE
5.60470521053427,1.03399776431411,0.298671578212918,3.46198915377544,0.000536198763539781,0.00124218744838175,CEBPE,CEBPE,1.03399776431411,-0.107027879646845,FALSE
1328.19546630516,2.55728907923078,0.19450232714225,13.1478585207903,1.75062537780209e-39,1.29640771940815e-37,HELLS,HELLS,2.55728907923078,-0.106985152884741,FALSE
2752.27822871352,1.20744822581385,0.191680204233777,6.29928495037089,2.99021841938251e-10,1.72523292470217e-09,SEMA4A,SEMA4A,1.20744822581385,-0.106768562233801,FALSE
20.1024012386434,1.66600831926408,0.538888643007666,3.09156324016348,0.00199105565951944,0.00413783368226845,LRFN2,LRFN2,1.66600831926408,-0.106582720749048,FALSE
1389.59725413546,1.00520749927527,0.249495072826598,4.02896733745878,5.60224005312107e-05,0.000153283920924433,CD37,CD37,1.00520749927527,-0.106505229959007,FALSE
64.1363628305293,1.19136341821917,0.353014042838371,3.37483293480378,0.000738605143479206,0.00166478342196908,CHRNA1,CHRNA1,1.19136341821917,-0.10636203883165,FALSE
11633.4625896897,1.44326090370635,0.16012486262111,9.01334671006977,1.99862206253406e-19,3.30991622008102e-18,SFT2D2,SFT2D2,1.44326090370635,-0.10618185966269,FALSE
69.4546546921812,5.29027852302304,0.476632788190424,11.0992752787907,1.26465173981908e-28,4.64305308476959e-27,CCL7,CCL7,5.29027852302304,-0.105649760092112,FALSE
2529.71233079367,2.22101365608171,0.286296752945127,7.75773260868034,8.64612021149504e-15,8.6055141486461e-14,LARGE2,LARGE2,2.22101365608171,-0.10537427389586,FALSE
6.36161029280729,1.61516002048274,0.384018496635033,4.20594329344967,2.59995424030485e-05,7.52364644560685e-05,SCRT1,SCRT1,1.61516002048274,-0.105370000560353,FALSE
1260.57766363625,1.92057900409701,0.189505472922815,10.1346888534414,3.87605573192239e-24,9.92506333634783e-23,HOMER3,HOMER3,1.92057900409701,-0.105172244075586,FALSE
211.297429703676,2.58690209499751,0.396624832238314,6.52228979309886,6.92420667752793e-11,4.33982436795193e-10,CST6,CST6,2.58690209499751,-0.105028457517636,FALSE
420.882904350521,1.2749267648676,0.206105968853298,6.18578283763856,6.17950292150384e-10,3.40768146085976e-09,ZP3,ZP3,1.2749267648676,-0.10487969007499,FALSE
248.165803091524,1.76032875555941,0.183900816244015,9.57216390613327,1.04691147619883e-21,2.143742454837e-20,ZFP69B,ZFP69B,1.76032875555941,-0.104853865467589,FALSE
32.8677923757796,1.77585367210448,0.499341326289166,3.5563923484997,0.000375982442763384,0.000896108104188821,TCP11,TCP11,1.77585367210448,-0.104851295918435,FALSE
2878.55067786458,1.01128381448996,0.136071270598369,7.43201566387141,1.06955131072099e-13,9.36827755932928e-13,GOT1,GOT1,1.01128381448996,-0.104733926441656,FALSE
1155.89589220932,1.30032400024067,0.202733271036153,6.41396448444214,1.41783251939733e-10,8.5493037897595e-10,PRICKLE1,PRICKLE1,1.30032400024067,-0.10410912409045,FALSE
222.40566941903,4.46443886413955,0.277726000252903,16.074976271844,3.82139685699182e-58,6.03711223461854e-56,ZNF695,ZNF695,4.46443886413955,-0.103957757040274,FALSE
2489.50488433987,1.74258670938375,0.187447131546053,9.29641704842851,1.4525818705583e-20,2.66088908080417e-19,TSPAN33,TSPAN33,1.74258670938375,-0.10392825431131,FALSE
2061.68385133351,1.0101482014168,0.135434965319289,7.4585480864219,8.74810932695483e-14,7.76692662894181e-13,NMI,NMI,1.0101482014168,-0.103729636508727,FALSE
220.15808244793,3.73849000666964,0.482797844652704,7.74338586651911,9.68036858626506e-15,9.58731641102475e-14,TMEM132E,TMEM132E,3.73849000666964,-0.10367507222742,FALSE
60.3680090806659,1.19264621015706,0.322272015769031,3.70074394238382,0.000214968311971839,0.000534947874765626,WFDC3,WFDC3,1.19264621015706,-0.103444458229719,FALSE
46.2640441484557,1.67291447743764,0.37615053316547,4.44746007232619,8.68916035784883e-06,2.71518032903435e-05,TREML2,TREML2,1.67291447743764,-0.103416978483598,FALSE
16.769831327001,2.85987233138179,0.377139711065859,7.58305807494871,3.37503679610972e-14,3.14203872014972e-13,KISS1,KISS1,2.85987233138179,-0.103196337279788,FALSE
33.8336999643203,1.50106071103497,0.213847990624123,7.01928835830571,2.2300112528345e-12,1.67907866342106e-11,C16orf95,C16ORF95,1.50106071103497,-0.103071189921825,FALSE
5.16855558129446,1.36976011506504,0.469160970077475,2.91959519744118,0.0035048632745171,0.00695482221648708,HYAL4,HYAL4,1.36976011506504,-0.102580908587417,FALSE
98.6097078627249,2.32070531997735,0.430893770073016,5.38579455345596,7.21253109724672e-08,3.04172541841013e-07,KRT83,KRT83,2.32070531997735,-0.101940459450787,FALSE
10.3207659547029,4.7452677823516,0.585581535991247,8.10351332939316,5.33943741104744e-16,6.08317810287473e-15,CDK5R2,CDK5R2,4.7452677823516,-0.101898706716095,FALSE
6662.65045529375,2.63104225772061,0.191871069175854,13.7125532735172,8.53988918763368e-43,7.62360587171394e-41,ATAD2,ATAD2,2.63104225772061,-0.101806483501723,FALSE
2121.08279392716,1.26947252602399,0.217313792021901,5.84165650147071,5.16842919837254e-09,2.54920423678292e-08,GPR161,GPR161,1.26947252602399,-0.101606719226603,FALSE
1353.57423639288,1.19719296489506,0.321337742331802,3.72565312809997,0.000194810146226617,0.000489504152852249,SELL,SELL,1.19719296489506,-0.101369369453557,FALSE
94.5966224429261,2.27401892322893,0.541328929089002,4.20080805039527,2.65964015647979e-05,7.68016394804018e-05,B4GALNT2,B4GALNT2,2.27401892322893,-0.101079013497751,FALSE
12246.7911028072,1.34525183248285,0.193399558498797,6.95581646062146,3.5052597486281e-12,2.5760249751195e-11,CAPG,CAPG,1.34525183248285,-0.101006646336778,FALSE
518.144733424404,1.02823894229353,0.39109811089577,2.62910741230238,0.00856093158013187,0.0157002799647742,CD22,CD22,1.02823894229353,-0.100835710062644,FALSE
1027.29224957645,1.63329909081975,0.228593768385678,7.14498519515233,9.00055896795791e-13,7.11393482770645e-12,FJX1,FJX1,1.63329909081975,-0.100759799387049,FALSE
40.3209162885596,3.36534171951753,0.571002247992047,5.89374513209342,3.77539341033234e-09,1.89693870522616e-08,CNTN5,CNTN5,3.36534171951753,-0.100689442091664,FALSE
8360.35580200963,6.42126790548209,0.36115973190278,17.7795787798697,1.01741493994037e-70,2.3892752467951e-68,COL11A1,COL11A1,6.42126790548209,-0.100614645093006,FALSE
2138.53900787552,3.82850915880273,0.463366509251391,8.2623777989221,1.4279889778838e-16,1.74103782443858e-15,NCCRP1,NCCRP1,3.82850915880273,-0.100568104382879,FALSE
4969.09301972435,2.35796421486373,0.179527927466036,13.1342474017578,2.09564551390323e-39,1.53879412988494e-37,SLC52A2,SLC52A2,2.35796421486373,-0.100446439277241,FALSE
886.105196796547,2.6142902825313,0.204095602734336,12.8091455548615,1.45730397994527e-37,9.5928138498064e-36,DNMT3B,DNMT3B,2.6142902825313,-0.100398510968303,FALSE
17.0010229188047,2.11481429450552,0.296645547225013,7.12909502363569,1.01030970901538e-12,7.93006419298522e-12,TEX11,TEX11,2.11481429450552,-0.100349339200817,FALSE
1672.33958850721,1.35268183082721,0.204892157664737,6.60192096293206,4.0586389322374e-11,2.62392214897401e-10,CDK18,CDK18,1.35268183082721,-0.10030817191523,FALSE
1029.84045246503,1.36659309027919,0.202673739475924,6.74282269529806,1.55338730715577e-11,1.05585780796948e-10,GCAT,GCAT,1.36659309027919,-0.100163089354183,FALSE
4701.35034293402,1.04806796827421,0.207567917980809,5.04927726052109,4.4348468765611e-07,1.68419512720452e-06,SLC6A8,SLC6A8,1.04806796827421,-0.100084964519206,FALSE
887.983743002725,2.10839343913201,0.436842607300223,4.82643726572898,1.38997150521068e-06,4.8995790704972e-06,ROPN1,ROPN1,2.10839343913201,-0.0999331383066001,FALSE
272.124948734556,1.07773373600741,0.175855417951163,6.12852164899865,8.86993614786878e-10,4.79793786193184e-09,HCN3,HCN3,1.07773373600741,-0.0994306999367218,FALSE
562.169227643721,3.94294487863051,0.355398595685299,11.094430103269,1.33508209621798e-28,4.8810077141815e-27,TMSB15A,TMSB15A,3.94294487863051,-0.0994008361316786,FALSE
661.067064362132,1.34420647525405,0.304426627915955,4.41553514702778,1.00760405951998e-05,3.11088653553325e-05,TDRD5,TDRD5,1.34420647525405,-0.0990304894923987,FALSE
191.880419596089,2.1561421956176,0.225538526442968,9.55997287746235,1.17787568975105e-21,2.40060090732922e-20,DEPDC7,DEPDC7,2.1561421956176,-0.0987911629577149,FALSE
3307.58959965063,1.01518097331921,0.138371948202346,7.33660967058637,2.19072310115896e-13,1.86254334892077e-12,STRBP,STRBP,1.01518097331921,-0.0984736997591418,FALSE
19403.6613642195,1.12567871637141,0.26272399983576,4.28464364532788,1.83032321232505e-05,5.42232471595376e-05,CLDN4,CLDN4,1.12567871637141,-0.0983554294267322,FALSE
27.8576222798787,2.02614746203337,0.421073954047095,4.81185654576669,1.49534674775926e-06,5.24619161155325e-06,CBLN2,CBLN2,2.02614746203337,-0.0981623583129662,FALSE
187.605201093703,1.56189200003626,0.316367228115546,4.93695889217013,7.93501884532393e-07,2.91080968535124e-06,COL24A1,COL24A1,1.56189200003626,-0.098072292471761,FALSE
458.99325318348,4.03694280793934,0.410041951638295,9.84519459974767,7.18999497097876e-23,1.63830068975964e-21,DLX5,DLX5,4.03694280793934,-0.0980218891162729,FALSE
41.2703522965534,1.40409006235475,0.311511848039541,4.50734080000876,6.56451502927115e-06,2.09394534101825e-05,CAPN14,CAPN14,1.40409006235475,-0.0979977979057196,FALSE
2283.37165781682,1.38479597590776,0.126678702752542,10.9315610739467,8.14352679433243e-28,2.78214040560765e-26,MYO19,MYO19,1.38479597590776,-0.0979709653776157,FALSE
4725.85391088802,1.66044252227744,0.153566637497684,10.8125211916715,3.00301309713357e-27,9.82177445457728e-26,FLAD1,FLAD1,1.66044252227744,-0.0979336063826052,FALSE
91.4254155630129,2.4308161347966,0.241850130728536,10.0509192510012,9.10144087142437e-24,2.25520208360665e-22,CD80,CD80,2.4308161347966,-0.0975087901914554,FALSE
294.218824291037,2.52645948662636,0.392547300605435,6.43606383926153,1.22611480925546e-10,7.43974272180215e-10,CYP27C1,CYP27C1,2.52645948662636,-0.0974536764182673,FALSE
18.0216758578723,3.33619413006702,0.548026180043385,6.08765466241578,1.14576674943384e-09,6.11020905431505e-09,PLA2G4E,PLA2G4E,3.33619413006702,-0.0972492327526381,FALSE
527.004761805627,2.90095652016913,0.311162999345029,9.32294818559852,1.13151622269728e-20,2.11132665547961e-19,PRSS27,PRSS27,2.90095652016913,-0.0967511284443145,FALSE
2598.01037557971,1.62902990744448,0.155249945522214,10.4929499457466,9.30761834036687e-26,2.76334495761211e-24,RHNO1,RHNO1,1.62902990744448,-0.0967079272267061,FALSE
22.2582584762534,3.58088791762185,0.519413538527053,6.89409815496241,5.42075871312512e-12,3.90124012631233e-11,ISL2,ISL2,3.58088791762185,-0.0966962679538974,FALSE
86.5635188887822,1.76443648906938,0.435793277931927,4.04879234815778,5.14825967715807e-05,0.000141710332634086,SLC39A2,SLC39A2,1.76443648906938,-0.0966552453987372,FALSE
198.775677414975,3.20029951406256,0.274443082999385,11.6610682225492,2.01498396709609e-31,9.04037643206431e-30,GPR84,GPR84,3.20029951406256,-0.0963947222620765,FALSE
38.4903710797456,1.62822810471464,0.29840807053042,5.45638092770235,4.85936874537744e-08,2.09717160738003e-07,TTBK1,TTBK1,1.62822810471464,-0.0960908120263448,FALSE
344.590599806651,1.47543246698483,0.358597712905585,4.11445029872039,3.88103165860786e-05,0.000109086534661345,PCDHB2,PCDHB2,1.47543246698483,-0.0960045914730543,FALSE
504.128859430304,3.20198710282021,0.396563646502764,8.07433341673666,6.7846254667969e-16,7.6428190165512e-15,KRT86,KRT86,3.20198710282021,-0.0956469258772527,FALSE
2471.08234946526,1.07349030266993,0.131412749315901,8.16884441013696,3.11357401927917e-16,3.6378993258875e-15,LRRC42,LRRC42,1.07349030266993,-0.0951312303558834,FALSE
368.400197253817,3.28691805989657,0.321327755003161,10.2291756896762,1.46763248419813e-24,3.90774013948852e-23,GPC2,GPC2,3.28691805989657,-0.0951167529326917,FALSE
31.4485199295976,2.89135786888029,0.401855708453665,7.19501504658523,6.24538775579394e-13,5.03241182782938e-12,SLC10A4,SLC10A4,2.89135786888029,-0.0946455219750498,FALSE
2445.22394514455,1.34672654243256,0.22463370880522,5.99521126902779,2.03221065495197e-09,1.05315378017163e-08,RPL22L1,RPL22L1,1.34672654243256,-0.0941546175134213,FALSE
135.352797316818,5.13241768105237,0.621925065629589,8.2524695734151,1.55154408238528e-16,1.88287242064884e-15,SLC1A6,SLC1A6,5.13241768105237,-0.0940234712418769,FALSE
570.233187248841,2.25996927312048,0.298091350020985,7.58146545668427,3.41673418648332e-14,3.17745308737284e-13,ANKRD22,ANKRD22,2.25996927312048,-0.0938754938922427,FALSE
223.409930369323,3.23488848114166,0.345501304034431,9.36288356474419,7.75896598585251e-21,1.47414698508176e-19,MAST1,MAST1,3.23488848114166,-0.0938123902653107,FALSE
471.691691831397,2.70881971589009,0.264421863518855,10.2443106626731,1.25516392254686e-24,3.37999565795754e-23,HOXC13,HOXC13,2.70881971589009,-0.093644245023401,FALSE
57.9863601796474,1.5228794675055,0.332261164567016,4.58338087597457,4.57517575297067e-06,1.49487473492964e-05,HEPHL1,HEPHL1,1.5228794675055,-0.0936439715379739,FALSE
853.696895500785,1.06230278312254,0.129205566752494,8.22180351685223,2.00465422852459e-16,2.39593405662313e-15,AIMP2,AIMP2,1.06230278312254,-0.0931699581527025,FALSE
12.550163574283,2.22478229156409,0.567178265426422,3.92254503950611,8.76185076159087e-05,0.000232889939637391,TMEM215,TMEM215,2.22478229156409,-0.093094396774496,FALSE
75.7834118580781,1.21580121267873,0.368075330288768,3.30313148595123,0.000956115453026049,0.00211248190490168,LTK,LTK,1.21580121267873,-0.0930079435543146,FALSE
62.3292421379614,4.48838806865058,0.462092032055663,9.71319078730601,2.64911636624519e-22,5.76414994314804e-21,MT1H,MT1H,4.48838806865058,-0.0929331272694169,FALSE
4658.15602027934,1.18405071461572,0.125745861862543,9.41622012110462,4.67619335473168e-21,9.04931938959099e-20,TOR3A,TOR3A,1.18405071461572,-0.0928234167105824,FALSE
33.0680250767847,2.90586403495749,0.37257806632555,7.79934273537836,6.22304383383127e-15,6.31928646733463e-14,GRM8,GRM8,2.90586403495749,-0.0928193743907471,FALSE
238.681407072489,1.1846198834638,0.187500801793442,6.31794569480732,2.65063117588498e-10,1.5443451690164e-09,STAC3,STAC3,1.1846198834638,-0.0925571730998313,FALSE
43.5635683639274,2.466390302897,0.290090350175637,8.50214528474909,1.86118671226485e-17,2.50596869982479e-16,PROC,PROC,2.466390302897,-0.0922967777352248,FALSE
58.3557605106403,2.7462433992482,0.531721139833436,5.16481891261362,2.40671810002361e-07,9.47815692903994e-07,SYT14,SYT14,2.7462433992482,-0.0922283940415599,FALSE
2122.79000624253,1.13800923906046,0.128591899563693,8.84977391983226,8.76967648985772e-19,1.36070926822096e-17,DCTPP1,DCTPP1,1.13800923906046,-0.0920997164688529,FALSE
7167.64098014365,1.10777416137769,0.186304706770422,5.94603421771179,2.747167439944e-09,1.40165225400313e-08,VAMP8,VAMP8,1.10777416137769,-0.0919125864007045,FALSE
23.1065353863047,3.04755355744054,0.337748762602109,9.02313759482448,1.82777781492619e-19,3.04244471913671e-18,CKM,CKM,3.04755355744054,-0.0918113772511582,FALSE
223.520802579652,1.29128128966843,0.310730979898471,4.1556245537228,3.24400159378816e-05,9.23764360337294e-05,CD27,CD27,1.29128128966843,-0.0916127700612937,FALSE
184.252225125688,1.37861421115834,0.318784460986087,4.32459664719513,1.5281119977774e-05,4.5822265553967e-05,S1PR5,S1PR5,1.37861421115834,-0.0915667278052434,FALSE
425.625276976923,2.65144922179769,0.464254265578027,5.71120056053004,1.12181944178968e-08,5.27937667252781e-08,ABCA13,ABCA13,2.65144922179769,-0.0912039819773783,FALSE
1821.59595087836,1.04764759974166,0.159877043685617,6.55283319975419,5.64555655900998e-11,3.57712014641986e-10,BRI3BP,BRI3BP,1.04764759974166,-0.0909708807168223,FALSE
17.6104994985868,2.28127071295894,0.485018979161634,4.70346689711436,2.55780582986853e-06,8.68240848689274e-06,FOXL2,FOXL2,2.28127071295894,-0.0909238727410557,FALSE
176.440790337817,4.08003210396805,0.338564422328922,12.0509771106552,1.91664294566427e-33,9.81554649599816e-32,KREMEN2,KREMEN2,4.08003210396805,-0.0902827161508965,FALSE
22.1404311497644,2.26291170047841,0.428960266825667,5.27534104084767,1.32509427947645e-07,5.40805269815446e-07,NR2E1,NR2E1,2.26291170047841,-0.0902685776008803,FALSE
195.821122866975,1.4004503868491,0.278129050280691,5.03525390618401,4.77215857389651e-07,1.80466933912317e-06,TMEM238,TMEM238,1.4004503868491,-0.0900854418801991,FALSE
1269.8782066229,1.34379135644565,0.196841321288136,6.82677472215608,8.68449057507519e-12,6.10184948303194e-11,GALK1,GALK1,1.34379135644565,-0.0900453714393038,FALSE
25.8148809875777,1.92066340300601,0.28961258982754,6.63183670347252,3.31535249098123e-11,2.16757695967915e-10,ST18,ST18,1.92066340300601,-0.0900389331151915,FALSE
321.439694359412,1.94871514447506,0.4574099656825,4.26032507089649,2.0412979441009e-05,6.00163698498514e-05,GJB5,GJB5,1.94871514447506,-0.0900376273040309,FALSE
23.9133687023348,1.1893378532427,0.260765731725607,4.56094382253489,5.09242050336383e-06,1.65186815904909e-05,PKD2L1,PKD2L1,1.1893378532427,-0.0900217024027009,FALSE
6.57660423159674,1.69668210540478,0.373304033198172,4.5450409171017,5.49245835129223e-06,1.77192960201899e-05,GNG8,GNG8,1.69668210540478,-0.0900122074388129,FALSE
305.713650836627,1.32955607841855,0.175481402990894,7.57662097383361,3.54670989991485e-14,3.29128113068994e-13,PDCD2L,PDCD2L,1.32955607841855,-0.0899106918610476,FALSE
276.192715202804,3.72799499255066,0.440443221819221,8.46418972496029,2.57939637066079e-17,3.40909998883481e-16,NKX1-2,NKX1-2,3.72799499255066,-0.0896822358719928,FALSE
87.4130150810891,1.01121717244537,0.296737634527955,3.40778200936325,0.000654931933415963,0.00149283934140905,SNX32,SNX32,1.01121717244537,-0.0896698776848719,FALSE
378.990575142933,2.37461922881236,0.33897579096449,7.00527675459019,2.46498088563799e-12,1.84322021646373e-11,CPNE7,CPNE7,2.37461922881236,-0.0895982723803013,FALSE
570.41757660725,1.43330118514405,0.355263932178952,4.03446861704519,5.47260034306835e-05,0.000149957188208518,TBX1,TBX1,1.43330118514405,-0.0895105660061467,FALSE
208.097564701743,1.84895779447635,0.385351780714923,4.79810367308041,1.60174871527782e-06,5.59688790363898e-06,MFSD6L,MFSD6L,1.84895779447635,-0.0891619240342807,FALSE
493.865331157296,2.42975904325825,0.330788654449014,7.34535181475747,2.05218579780333e-13,1.74703877176157e-12,GZMB,GZMB,2.42975904325825,-0.0889641818961704,FALSE
382.397786797739,1.08058524180558,0.210422995317974,5.1353001613378,2.81694065186991e-07,1.09776038230368e-06,PTPN22,PTPN22,1.08058524180558,-0.0889171347814251,FALSE
1241.17654406713,1.64356546126095,0.325175901013281,5.05438888964229,4.3177103148006e-07,1.64330201162078e-06,ST6GALNAC5,ST6GALNAC5,1.64356546126095,-0.0887619104573965,FALSE
3458.61709713212,1.3418231061507,0.298805268834256,4.49062732857963,7.10137076023197e-06,2.25196388816261e-05,SEZ6L2,SEZ6L2,1.3418231061507,-0.0884415154814259,FALSE
15860.9108584998,5.93710187605474,0.353870252774476,16.7776235202186,3.55792111747933e-63,6.86995035328398e-61,MMP11,MMP11,5.93710187605474,-0.0882608489000555,FALSE
273.807983252265,3.02748967637066,0.930353653055873,3.25412778939112,0.00113741102476547,0.00247403981830452,LALBA,LALBA,3.02748967637066,-0.0879807998281006,FALSE
833.447642284336,1.64185216731024,0.169457761456329,9.68885787939174,3.36267866168163e-22,7.23822829678407e-21,ZNF93,ZNF93,1.64185216731024,-0.0879358878013626,FALSE
44.8639332609755,2.3491420290808,0.343289965956959,6.84302561111072,7.75377826035876e-12,5.47447827499382e-11,CREG2,CREG2,2.3491420290808,-0.0877814713217935,FALSE
455.047685480927,1.0972391206001,0.295675832332072,3.71095301210753,0.000206480431932938,0.000516042705579663,TOX,TOX,1.0972391206001,-0.0876982637978798,FALSE
651.329194632613,1.17757586107868,0.173488264695264,6.78763986225302,1.13982742804215e-11,7.87278260910829e-11,ZNF239,ZNF239,1.17757586107868,-0.0872155466769723,FALSE
50.2454788223763,1.66783922536301,0.273000241494525,6.10929578755136,1.00071711049559e-09,5.3751685389014e-09,XKRX,XKRX,1.66783922536301,-0.0872100740770793,FALSE
708.148065753865,1.42465168948663,0.164312902896192,8.67035798391728,4.30763915183154e-18,6.18662422979574e-17,HYLS1,HYLS1,1.42465168948663,-0.0866816939082641,FALSE
615.259577307053,2.76591817284167,0.371447118032499,7.44633095416739,9.59718724139217e-14,8.46885172042552e-13,CDH2,CDH2,2.76591817284167,-0.0866789525433145,FALSE
512.818055538257,3.32543148272723,0.21154266398133,15.7199092615224,1.10481799034962e-55,1.54834895453998e-53,TEDC2,TEDC2,3.32543148272723,-0.0866782412121756,FALSE
13.0651046634964,4.66911171778752,0.621083504920449,7.51768752639076,5.57535576038596e-14,5.07092807417938e-13,MYH7,MYH7,4.66911171778752,-0.0865632941020887,FALSE
528.564702274367,1.42824470884193,0.211755683804944,6.74477625902847,1.53263014590274e-11,1.04229246055953e-10,HSD11B1L,HSD11B1L,1.42824470884193,-0.0864048505882455,FALSE
113.837437650781,4.20246694943936,0.364433021022815,11.5315207651731,9.15127281020693e-31,3.87880046087259e-29,LYPD1,LYPD1,4.20246694943936,-0.0862341798775758,FALSE
6003.06332672152,1.01449510062716,0.120948278865907,8.38784239130764,4.9514541383211e-17,6.30838489851496e-16,TRAF7,TRAF7,1.01449510062716,-0.08612618844886,FALSE
1466.89601783116,1.29636112001356,0.189889414470112,6.82692673328353,8.67529720275956e-12,6.09867778274901e-11,FKBP11,FKBP11,1.29636112001356,-0.0860055235552835,FALSE
922.546100507774,4.45149771716038,0.39829930089522,11.1762629438595,5.32869253531796e-29,2.01017407117414e-27,KCNG1,KCNG1,4.45149771716038,-0.085684612338191,FALSE
367.497720332218,2.28269957007402,0.396067549231253,5.7634097378203,8.24313468859578e-09,3.94408575491237e-08,COCH,COCH,2.28269957007402,-0.0854477619604635,FALSE
3704.60732301545,1.20834042342298,0.150388127840154,8.03481259310118,9.37220434248866e-16,1.04136935462767e-14,UCK2,UCK2,1.20834042342298,-0.0854226685131502,FALSE
346.305896640498,1.20889980560491,0.272185856469111,4.44144975527817,8.93548126633844e-06,2.78680533823455e-05,WNK3,WNK3,1.20889980560491,-0.0852427523947713,FALSE
993.556574974314,1.01899127675102,0.146684321285323,6.9468315892394,3.73581217543421e-12,2.73774011743165e-11,CCNJ,CCNJ,1.01899127675102,-0.0849838711065937,FALSE
1506.41302901742,1.1870720717205,0.142773062140914,8.31439806585425,9.22191272977916e-17,1.14579408544878e-15,HMBS,HMBS,1.1870720717205,-0.0849736385792443,FALSE
268.436546522412,2.67204612716746,0.430629235873427,6.20498076900855,5.47035916628631e-10,3.04042329184616e-09,ACSL6,ACSL6,2.67204612716746,-0.0848797092571188,FALSE
631.08393477705,1.02630165562695,0.200817111624671,5.11062850831711,3.21088813245436e-07,1.24236634924577e-06,ZNF205,ZNF205,1.02630165562695,-0.0848776548660419,FALSE
390.335662822035,1.50246976407459,0.524515575955294,2.86449027054756,0.0041768098577268,0.008164747098715,ACTA1,ACTA1,1.50246976407459,-0.0848061951543838,FALSE
612.874207825207,1.21178703376355,0.355961290385318,3.40426632472262,0.00066342035743996,0.00151033872990283,MUC20,MUC20,1.21178703376355,-0.0846422602937091,FALSE
4775.45791020607,1.37487564474024,0.25995599969281,5.28887829619217,1.23068739883547e-07,5.04003855988512e-07,BAMBI,BAMBI,1.37487564474024,-0.0843135682047419,FALSE
1462.69206943452,1.4982442193335,0.201698154794823,7.4281503509915,1.10126741213618e-13,9.63636711384823e-13,GPX7,GPX7,1.4982442193335,-0.0842958131601515,FALSE
418.915416994699,1.91513774961713,0.204367490578734,9.37104890897171,7.18152445154636e-21,1.36742730371409e-19,RHBDL2,RHBDL2,1.91513774961713,-0.0842803578887979,FALSE
477.901662950962,2.27578680502588,0.214866850367341,10.5916143003685,3.25922065885529e-26,1.00068439239553e-24,RTN4R,RTN4R,2.27578680502588,-0.0841908660998156,FALSE
3690.19888287011,1.45289883140072,0.164967052790491,8.80720608645359,1.28303672309054e-18,1.94786943860228e-17,PGAP6,PGAP6,1.45289883140072,-0.0841058341809909,FALSE
5115.84132357599,1.00989645902385,0.145122763144844,6.95891145633642,3.42911938094779e-12,2.52291433539842e-11,SH3GL1,SH3GL1,1.00989645902385,-0.0838925124716102,FALSE
779.994023153199,2.34942702821033,0.348754008880534,6.73663088705922,1.62101274355161e-11,1.09867236573479e-10,SNX22,SNX22,2.34942702821033,-0.0838911252727137,FALSE
4978.62556959796,3.91857229056933,0.210596422728155,18.6070220937587,2.81853826910693e-77,7.8160464958309e-75,TK1,TK1,3.91857229056933,-0.0836194086805825,FALSE
575.992002028408,1.06646287447459,0.197382665971536,5.40302193825055,6.5527441761226e-08,2.78147504378746e-07,OSBP2,OSBP2,1.06646287447459,-0.0835691014395779,FALSE
263.822198543202,1.07162107249756,0.310872462723647,3.44714055117254,0.000566553755108611,0.00130716558102462,C15orf48,C15ORF48,1.07162107249756,-0.0833408239868581,FALSE
3761.55061170084,1.08871981209517,0.241298582471317,4.51191963477275,6.42435311344984e-06,2.05225015451344e-05,OLFML2B,OLFML2B,1.08871981209517,-0.0832118204892745,FALSE
366.743128316313,3.73485397669035,0.289484943239792,12.9017210183419,4.40155928946033e-38,2.98790223954069e-36,ADAMTS14,ADAMTS14,3.73485397669035,-0.0831790256424965,FALSE
553.907428602845,2.79493660452526,0.392950040779867,7.11270216177685,1.13792674396427e-12,8.88359881249374e-12,COL11A2,COL11A2,2.79493660452526,-0.0831512010191296,FALSE
118.3774361652,1.27812222070947,0.379506990720185,3.36784895130389,0.000757570890656704,0.00170355421038201,ERICH5,ERICH5,1.27812222070947,-0.0830946687321616,FALSE
3362.72181952006,1.40089734709369,0.155743657650102,8.99489178712487,2.36465045645007e-19,3.88157074611361e-18,FOXRED2,FOXRED2,1.40089734709369,-0.0829508955958086,FALSE
1585.26391241062,1.96173547365262,0.146244970805714,13.4140371654816,5.00389631544856e-41,4.05082500791297e-39,KNSTRN,KNSTRN,1.96173547365262,-0.0827746300404582,FALSE
300.311524049824,1.70982675541477,0.273442927154714,6.25295659758407,4.02754096264602e-10,2.28230239724552e-09,FAM81A,FAM81A,1.70982675541477,-0.0824979286547896,FALSE
284.778344082185,1.44846983867389,0.251538582344244,5.75844001812644,8.48948223340157e-09,4.05599951206156e-08,ZNF296,ZNF296,1.44846983867389,-0.0823349408659837,FALSE
285.223117183246,1.2013378945876,0.502680228582456,2.389865020105,0.0168545659607588,0.0289902983107292,ITIH6,ITIH6,1.2013378945876,-0.0822491209732203,FALSE
7.8484875114297,3.44281922053263,0.527622433513953,6.52515700972669,6.79303366740285e-11,4.26068355650121e-10,IL17C,IL17C,3.44281922053263,-0.0820547907036799,FALSE
793.945209848036,2.13910880310123,0.232704838527516,9.19236925470413,3.84282365441157e-20,6.7364414391087e-19,BICDL1,BICDL1,2.13910880310123,-0.0819789583240032,FALSE
5137.13628968371,2.34921900329241,0.209988267290329,11.1873821980939,4.7010847399599e-29,1.77856568819354e-27,CTHRC1,CTHRC1,2.34921900329241,-0.0817544389864995,FALSE
423.286519497109,2.05855694661216,0.275233440923486,7.4793126144306,7.47123579600349e-14,6.69023371674418e-13,ZYG11A,ZYG11A,2.05855694661216,-0.0816309082814414,FALSE
5.95640547701567,2.09037289354576,0.58510421057415,3.57265057363802,0.000353386165588189,0.000845111667741957,RAD21L1,RAD21L1,2.09037289354576,-0.0816052241664306,FALSE
1086.23644055177,1.15113450309587,0.271645479197861,4.23763541545047,2.2588618124694e-05,6.58779938080553e-05,PYCARD,PYCARD,1.15113450309587,-0.0814057343748173,FALSE
449.784698846264,1.19740655530646,0.271157122810245,4.41591407556128,1.00584035816393e-05,3.10617706625509e-05,PSTPIP1,PSTPIP1,1.19740655530646,-0.081351989322379,FALSE
9226.75897655508,1.31571193290572,0.206606368783984,6.36820607539625,1.91251847564136e-10,1.13355204876179e-09,VEGFA,VEGFA,1.31571193290572,-0.0811349633966612,FALSE
30.7223746266284,1.32173063532368,0.365205711163986,3.61914010356261,0.000295583584387646,0.000718144961714303,SSTR3,SSTR3,1.32173063532368,-0.0810271697003063,FALSE
1533.4200732594,1.13104970039377,0.129899840235415,8.70709077350662,3.11773411723133e-18,4.54784416529765e-17,EIPR1,EIPR1,1.13104970039377,-0.0807882955854721,FALSE
17.3532753603065,2.64961171742602,0.380988807093187,6.95456577226414,3.53649618367503e-12,2.59678439492555e-11,SCO2,SCO2,2.64961171742602,-0.0806399461787037,FALSE
91.9506400018467,1.35520689977924,0.237352433993611,5.7096819146827,1.1318751646632e-08,5.32189572822434e-08,SIGLEC7,SIGLEC7,1.35520689977924,-0.0803442120559333,FALSE
1878.76038459147,1.09216579063365,0.212826163013326,5.13172711084993,2.8709553592303e-07,1.11814124232865e-06,KIF21A,KIF21A,1.09216579063365,-0.0802778130969983,FALSE
465.823259169819,1.44813491561359,0.426735979338158,3.39351492662878,0.000690017979315566,0.00156487721131189,LPAR3,LPAR3,1.44813491561359,-0.0801594206844528,FALSE
1220.52631589116,1.72925813943729,0.420619454109759,4.11121768748729,3.93577904095321e-05,0.000110494294303207,NCMAP,NCMAP,1.72925813943729,-0.0801281515581164,FALSE
540.288165197667,3.73872935600841,0.440114135854385,8.49490859626784,1.98088738960543e-17,2.65616211856197e-16,SPIB,SPIB,3.73872935600841,-0.0801065605023068,FALSE
91.0767872391868,2.18993931387167,0.308074391388772,7.10847566394473,1.17331581418448e-12,9.13798127527543e-12,LTA,LTA,2.18993931387167,-0.0798752772187192,FALSE
3132.75538365536,1.1192124293364,0.142984476041639,7.8275100928472,4.9762670554344e-15,5.10377217450943e-14,GRK6,GRK6,1.1192124293364,-0.0796614339085122,FALSE
3306.37811359688,3.91034867873296,0.445945897580978,8.76866162452565,1.80802501945078e-18,2.69930058316286e-17,IDO1,IDO1,3.91034867873296,-0.0796520000191813,FALSE
188.608271174044,1.10337967726881,0.261398918536251,4.22105677960483,2.43159673183092e-05,7.06390638678664e-05,ACOT11,ACOT11,1.10337967726881,-0.0796104759772459,FALSE
263.914258043644,4.75733344798981,0.473297114778847,10.0514735869724,9.05038129564442e-24,2.24468400793114e-22,IGF2BP3,IGF2BP3,4.75733344798981,-0.0795210244593824,FALSE
47.8622871093694,1.23160022493934,0.249598940806964,4.93431671207227,8.04318356069076e-07,2.94675566938196e-06,SHISAL2A,SHISAL2A,1.23160022493934,-0.0793171952432537,FALSE
294.246230499203,1.62001296778891,0.162428217359054,9.97371635377737,1.98653463628969e-23,4.7814402921665e-22,C5orf34,C5ORF34,1.62001296778891,-0.0791348590680943,FALSE
616.193875554663,2.78353298870979,0.32154427378442,8.65676429546998,4.85344877849854e-18,6.94373486877725e-17,LAG3,LAG3,2.78353298870979,-0.0790841430323589,FALSE
2939.58613025298,1.02022589624856,0.260495901722969,3.91647580441993,8.9852829060688e-05,0.000238415481995618,RHPN2,RHPN2,1.02022589624856,-0.0790671820475579,FALSE
339.852391074797,3.33955456105098,0.708192530863385,4.71560262995093,2.4099637681318e-06,8.21720412608131e-06,BRINP3,BRINP3,3.33955456105098,-0.0788316140054469,FALSE
2204.9380850142,1.01414630911192,0.116161154630143,8.73051160984896,2.53523176823921e-18,3.73366590410686e-17,KDM2B,KDM2B,1.01414630911192,-0.0787920611678577,FALSE
1394.44498754648,1.06452707718777,0.190620669474438,5.5845312059956,2.34331440557137e-08,1.05918461262405e-07,MTSS2,MTSS2,1.06452707718777,-0.0785520031653049,FALSE
30.3854101833259,2.96026257866546,0.678982070482157,4.35985382730847,1.30149352571093e-05,3.94718228443359e-05,HMX3,HMX3,2.96026257866546,-0.0784793762527775,FALSE
220.443217226174,1.49781487209443,0.668737715603248,2.23976431588473,0.0251062276493195,0.0414940423620853,DMBT1,DMBT1,1.49781487209443,-0.0784703744543342,FALSE
554.321537706002,1.15897741178946,0.133971193479125,8.65094489114967,5.10747635398669e-18,7.28318304810564e-17,SPATA33,SPATA33,1.15897741178946,-0.0780781548820329,FALSE
28.1562818075708,2.12049114745668,0.38817144404856,5.46276955702958,4.68762951753708e-08,2.02775371114568e-07,GDPD2,GDPD2,2.12049114745668,-0.0779317699105069,FALSE
2004.55531197913,2.25622619399453,0.196581088524718,11.4773308609023,1.71493185514115e-30,7.12968559297678e-29,PAFAH1B3,PAFAH1B3,2.25622619399453,-0.0778123333550984,FALSE
142.755324187575,4.05399340754541,0.504747487490823,8.03172577975262,9.61110020330783e-16,1.06609595318989e-14,DLX6,DLX6,4.05399340754541,-0.0777964141033973,FALSE
666.210279160656,1.61712151497319,0.299737788833347,5.39512058612104,6.84775477087096e-08,2.89820463731602e-07,MFSD2A,MFSD2A,1.61712151497319,-0.0776712861567453,FALSE
1281.61763318518,1.20322836503393,0.12254971468518,9.8182877710073,9.39252613796231e-23,2.11978336656505e-21,MSANTD3,MSANTD3,1.20322836503393,-0.0773424817855998,FALSE
4297.50180002205,1.3328008751913,0.5308016088546,2.51092094100338,0.0120416661626595,0.0213734244765113,KLK5,KLK5,1.3328008751913,-0.0773080833411394,FALSE
316.64125546859,2.04684140469564,0.344952389198499,5.9336925001491,2.96196347003496e-09,1.5033002681737e-08,KCNQ5,KCNQ5,2.04684140469564,-0.0771131282546373,FALSE
12605.7023213825,1.4348165118377,0.222120895912631,6.45961968567816,1.04966441122197e-10,6.427437680837e-10,SULF1,SULF1,1.4348165118377,-0.0769348660629081,FALSE
1155.62951252226,2.09290160665497,0.234277201444159,8.93344121303164,4.12958810998364e-19,6.62844662949159e-18,LRFN4,LRFN4,2.09290160665497,-0.0767018179830151,FALSE
3730.85665346718,1.17282331340867,0.164110681581483,7.14653855621428,8.89934016821596e-13,7.0403368790557e-12,PUM3,PUM3,1.17282331340867,-0.0758084836255676,FALSE
47.5859819557261,1.03825110371986,0.307468108640748,3.3767765649249,0.0007334059987904,0.00165449538472258,C1QTNF12,C1QTNF12,1.03825110371986,-0.0757438786538873,FALSE
9.89579929292477,1.37767950088407,0.304628317056423,4.52249322780094,6.11154426466755e-06,1.95954749065162e-05,CELF3,CELF3,1.37767950088407,-0.0754790967778778,FALSE
791.060570196748,1.43916283650647,0.271319864677959,5.30430323712078,1.13104165345162e-07,4.65176124653257e-07,APOBR,APOBR,1.43916283650647,-0.0753582260942197,FALSE
193.902321171891,3.11544474837046,0.514967333674184,6.04979101517453,1.45033851269974e-09,7.64374727265347e-09,GJB6,GJB6,3.11544474837046,-0.0751483625919398,FALSE
2433.82347457121,1.10697302955822,0.116489887720106,9.50273926109345,2.04440309179033e-21,4.06805003005332e-20,DNAJC2,DNAJC2,1.10697302955822,-0.0750503051559477,FALSE
225.975077908397,2.41359408182851,0.305296881828858,7.90572791759304,2.6637241613943e-15,2.81913510820403e-14,SPOCD1,SPOCD1,2.41359408182851,-0.0750419010656012,FALSE
271.021081614511,3.37714879532889,0.363600577641983,9.28807324023058,1.57106468028896e-20,2.87187538717337e-19,SLCO5A1,SLCO5A1,3.37714879532889,-0.0748300199764997,FALSE
657.084388679583,1.18188379056224,0.265429867486515,4.45271589725025,8.4790913086764e-06,2.65462975190088e-05,BCL11B,BCL11B,1.18188379056224,-0.0744514256800364,FALSE
81.4215494915863,1.20205497023961,0.219478683403345,5.47686432048868,4.32928909798291e-08,1.88337080969827e-07,FCRLB,FCRLB,1.20205497023961,-0.0744075843482004,FALSE
271.318666135698,3.12667743426354,0.197500095298386,15.8312705092102,1.89358685090642e-56,2.77304092374031e-54,HASPIN,HASPIN,3.12667743426354,-0.0743524293003409,FALSE
10050.3697720512,1.16320322237276,0.139016877913735,8.36735251020796,5.8927210942721e-17,7.46020207694953e-16,KDM5B,KDM5B,1.16320322237276,-0.0742172412382639,FALSE
4222.75956095058,1.59872645632785,0.260119567313162,6.14612146576086,7.94004893554216e-10,4.31374021681487e-09,TUBA4A,TUBA4A,1.59872645632785,-0.0741532237172232,FALSE
825.222625945014,1.05694025410881,0.272144132965457,3.88375175533535,0.000102856925211942,0.000270445460717941,GASK1A,GASK1A,1.05694025410881,-0.0741517604537331,FALSE
161.185155028726,1.30456836200356,0.234062115140386,5.573598962058,2.49529796929886e-08,1.12495558916834e-07,AJM1,AJM1,1.30456836200356,-0.0741232978669248,FALSE
12.6263573669565,1.35315785228636,0.42888203895241,3.15508165273507,0.00160453193018794,0.00339105998250439,MAJIN,MAJIN,1.35315785228636,-0.0739140029955265,FALSE
201.50485528388,1.64707024851629,0.361562776335587,4.5554198504869,5.2281047809127e-06,1.69209097745283e-05,DUOXA1,DUOXA1,1.64707024851629,-0.0738677466527829,FALSE
1120.20636768681,3.79849151757921,0.19808727974039,19.1758477503323,5.89005289552256e-82,1.96841036958444e-79,WDR62,WDR62,3.79849151757921,-0.0737961702734574,FALSE
2401.8176860893,1.38886574683115,0.269501957662757,5.1534532768371,2.55732813528448e-07,1.00243417296933e-06,ENO2,ENO2,1.38886574683115,-0.0737199925116371,FALSE
3179.56160663735,1.06306125931512,0.112551694011296,9.44509337379169,3.55087583945915e-21,6.93858174716505e-20,MEN1,MEN1,1.06306125931512,-0.0735651627878071,FALSE
18.7997497166547,2.6102485700471,0.392111252169575,6.65690809841453,2.79647920920415e-11,1.84406333281874e-10,ATP1A3,ATP1A3,2.6102485700471,-0.0730659625600089,FALSE
10.8151412593387,1.44799087992513,0.403239206452914,3.59089804947876,0.000329540530551356,0.000792667067443221,CLEC18A,CLEC18A,1.44799087992513,-0.0727685968853654,FALSE
1107.35036262693,1.05949449658369,0.181578198858786,5.83492128043221,5.38159687307515e-09,2.64983161485549e-08,FBXO6,FBXO6,1.05949449658369,-0.0727321133503694,FALSE
550.626804504898,1.27408378062032,0.348047151939508,3.66066429080208,0.000251562188638217,0.000618425628480604,CCR7,CCR7,1.27408378062032,-0.0724415168278556,FALSE
7.37449697231184,1.89282820089119,0.322093654829715,5.87663920884096,4.1867933727228e-09,2.08994911617704e-08,PRDM12,PRDM12,1.89282820089119,-0.0721149497325953,FALSE
24.4612596234016,2.94055884223088,0.588607015673568,4.99579305704651,5.85944684530303e-07,2.18885355283052e-06,SCN1A,SCN1A,2.94055884223088,-0.0717759273793308,FALSE
4.70802227346248,1.12308329228304,0.313943657142504,3.5773402861688,0.000347108175707644,0.000831776872234892,LENEP,LENEP,1.12308329228304,-0.0715532321243927,FALSE
1285.29299695343,1.6918358309513,0.13587877703553,12.4510675461033,1.37987024341286e-35,8.19341176196879e-34,ZWILCH,ZWILCH,1.6918358309513,-0.0710026126086423,FALSE
974.089792194922,1.78219331253173,0.212333454049567,8.39337032644744,4.72400641787573e-17,6.02744372465818e-16,FGD1,FGD1,1.78219331253173,-0.0709305018213893,FALSE
22.9133168783269,1.01526338580336,0.245290447917464,4.13902536532929,3.48784390072801e-05,9.88449956080421e-05,ZNF878,ZNF878,1.01526338580336,-0.0709204757924174,FALSE
4555.93522913329,1.2754930084971,0.255318804602237,4.99568768733743,5.86264736532016e-07,2.18973533273822e-06,AP1M2,AP1M2,1.2754930084971,-0.0708100593941442,FALSE
7389.22920681304,1.30365376606346,0.184730462899524,7.05705894740559,1.70063494716102e-12,1.2962120224458e-11,PSME2,PSME2,1.30365376606346,-0.0708000918498154,FALSE
1076.90927626207,1.07513935509969,0.19947386709344,5.38987573041867,7.05064216399218e-08,2.97971934644592e-07,GCH1,GCH1,1.07513935509969,-0.0705325907012418,FALSE
2380.00533012511,1.70689360026634,0.167755808285013,10.1748703530215,2.5674165457828e-24,6.68579891098104e-23,CHST11,CHST11,1.70689360026634,-0.0703854680844816,FALSE
46.2490739439891,3.01444834434333,0.433192925886971,6.95867398612567,3.43490351530902e-12,2.52645682656773e-11,KIRREL2,KIRREL2,3.01444834434333,-0.0702209710183405,FALSE
1826.17901200655,1.67722849651133,0.146538379623254,11.4456601801073,2.47215288637865e-30,1.01642916859988e-28,SPINDOC,SPINDOC,1.67722849651133,-0.0701266893565776,FALSE
3475.35434602374,1.4828064330766,0.145177343445999,10.2137592401128,1.72066345780896e-24,4.5535567872798e-23,RUSC1,RUSC1,1.4828064330766,-0.0700889821365539,FALSE
456.077729648814,3.70952383047981,0.498065258030253,7.44786706294318,9.48613331221532e-14,8.37652564530883e-13,FAM83A,FAM83A,3.70952383047981,-0.0697639582765261,FALSE
90.9884401289572,3.46556931541972,0.468678985269655,7.39433476716649,1.42117954403492e-13,1.22994313327883e-12,FIBCD1,FIBCD1,3.46556931541972,-0.0696603183581477,FALSE
578.826663109612,1.69190219748314,0.193971598179072,8.72242232041204,2.72312488289177e-18,3.99458054712098e-17,ZNF124,ZNF124,1.69190219748314,-0.0689902649786897,FALSE
66.8477382996298,1.88564624701897,0.393706184804422,4.78947580657309,1.67217556662894e-06,5.82034991258066e-06,DNAH3,DNAH3,1.88564624701897,-0.0688987922684709,FALSE
2687.96172407138,1.3564909785148,0.206655885434679,6.56400845135169,5.23802308693557e-11,3.33429909174968e-10,SMO,SMO,1.3564909785148,-0.0686577589708187,FALSE
59.9036098414492,1.61772914534866,0.406243873162649,3.98216256839636,6.82910409138932e-05,0.000184547228229572,CLEC17A,CLEC17A,1.61772914534866,-0.0684280826050732,FALSE
9.14263038406286,2.00514551939592,0.36707074325867,5.46255880159569,4.69320000506646e-08,2.02982652284831e-07,DRC7,DRC7,2.00514551939592,-0.0683928675952853,FALSE
66.8982688557316,1.42391185162184,0.33291471672204,4.27710695892937,1.89337844536452e-05,5.59196645539507e-05,CCNI2,CCNI2,1.42391185162184,-0.0683918634132936,FALSE
21.8203622708208,4.39587843375671,0.603589672339589,7.28289206261223,3.26738648432214e-13,2.71537936509942e-12,IGFL3,IGFL3,4.39587843375671,-0.068361224984462,FALSE
698.325849634662,1.05456100859718,0.248491496923715,4.24385148647932,2.19715792177315e-05,6.42437639336631e-05,SLC15A2,SLC15A2,1.05456100859718,-0.0683225174259738,FALSE
421.87949908384,2.04499018666007,0.160555176042128,12.7369932073912,3.68318057626808e-37,2.37647198221733e-35,RELT,RELT,2.04499018666007,-0.0680941555187977,FALSE
2726.13375417212,1.03171001175684,0.146868994172861,7.02469583568159,2.1453307986566e-12,1.61859154641336e-11,SEMA4D,SEMA4D,1.03171001175684,-0.0678358752667773,FALSE
933.047860467046,1.7109958038783,0.244488925369427,6.99825483421367,2.59170381509087e-12,1.93243545045692e-11,PPFIA3,PPFIA3,1.7109958038783,-0.0678165307172312,FALSE
719.477654812751,1.94140625847089,0.306509903863722,6.33391036961095,2.39024401352312e-10,1.39983128960924e-09,PHLDA2,PHLDA2,1.94140625847089,-0.0677355741083689,FALSE
6484.45210443463,1.85942135017594,0.261798995560251,7.10247702133757,1.22540410315898e-12,9.52657582971819e-12,NECTIN4,NECTIN4,1.85942135017594,-0.0676470969367334,FALSE
37.4170799016999,1.71593659153316,0.466728202788938,3.67652218417394,0.000236435302909659,0.000583908956982101,FOXA3,FOXA3,1.71593659153316,-0.0676107717489308,FALSE
4558.90141700941,1.14454120716696,0.172104287311298,6.65027713747041,2.92541651861833e-11,1.92470551213589e-10,TARBP1,TARBP1,1.14454120716696,-0.0675013938038575,FALSE
114.396307704736,1.25529552195485,0.309885888479769,4.05083151128,5.10359477810343e-05,0.000140644259520903,BTLA,BTLA,1.25529552195485,-0.0674275685987777,FALSE
85.8471938418723,1.20355708324169,0.376452497907593,3.19710213089653,0.00138815767225533,0.00296988723265591,VPREB3,VPREB3,1.20355708324169,-0.0672120246696649,FALSE
4741.49142083187,1.50359339363157,0.131211371551009,11.4593222817356,2.11160618343592e-30,8.73702196565463e-29,NACC1,NACC1,1.50359339363157,-0.0671347138516421,FALSE
907.165814834058,2.84612551354136,0.168960045967103,16.8449617615251,1.14242803605659e-63,2.2560357284763e-61,PAQR4,PAQR4,2.84612551354136,-0.0669819630017791,FALSE
1833.40419636888,1.20971379248961,0.127543960519257,9.48468110575075,2.43125316720807e-21,4.80845799010719e-20,TTC13,TTC13,1.20971379248961,-0.0668439396003873,FALSE
10074.8243569936,4.32318519125036,0.22878834542194,18.8960026931327,1.23027828013188e-79,3.68616826760894e-77,MKI67,MKI67,4.32318519125036,-0.0667399105664499,FALSE
678.789209734447,1.19566589317696,0.189027985117685,6.32533797803835,2.52678909823646e-10,1.47416766839144e-09,DOK3,DOK3,1.19566589317696,-0.0667359777508531,FALSE
722.060221349977,1.16963784889123,0.197532687924202,5.9212369415033,3.19529098728016e-09,1.61424251084531e-08,ZNF579,ZNF579,1.16963784889123,-0.0665232973158409,FALSE
25.6199218826672,1.84260661503285,0.625272359356281,2.9468864047178,0.00320991097185061,0.00642056087348296,OOEP,OOEP,1.84260661503285,-0.0664777158633689,FALSE
88.2886013838614,1.03330935198502,0.341809459388352,3.02305662878397,0.00250235412267172,0.00510318142041025,CDHR1,CDHR1,1.03330935198502,-0.0663097301136082,FALSE
3532.80193010078,1.0529257595743,0.156649277054377,6.72154879596921,1.79803001195333e-11,1.21109168789631e-10,TEAD2,TEAD2,1.0529257595743,-0.0661873785294379,FALSE
105.977785473453,1.15972927535104,0.354463427699447,3.27178824308608,0.00106869587711576,0.00233627100207788,CACNA1I,CACNA1I,1.15972927535104,-0.0661612159853381,FALSE
1191.16180922358,2.42817383092422,0.294145338415897,8.25501381052308,1.51884676214721e-16,1.84405116669266e-15,OASL,OASL,2.42817383092422,-0.0660683911451552,FALSE
34.2748375225035,1.87259570036116,0.267548643937661,6.99908499927765,2.57639528625078e-12,1.92212066189751e-11,CATSPER1,CATSPER1,1.87259570036116,-0.0660404656334453,FALSE
8117.37628242648,1.47370679145868,0.134056014131009,10.993216537219,4.11977206154506e-28,1.44535798557598e-26,TMPO,TMPO,1.47370679145868,-0.0657736628739699,FALSE
4863.79704062572,1.14672235124679,0.209455751051654,5.47477138006107,4.38076810517089e-08,1.90354196028487e-07,ERO1A,ERO1A,1.14672235124679,-0.0657390426079435,FALSE
83.2243796055831,2.86064445797813,0.408887025795487,6.99617321535885,2.6304829466201e-12,1.95864732871293e-11,GTSF1,GTSF1,2.86064445797813,-0.0656108348287978,FALSE
86.4349984078302,3.844256309367,0.472372503453835,8.138188148673,4.0123698217431e-16,4.63610124749013e-15,CAMP,CAMP,3.844256309367,-0.0654531593678677,FALSE
909.261929467541,1.79690115135942,0.252319191202427,7.12153975603793,1.0672793890178e-12,8.36211957725492e-12,RASGRP1,RASGRP1,1.79690115135942,-0.065408845225735,FALSE
4540.73309866099,1.30737785665579,0.13227840454283,9.88353209410291,4.90720773828922e-23,1.14007294219238e-21,TBRG4,TBRG4,1.30737785665579,-0.0653808522813884,FALSE
1373.57512035521,7.01166376178039,0.439624142413216,15.949223632923,2.88460591583449e-57,4.42311896517986e-55,MMP13,MMP13,7.01166376178039,-0.0653350221479484,FALSE
5344.41761620658,1.05553816248035,0.136423906679982,7.73719348879506,1.01635325934094e-14,1.00315336657479e-13,STMP1,STMP1,1.05553816248035,-0.0652566356057761,FALSE
1633.55186060687,1.02135034465551,0.386146875724197,2.64497891570408,0.00816960073401307,0.0150467732871842,SCNN1B,SCNN1B,1.02135034465551,-0.0651051952164976,FALSE
23.6948011658324,2.17632997701234,0.376139278824749,5.78596838865726,7.20957721564672e-09,3.48603319013658e-08,KPNA7,KPNA7,2.17632997701234,-0.0649658012815218,FALSE
1511.71019754294,1.40344556007113,0.262855583289661,5.33922674385259,9.33438430138357e-08,3.88007328311538e-07,IL2RB,IL2RB,1.40344556007113,-0.0648049277253092,FALSE
639.543222712385,3.22002193551032,0.401294464738003,8.02408759266741,1.02283302281181e-15,1.13215237391234e-14,EDN2,EDN2,3.22002193551032,-0.064534138130166,FALSE
367.860170914002,2.06306778764281,0.586639217967391,3.51675736032617,0.000436852926463625,0.00102857378281701,CLDN10,CLDN10,2.06306778764281,-0.0644842643979634,FALSE
109.649930618879,1.38489086707774,0.272812706453699,5.0763429793281,3.84768486232435e-07,1.47236643138885e-06,PRR22,PRR22,1.38489086707774,-0.0644509775706546,FALSE
1255.55584065777,1.21172947948286,0.276982969759435,4.37474361884151,1.2157528073737e-05,3.70611956844933e-05,LRRN2,LRRN2,1.21172947948286,-0.0643269181360807,FALSE
7.1090372573827,1.48931444423999,0.342361504164794,4.35012238853559,1.36061569962334e-05,4.11023862740961e-05,CCDC73,CCDC73,1.48931444423999,-0.0641436187948744,FALSE
63.8613238240569,1.97441212044569,0.242621671445779,8.13782259713323,4.02449951913665e-16,4.64805622354165e-15,TPBGL,TPBGL,1.97441212044569,-0.0637729146093176,FALSE
108.328089447602,1.93389502583895,0.248902858209447,7.7696778564576,7.86859856703532e-15,7.8949483774792e-14,HS3ST3A1,HS3ST3A1,1.93389502583895,-0.063673554345826,FALSE
2787.60372472491,1.08700921738107,0.159977894755263,6.79474635570117,1.08503255523583e-11,7.5182199939746e-11,ITPA,ITPA,1.08700921738107,-0.0635766186337061,FALSE
8671.97876579124,3.22444575358179,0.374061377371147,8.62009806049146,6.68967993912509e-18,9.40053299046759e-17,CXCL9,CXCL9,3.22444575358179,-0.0626077771350087,FALSE
1960.00303796251,1.67959270544485,0.255836535725799,6.56510103484598,5.19975936090212e-11,3.31317837351834e-10,CHMP4C,CHMP4C,1.67959270544485,-0.0625024795053312,FALSE
1615.87579507338,2.13729662115879,0.185652983486767,11.5123203571416,1.14359370084744e-30,4.78492086677212e-29,TEAD4,TEAD4,2.13729662115879,-0.0622151214399784,FALSE
1706.94399820293,1.15203045575436,0.136226129941792,8.4567509643459,2.7493019687532e-17,3.61402190718556e-16,TMEM201,TMEM201,1.15203045575436,-0.0621697132142529,FALSE
50.5690206313933,4.42961169225064,0.554226218601836,7.99242537356923,1.32309603169488e-15,1.44729938137601e-14,EPHA8,EPHA8,4.42961169225064,-0.0620845301769725,FALSE
321.969011046301,1.70500692644455,0.498144421089156,3.42271609248716,0.000619987959294579,0.00142039252372401,GPR12,GPR12,1.70500692644455,-0.0618841877930746,FALSE
130.997952521433,1.81832024011544,0.190473920633338,9.54629502070108,1.34417566042004e-21,2.72250403575519e-20,RHEBL1,RHEBL1,1.81832024011544,-0.0615412450110308,FALSE
1772.0731710672,1.00229932450453,0.195432126912756,5.12863130713392,2.91856296841181e-07,1.13617354984454e-06,FAM174C,FAM174C,1.00229932450453,-0.0611069627131983,FALSE
664.750509543807,3.15061847711623,0.584497103020385,5.3903064032917,7.03376532376601e-08,2.9735510978691e-07,RHEX,RHEX,3.15061847711623,-0.0609677177365492,FALSE
2723.22537136029,3.58555467849801,0.494074477105615,7.25711374427372,3.9543717038231e-13,3.2578573705296e-12,CRABP1,CRABP1,3.58555467849801,-0.0607723612185952,FALSE
62.2826505722856,2.62848585248495,0.336176498857538,7.81876740764925,5.33430686596566e-15,5.45077918757847e-14,FAM131C,FAM131C,2.62848585248495,-0.060633958765021,FALSE
14.3073262687735,3.85183358403271,0.500836169155111,7.69080553932554,1.46211517464372e-14,1.4163120125395e-13,RTBDN,RTBDN,3.85183358403271,-0.0606214615812905,FALSE
6298.75075260716,1.34797662341021,0.284238198266712,4.74241896982949,2.11181307353016e-06,7.26139445821271e-06,PRSS8,PRSS8,1.34797662341021,-0.0606092773073927,FALSE
1011.92377759762,4.46951580977895,0.204491652891339,21.8567151596839,6.71026916344532e-106,6.72756101090496e-103,CKAP2L,CKAP2L,4.46951580977895,-0.0605348534374866,FALSE
249.449646351315,1.14989221972017,0.261136280874975,4.40341807682673,1.06558533737383e-05,3.27786322743967e-05,NCF1,NCF1,1.14989221972017,-0.0604998443968633,FALSE
70.8861699357507,2.04814460817413,0.342506865573838,5.97986438824417,2.23323461189033e-09,1.15160685713442e-08,CCL17,CCL17,2.04814460817413,-0.0603552758701321,FALSE
592.985410351487,4.3254612230211,0.480663393580617,8.99894038278918,2.27906626691973e-19,3.7458020416013e-18,SIX3,SIX3,4.3254612230211,-0.0599514658458619,FALSE
901.33296412096,2.40167922104843,0.490064408662871,4.9007419812456,9.54753798687974e-07,3.4575670006112e-06,MS4A1,MS4A1,2.40167922104843,-0.0592030241869243,FALSE
984.195839819559,1.96757813674903,0.390938322494696,5.03296306228901,4.82956210209807e-07,1.82478903196681e-06,L1CAM,L1CAM,1.96757813674903,-0.0590821655495657,FALSE
668.920422670784,1.0364695453978,0.255883169649916,4.05055770887875,5.10957060303595e-05,0.000140764296036079,PRRX2,PRRX2,1.0364695453978,-0.059007462469755,FALSE
377.276792686669,2.83123050013884,0.362609257426728,7.80793772401398,5.81312945693097e-15,5.92611832435744e-14,FZD9,FZD9,2.83123050013884,-0.0589943859111617,FALSE
211.693471492073,1.82780258477925,0.324055811873441,5.64039439444799,1.69661100318357e-08,7.80680653486076e-08,SIRPG,SIRPG,1.82780258477925,-0.0589405550267218,FALSE
3275.95497678725,2.69282199393741,0.239395123117456,11.2484413168944,2.35720763560774e-29,9.08954607061938e-28,INHBA,INHBA,2.69282199393741,-0.0585479611664623,FALSE
3489.82536386499,1.78740673064782,0.22783115029846,7.84531319929827,4.31874263601231e-15,4.45848175417556e-14,IMPA2,IMPA2,1.78740673064782,-0.0582359614715975,FALSE
867.834978166973,1.85734703550582,0.297081028038451,6.25198804437093,4.05260425075192e-10,2.29550706224143e-09,MYCL,MYCL,1.85734703550582,-0.0581973135836204,FALSE
6531.49090505953,1.65378132722464,0.267627592591371,6.17941263533961,6.43405268660581e-10,3.53757543517726e-09,RAB25,RAB25,1.65378132722464,-0.0581419591188742,FALSE
12303.7457685843,1.11885106155896,0.144274890669339,7.7549950401504,8.83469293926903e-15,8.78314038321609e-14,TMED9,TMED9,1.11885106155896,-0.0580899312137521,FALSE
373.073119512956,5.54527299062245,0.448374326948894,12.3675078106212,3.9178976190089e-35,2.25946542554657e-33,GABBR2,GABBR2,5.54527299062245,-0.0576002700197512,FALSE
59.8908685074775,1.91291726821948,0.300890950004544,6.35751014841288,2.05050128773675e-10,1.21092924937548e-09,GPR37L1,GPR37L1,1.91291726821948,-0.0575231327104367,FALSE
261.91729057702,1.93053871551419,0.403075512898243,4.78952120319339,1.67179733419827e-06,5.81981051155798e-06,RNF182,RNF182,1.93053871551419,-0.0571253999198521,FALSE
501.546321509047,1.69473005237983,0.292592202050715,5.79212310000687,6.95021688122339e-09,3.36937518026502e-08,CD7,CD7,1.69473005237983,-0.0568830480912621,FALSE
33.1253363491006,4.69574595093324,0.588360348600611,7.98107139969895,1.4506851621779e-15,1.58354313745776e-14,IL36RN,IL36RN,4.69574595093324,-0.0568058372285582,FALSE
3975.02534894235,1.20455809083303,0.172037230330352,7.00172915199805,2.52822488179129e-12,1.88834492818492e-11,PLEKHO1,PLEKHO1,1.20455809083303,-0.0566636858524594,FALSE
1253.08649507445,1.97792513655016,0.238252929048137,8.30178728317139,1.02556709604564e-16,1.26999798064711e-15,MAP3K21,MAP3K21,1.97792513655016,-0.0563154024332754,FALSE
1731.29379451216,2.87250445068178,0.294227860093802,9.76285675247071,1.6251170861806e-22,3.60834131903491e-21,LAMP3,LAMP3,2.87250445068178,-0.0562670040863675,FALSE
94.3903866279383,1.35215898272085,0.533738267456382,2.53337462416699,0.0112970145411384,0.0201767234014289,LGALS7B,LGALS7B,1.35215898272085,-0.0561122996427328,FALSE
27.7331211524658,1.552367658307,0.320178625303384,4.84844251185119,1.24434580029516e-06,4.42696355620224e-06,NR1I2,NR1I2,1.552367658307,-0.0560870326566973,FALSE
1414.83078607999,1.49481192827738,0.209969649898831,7.11918093399508,1.08570308984088e-12,8.49880553840306e-12,MFSD3,MFSD3,1.49481192827738,-0.0559433639365982,FALSE
578.611717954221,3.14087191996343,0.204665880213914,15.3463387091226,3.7474807648694e-53,4.78850887734563e-51,EEF1AKMT4,EEF1AKMT4,3.14087191996343,-0.0558544958861558,FALSE
645.793266459121,1.236427167134,0.200711193164676,6.16023026737506,7.26392425544509e-10,3.96707968922454e-09,ZNF286A,ZNF286A,1.236427167134,-0.0558255176013608,FALSE
484.590086934368,2.26006598749013,0.332911297135685,6.78879331201845,1.13075298323169e-11,7.81424655723767e-11,CHODL,CHODL,2.26006598749013,-0.055802935092453,FALSE
371.873867003468,2.27361650232089,0.352079479074236,6.45767969294654,1.06320473640612e-10,6.50576475678365e-10,ASPHD1,ASPHD1,2.27361650232089,-0.0555587545261722,FALSE
3153.34545228789,1.4152867962415,0.142464806389354,9.93429066525765,2.95269931862758e-23,7.0290422957685e-22,MRPL47,MRPL47,1.4152867962415,-0.0554909173841294,FALSE
2634.46687418267,2.98475839014407,0.288049851496955,10.3619508034206,3.69350970073202e-25,1.03860536536118e-23,KCNK5,KCNK5,2.98475839014407,-0.0552668851767602,FALSE
4684.08857393841,2.23607873516036,0.473786639603946,4.71959010289858,2.36320352983889e-06,8.06515140250202e-06,MUC16,MUC16,2.23607873516036,-0.0550700216228968,FALSE
2125.41099681489,3.62216177825682,0.286420712014435,12.6462983517556,1.17271141688857e-36,7.34833377500827e-35,KIF26B,KIF26B,3.62216177825682,-0.0550355028511112,FALSE
302.992301725557,1.7461351926117,0.366355299813092,4.76623429087159,1.87700982167093e-06,6.49429453431061e-06,S100A1,S100A1,1.7461351926117,-0.0548796748535906,FALSE
12.9741828044423,1.75521401797136,0.402642288923588,4.35923912181132,1.3051543914918e-05,3.95723955132309e-05,EPO,EPO,1.75521401797136,-0.0548637123429386,FALSE
208.906617309305,1.29194732791283,0.217579558958159,5.9378157309404,2.88844421811988e-09,1.468846574985e-08,BEND6,BEND6,1.29194732791283,-0.0548369014319165,FALSE
11.9691064766536,1.06360765467498,0.290800172993719,3.65752070820796,0.000254666690186807,0.000625673573336427,AXDND1,AXDND1,1.06360765467498,-0.0546098731252848,FALSE
11808.9980852071,2.53715954564344,0.273658323809802,9.27126758039641,1.83946675901965e-20,3.32289535740578e-19,FADS2,FADS2,2.53715954564344,-0.0545123216783449,FALSE
24.2754869355316,2.10723540409436,0.489618539008709,4.30383091367559,1.67869801489937e-05,5.00384461456624e-05,VXN,VXN,2.10723540409436,-0.0541114443928217,FALSE
14.1941124274506,1.25385995942763,0.397261235233451,3.15626053644726,0.00159806046591267,0.00337848439539765,GPR25,GPR25,1.25385995942763,-0.0540935709336855,FALSE
358.501879503201,1.04765258306836,0.281481986076541,3.72191697831592,0.000197716035495605,0.000495993061039739,CFAP251,CFAP251,1.04765258306836,-0.0539488187792956,FALSE
14.1319921312441,2.36428287475742,0.47063806743485,5.02356914654955,5.07199520154616e-07,1.91167870038612e-06,VIL1,VIL1,2.36428287475742,-0.0537991483992155,FALSE
933.477505488773,1.7898496948765,0.194098560733478,9.22134449690328,2.93397921239351e-20,5.19918668453172e-19,CGAS,CGAS,1.7898496948765,-0.0536686079903314,FALSE
1387.76955665044,1.21654286409973,0.203786925035877,5.96968065485829,2.37718414219334e-09,1.22196921779834e-08,ITGAX,ITGAX,1.21654286409973,-0.0536483402221147,FALSE
41.0530355441167,3.70300211819789,0.552239646339344,6.70542606410848,2.00819553055441e-11,1.34604353034101e-10,TAGLN3,TAGLN3,3.70300211819789,-0.0534669726882535,FALSE
102.759725946863,1.66004147160283,0.484824606185974,3.4240041665007,0.000617056748819236,0.00141442299256692,DIO1,DIO1,1.66004147160283,-0.053379564055646,FALSE
973.83478325929,2.08594077295728,0.28595258887142,7.29470847314214,2.99306445263417e-13,2.500388768882e-12,OLR1,OLR1,2.08594077295728,-0.0531891606968344,FALSE
63.6511810617846,1.05029771631885,0.256053125640558,4.10187422509044,4.09817034181371e-05,0.000114707405025296,RDH16,RDH16,1.05029771631885,-0.0528872986318775,FALSE
342.761803333045,2.23795831527793,0.265265344765161,8.43667806384278,3.26484128485005e-17,4.25310433644109e-16,SLAMF8,SLAMF8,2.23795831527793,-0.0528578859592574,FALSE
135.894795141781,2.2845198026526,0.413730390791228,5.52175970994934,3.35621270552862e-08,1.486347206847e-07,ACTN2,ACTN2,2.2845198026526,-0.0526286464918142,FALSE
394.352219086612,5.64397517185294,0.58472475405425,9.65236229990239,4.80361886273272e-22,1.01884404308262e-20,CST1,CST1,5.64397517185294,-0.0525267186273535,FALSE
2702.61745238838,1.34712809784601,0.144058201117689,9.35127668813153,8.65960533371434e-21,1.64047915867683e-19,NUDCD1,NUDCD1,1.34712809784601,-0.0523610152314121,FALSE
4772.48409535408,1.11851508229956,0.14612618677537,7.65444652312031,1.94146583007835e-14,1.85174496131183e-13,SLC35B2,SLC35B2,1.11851508229956,-0.0521696426998141,FALSE
12.995961263647,3.24550789009915,0.457845895639308,7.08864690283468,1.35429572923506e-12,1.04537834687505e-11,RNASE10,RNASE10,3.24550789009915,-0.0521192206632331,FALSE
4643.51247279285,1.19357575258602,0.116067063222623,10.2835009299467,8.36333329034313e-25,2.2822622796171e-23,TIMM17A,TIMM17A,1.19357575258602,-0.0519072948143085,FALSE
362.891002785662,1.3709581592467,0.204885711555521,6.69133122479939,2.21149462367902e-11,1.47623637273857e-10,PPP1R35,PPP1R35,1.3709581592467,-0.0513816015612727,FALSE
36.0700112989068,1.5217063194797,0.486386232547066,3.12859661243075,0.00175643257783009,0.00368490366247863,MMP8,MMP8,1.5217063194797,-0.0513510708972286,FALSE
150.972661231886,1.69799899360534,0.378684218981801,4.48394442781611,7.32757530998158e-06,2.31805710686032e-05,SLC52A1,SLC52A1,1.69799899360534,-0.0513177844875568,FALSE
29.7053929065344,1.13488014011631,0.251993806324883,4.50360330941295,6.68108662534214e-06,2.12878480702596e-05,CHD1L,CHD1L,1.13488014011631,-0.0512034243205127,FALSE
2267.55176146076,1.44697972900818,0.149285117220548,9.69272594581861,3.23769670016873e-22,6.98073117314295e-21,PUS7,PUS7,1.44697972900818,-0.0510390796699033,FALSE
272.883637270797,1.82560693618021,0.294767998597473,6.19336883537755,5.88916988467936e-10,3.25515248905719e-09,CD300E,CD300E,1.82560693618021,-0.0509939999991169,FALSE
18.9940839351524,2.05221243041203,0.392358349458832,5.23045433655888,1.69093942234119e-07,6.7968724629403e-07,FBXW10,FBXW10,2.05221243041203,-0.0509571446196636,FALSE
43.9741136778265,1.49222071135262,0.58676139849832,2.54314737672181,0.0109858881307348,0.0196776709890651,ALX1,ALX1,1.49222071135262,-0.0508790115975375,FALSE
2592.06403421006,1.23319417811855,0.188252370508219,6.55074979820613,5.72489067476619e-11,3.62122604268697e-10,THOP1,THOP1,1.23319417811855,-0.0508587096725829,FALSE
7366.99372386814,1.22371370329297,0.438503730435053,2.79065745251218,0.00526011089078993,0.0100709005207654,SLC34A2,SLC34A2,1.22371370329297,-0.0507357786544224,FALSE
507.321572887213,1.3708237223679,0.265421366142523,5.16470750750267,2.40815190642966e-07,9.48237095844439e-07,CEACAM19,CEACAM19,1.3708237223679,-0.0507219383409072,FALSE
9351.41277962232,1.39135127833986,0.108988862575504,12.7659950334464,2.53885404537159e-37,1.65450771001753e-35,LRRC59,LRRC59,1.39135127833986,-0.050700899794023,FALSE
1783.89522539149,1.29855856667398,0.171922782699049,7.55315000308663,4.24855192795392e-14,3.9009159248318e-13,MIIP,MIIP,1.29855856667398,-0.0505013598634129,FALSE
4023.64441304,1.00288944156624,0.155965873239885,6.43018514712981,1.27448610949145e-10,7.71528783467569e-10,SHARPIN,SHARPIN,1.00288944156624,-0.0504974579115718,FALSE
21.8764010507713,1.1253753442313,0.485574146176588,2.31761792322039,0.0204700952423444,0.0344899471709773,PAEP,PAEP,1.1253753442313,-0.0504564156421319,FALSE
442.137425572908,3.25509076691535,0.188122816134465,17.3030089268316,4.46450286001903e-67,9.77951227328707e-65,AUNIP,AUNIP,3.25509076691535,-0.0504525534566501,FALSE
45.9185075034212,2.46484849709408,0.440248967720331,5.59876042380609,2.15889902884437e-08,9.8024770919502e-08,RNF222,RNF222,2.46484849709408,-0.0503830816635914,FALSE
885.852068119568,1.24354547996976,0.140481320798557,8.85203436941585,8.59382259361819e-19,1.33421782934988e-17,C4orf46,C4ORF46,1.24354547996976,-0.0503799251558152,FALSE
1236.89374115694,1.09948540447065,0.260225826153822,4.22512023776125,2.38813235010269e-05,6.94383111769402e-05,TMEM125,TMEM125,1.09948540447065,-0.0498764898586089,FALSE
3524.79477847517,1.34822216520653,0.254930925308026,5.28857832205922,1.23270704393769e-07,5.04679982948385e-07,COL27A1,COL27A1,1.34822216520653,-0.0497527665762449,FALSE
101.691442197083,2.48335914109625,0.520643666927383,4.7697865139741,1.84421263738052e-06,6.39099851350679e-06,CLEC2L,CLEC2L,2.48335914109625,-0.0496402691219978,FALSE
2277.17872090629,1.1203695401072,0.167860999555626,6.67438858980422,2.48264993686913e-11,1.64544205197985e-10,LRRCC1,LRRCC1,1.1203695401072,-0.0495440618459258,FALSE
1935.87071689871,1.74843578398445,0.169104814072139,10.3393613811525,4.67643440639289e-25,1.30794652007987e-23,REEP4,REEP4,1.74843578398445,-0.0495241311532347,FALSE
273.73181214866,2.74021515022599,0.324504973187479,8.44429323627918,3.05890464000539e-17,3.99481298852808e-16,DRAXIN,DRAXIN,2.74021515022599,-0.049220099363932,FALSE
77.2702859615144,1.47327038712649,0.254288225962235,5.7937027227729,6.88512863830192e-09,3.33906322259751e-08,TMEM52B,TMEM52B,1.47327038712649,-0.0489578601130915,FALSE
2708.45818070739,4.74718970673022,0.352829171462257,13.4546406326214,2.89141605930161e-41,2.36271292845815e-39,GJB2,GJB2,4.74718970673022,-0.0485708581034931,FALSE
68.731763102891,2.81641512980763,0.384464370793335,7.32555561389477,2.37910937633695e-13,2.01547754673303e-12,FTCD,FTCD,2.81641512980763,-0.0481889733194867,FALSE
12.6042696294386,1.20202534125287,0.316609601297581,3.79655366207006,0.000146721613660454,0.000376288105400143,ATOH7,ATOH7,1.20202534125287,-0.0481648687262305,FALSE
28.5311322165683,4.46799626116499,0.392380193147767,11.3869057082664,4.85941234170021e-30,1.96693014768788e-28,H2BC17,H2BC17,4.46799626116499,-0.048040014119636,FALSE
623.058484929119,1.89197786620736,0.387562662005511,4.88173410827808,1.05156984362846e-06,3.77773857688299e-06,SUSD5,SUSD5,1.89197786620736,-0.048028634248427,FALSE
189.398192349576,1.67406219688852,0.303447096095629,5.51681732476014,3.4519391469919e-08,1.52588939706016e-07,CORIN,CORIN,1.67406219688852,-0.0479222392292656,FALSE
496.074394119712,1.87603469361054,0.439517203179046,4.26839877948145,1.96881129457653e-05,5.80094992830636e-05,NKAIN1,NKAIN1,1.87603469361054,-0.0477285633260078,FALSE
883.068893296939,1.2762072914661,0.260119230169626,4.90623969105965,9.28390610659967e-07,3.36770916338343e-06,CCR5,CCR5,1.2762072914661,-0.0474916801878587,FALSE
113.580255754337,1.02310884200472,0.249937126777802,4.09346484531799,4.24974534201291e-05,0.000118618815537264,PDZD7,PDZD7,1.02310884200472,-0.0474596374056442,FALSE
987.184858729128,1.36209429350561,0.168461165580435,8.08550913685356,6.19050368909331e-16,7.00989833464793e-15,PGP,PGP,1.36209429350561,-0.0472334202346476,FALSE
77.1523743546107,3.05338845620002,0.717504909874035,4.25556454622182,2.08522195778797e-05,6.12042346285992e-05,DPP10,DPP10,3.05338845620002,-0.0472046172285039,FALSE
202.417049660122,1.05049434927364,0.200549815659321,5.23807187665604,1.62262871783981e-07,6.5475329393081e-07,SIGLEC9,SIGLEC9,1.05049434927364,-0.0471804115896324,FALSE
1482.38029473279,1.33464390563216,0.152862331324877,8.73101891136058,2.52388468922389e-18,3.71905608784619e-17,NRM,NRM,1.33464390563216,-0.0471536491831714,FALSE
8757.1085873198,1.46423847372855,0.431531300078391,3.39312229139014,0.000691007815478725,0.00156698570909821,ELF5,ELF5,1.46423847372855,-0.046984749242133,FALSE
14.1518052288008,1.28139043878767,0.571332307852516,2.24281109465711,0.0249089987290501,0.0411915796403063,PGC,PGC,1.28139043878767,-0.0469252920192394,FALSE
32.347166964108,2.12310365665805,0.423296815410325,5.01563815121078,5.28577272414779e-07,1.9870815921598e-06,CNGB1,CNGB1,2.12310365665805,-0.0467703451207797,FALSE
385.516193424579,1.2689440957623,0.169785651146298,7.47380056674458,7.79111914854001e-14,6.95755748012992e-13,MFSD13A,MFSD13A,1.2689440957623,-0.0467558809445613,FALSE
27.3078860181129,3.09231535314655,0.45479871819323,6.79930533980246,1.05124801056032e-11,7.29964887886942e-11,PLA2G4D,PLA2G4D,3.09231535314655,-0.0467205652064109,FALSE
11480.5565569616,1.30177356012443,0.213378195967767,6.1007806079731,1.05551703244147e-09,5.64856548648156e-09,SLC5A6,SLC5A6,1.30177356012443,-0.0466957647762396,FALSE
906.978760022188,1.21536953937645,0.178829852857295,6.79623407366057,1.0738924845152e-11,7.44696871344978e-11,SLC26A6,SLC26A6,1.21536953937645,-0.046584174753106,FALSE
82.9664844380457,4.05559439004012,0.510965231642437,7.93712397417705,2.0692319969102e-15,2.22519267588524e-14,KLHL34,KLHL34,4.05559439004012,-0.0463279200204904,FALSE
1552.05379283409,1.6351542918417,0.212818512763001,7.68332731308315,1.55008869082097e-14,1.4943107212881e-13,PSPH,PSPH,1.6351542918417,-0.0462942832084143,FALSE
847.10510373107,2.22648596815237,0.372773106645479,5.97276447377908,2.33266552353989e-09,1.20074234206387e-08,CXCL8,CXCL8,2.22648596815237,-0.046268851529097,FALSE
74.2740725469193,3.04346303684949,0.486148403575248,6.26035797807244,3.84094736624931e-10,2.18320922363761e-09,RGR,RGR,3.04346303684949,-0.0460665114240194,FALSE
163.114537775888,6.1684459335425,0.601922118901329,10.2479137081747,1.20925409845468e-24,3.2664898014941e-23,DPYSL5,DPYSL5,6.1684459335425,-0.0460073430951555,FALSE
2693.53416633053,1.72645559045703,0.201388135821002,8.57277705768892,1.01018948490146e-17,1.39621470323045e-16,GGCT,GGCT,1.72645559045703,-0.0459219025683347,FALSE
38.3735465688297,1.57883568623724,0.316660943478257,4.98588701497268,6.16781821436169e-07,2.29779215940783e-06,CADPS,CADPS,1.57883568623724,-0.0453280285462899,FALSE
26.0249525979217,2.46334561403078,0.419440051697816,5.87293846655705,4.28137422812269e-09,2.13348464929218e-08,SYT5,SYT5,2.46334561403078,-0.0452118867984281,FALSE
87.779466663163,1.43994804579099,0.292900460979744,4.9161685883812,8.82544033324121e-07,3.21257859470184e-06,SLC16A8,SLC16A8,1.43994804579099,-0.045199492943177,FALSE
3537.31566559229,5.36800084503504,0.49947784309026,10.7472251658318,6.10712567354945e-27,1.95811125378122e-25,KIF1A,KIF1A,5.36800084503504,-0.0451512127290223,FALSE
6.10184091572426,1.87264398370073,0.358606749533416,5.22199871066908,1.77002202060114e-07,7.09505828248654e-07,GNG3,GNG3,1.87264398370073,-0.0451044046643804,FALSE
6321.12177787424,1.00182185116349,0.371575008726895,2.69614970768882,0.00701461326278094,0.0130906302921614,PKP1,PKP1,1.00182185116349,-0.0447819405516227,FALSE
66.2241398588956,1.22041549210017,0.298875805360884,4.08335325312315,4.4390465218923e-05,0.000123466309951095,NIM1K,NIM1K,1.22041549210017,-0.0446313959002657,FALSE
3730.09503893681,1.15231445939431,0.163021242553014,7.06849267830589,1.56625613572617e-12,1.2001057815983e-11,RPS6KA1,RPS6KA1,1.15231445939431,-0.0445206359048497,FALSE
521.793731246127,1.80871679756678,0.231735565307964,7.80508937056378,5.94593945406018e-15,6.05440639644479e-14,NUAK2,NUAK2,1.80871679756678,-0.0445170956503263,FALSE
13.1997795612756,2.8675950818942,0.535851231464076,5.35147614396487,8.72396402062746e-08,3.6408512668219e-07,FCRL4,FCRL4,2.8675950818942,-0.0443870397322989,FALSE
341.067113272271,2.23689824600009,0.26457548598948,8.45466932673057,2.79879371054614e-17,3.67167366143966e-16,PPFIA4,PPFIA4,2.23689824600009,-0.0443709815046735,FALSE
12070.0726896325,1.39534755332926,0.133261225029579,10.4707693706069,1.17682606646472e-25,3.45843574684733e-24,SMARCA4,SMARCA4,1.39534755332926,-0.0443401659530064,FALSE
27.9161370541957,2.17884690093588,0.370513029726618,5.88062153318478,4.08728768611017e-09,2.04419278806281e-08,SLC12A3,SLC12A3,2.17884690093588,-0.0442383533598727,FALSE
7311.1435030031,1.53090982368614,0.173336551281079,8.83200809276317,1.02813004694565e-18,1.58300448515844e-17,SCRIB,SCRIB,1.53090982368614,-0.0442354301786904,FALSE
7.49135985629962,1.34564922213284,0.258699501804764,5.20159185752269,1.97588770873148e-07,7.86342975626008e-07,PDXP,PDXP,1.34564922213284,-0.0441876548969097,FALSE
70941.0876122473,1.20457486553749,0.201185791806435,5.98737542408776,2.13254163159054e-09,1.10229947869662e-08,HLA-C,HLA-C,1.20457486553749,-0.0440621721857569,FALSE
11.9091032675705,2.80462690228479,0.466972444517986,6.00597944313343,1.90180288425781e-09,9.89506901875216e-09,FGF5,FGF5,2.80462690228479,-0.0440031258110349,FALSE
1547.53612939211,4.6251849499769,0.415490478137417,11.1318674996138,8.77769846295578e-29,3.25937700618046e-27,FBN2,FBN2,4.6251849499769,-0.0437732555077962,FALSE
4650.90095246758,1.01573272656387,0.174143043632355,5.83274936154356,5.45214356293893e-09,2.68304750340059e-08,MFSD10,MFSD10,1.01573272656387,-0.0437657530045556,FALSE
17057.2665351799,1.58431563844711,0.172199186757513,9.20048269843522,3.5634537403243e-20,6.2593361623338e-19,SOX4,SOX4,1.58431563844711,-0.0435522461095067,FALSE
1258.52812797974,1.51052254844067,0.14774484196618,10.223859786499,1.55041718256058e-24,4.11974767561739e-23,LRWD1,LRWD1,1.51052254844067,-0.0435498709625459,FALSE
75.1293950234378,2.41883601166625,0.494184648976909,4.89459965353813,9.85060516533594e-07,3.55831501941616e-06,FCRL1,FCRL1,2.41883601166625,-0.0435256620106534,FALSE
445.181272920669,2.21220219926847,0.391263612903241,5.65399420317561,1.5676149974731e-08,7.24907222620741e-08,FOXC2,FOXC2,2.21220219926847,-0.0435068700572572,FALSE
57.2911815288772,1.72230624035436,0.277759537854585,6.20070962695811,5.6209136501942e-10,3.11811781484597e-09,DPF1,DPF1,1.72230624035436,-0.0434422317643031,FALSE
841.754982751946,3.74595514605601,0.185871854854436,20.1534285488765,2.51105842663099e-90,1.23501433975453e-87,CDKN3,CDKN3,3.74595514605601,-0.0433881136660232,FALSE
305.585007230926,3.35508243720066,0.447453480724025,7.49817038359337,6.47147472235266e-14,5.83507200233714e-13,RIMS2,RIMS2,3.35508243720066,-0.043321226046757,FALSE
1578.99239711825,3.70984124475206,0.297454888993507,12.4719457706847,1.06200733582799e-35,6.36398740759266e-34,PITX1,PITX1,3.70984124475206,-0.0430867300722356,FALSE
335.365131629212,2.23544831090621,0.274587746831845,8.14110730248706,3.91679068698777e-16,4.53571669647758e-15,ARSI,ARSI,2.23544831090621,-0.0430731476030807,FALSE
6328.39519092984,1.01374729145513,0.213133041175371,4.75640607324225,1.97069866184139e-06,6.7985974084462e-06,UBE2L6,UBE2L6,1.01374729145513,-0.0428559077540196,FALSE
2696.67562629511,1.01641977521824,0.170915909395362,5.94689972872604,2.73268690041658e-09,1.39498324793105e-08,ISOC2,ISOC2,1.01641977521824,-0.042739455033434,FALSE
8567.31195754123,1.34979904193971,0.195933259180098,6.88907563518349,5.61560781467684e-12,4.03367453582753e-11,TASOR2,TASOR2,1.34979904193971,-0.0425526757346189,FALSE
3087.18739175401,1.73575237594359,0.193736155774374,8.95936212322216,3.2656201713331e-19,5.28070229566625e-18,UNC5B,UNC5B,1.73575237594359,-0.0423567162176605,FALSE
11.0280509464358,2.65112126832231,0.455184988922876,5.82427218128561,5.73620262437191e-09,2.8132755185231e-08,TLX2,TLX2,2.65112126832231,-0.0422784827547447,FALSE
4073.13866046718,4.92579885872853,0.464043347703484,10.6149541483698,2.53919066109499e-26,7.89845858744189e-25,COL9A3,COL9A3,4.92579885872853,-0.0420871687752102,FALSE
204.105685405699,2.87839071076072,0.451956280890248,6.36873704928044,1.90591033327478e-10,1.1301493325176e-09,CD19,CD19,2.87839071076072,-0.0415017438109296,FALSE
839.944587308931,1.0124307531763,0.192815369025248,5.25077828751155,1.51457894016646e-07,6.13337412355432e-07,LAT2,LAT2,1.0124307531763,-0.0413712127227851,FALSE
9.72328109328807,2.00605943986295,0.304129258448976,6.59607513625495,4.22185022579009e-11,2.72268604244608e-10,PNPLA1,PNPLA1,2.00605943986295,-0.0411124310920956,FALSE
50.8456647261773,1.15834710163537,0.266743587575206,4.34254900807609,1.40839055171389e-05,4.24471228020881e-05,APOBEC3H,APOBEC3H,1.15834710163537,-0.0408352669867521,FALSE
89.274816584156,2.81040175335772,0.563667823551342,4.98591836527233,6.16681805432102e-07,2.297747944854e-06,QRFPR,QRFPR,2.81040175335772,-0.0405108568809372,FALSE
250.009117326023,1.1354603281376,0.317161310535167,3.58007200254552,0.000343499543232813,0.000823735289185808,PLAC8,PLAC8,1.1354603281376,-0.0402828186580189,FALSE
1212.29313659034,1.09497920405882,0.17875352360901,6.12563703333697,9.03214963532313e-10,4.8806186679927e-09,OXLD1,OXLD1,1.09497920405882,-0.0401133381506694,FALSE
93.7057387730066,2.39475322201241,0.323777866856527,7.39628451216396,1.40047776540194e-13,1.21323542408549e-12,DLGAP3,DLGAP3,2.39475322201241,-0.039687821373408,FALSE
104.118735637252,1.34990711436602,0.397363049640057,3.39716316247523,0.000680883557703065,0.00154568481108484,MATN4,MATN4,1.34990711436602,-0.039676213182005,FALSE
3365.27152523494,1.50920541872009,0.246962014561969,6.11108320199336,9.89571545952844e-10,5.32298008426595e-09,DDIT4,DDIT4,1.50920541872009,-0.0396391390485519,FALSE
6930.01834262477,2.66668746994898,0.216234828580479,12.3323679513381,6.06381701780627e-35,3.45121218784184e-33,TMEM132A,TMEM132A,2.66668746994898,-0.0396219671163527,FALSE
210.745132799762,2.87273534312607,0.183191677826943,15.6815821395548,2.02155433940415e-55,2.81796026552128e-53,EME1,EME1,2.87273534312607,-0.0396184450971783,FALSE
3189.10185319567,2.30811685601443,0.245314854629937,9.40879368881379,5.01863433909034e-21,9.66179773390457e-20,IGSF9,IGSF9,2.30811685601443,-0.0395366717730782,FALSE
9791.85838222906,1.34445820686294,0.124717263669009,10.7800489468005,4.27658145194783e-27,1.38653791925279e-25,HNRNPAB,HNRNPAB,1.34445820686294,-0.0393769871691244,FALSE
76.4278259897998,3.84512907236481,0.452172960675455,8.50366874352894,1.83691208788341e-17,2.47840514466132e-16,DMBX1,DMBX1,3.84512907236481,-0.0392386125950959,FALSE
183.26117458958,2.50332762236699,0.39489944948018,6.33915196808252,2.31033271324856e-10,1.3557731390421e-09,MGAT5B,MGAT5B,2.50332762236699,-0.0391880837764613,FALSE
42.7096003589276,2.71654628116764,0.477581107822131,5.68813597664206,1.2843354122761e-08,5.99763009527071e-08,LMO1,LMO1,2.71654628116764,-0.0391359280177326,FALSE
81.6973197769587,1.13308900150228,0.225425476967853,5.02644606431892,4.99652926022385e-07,1.8848701624639e-06,PABPC3,PABPC3,1.13308900150228,-0.0389862416497169,FALSE
12633.7264216766,1.148432269481,0.170913140600659,6.71939129691804,1.82485259322875e-11,1.22788932750888e-10,FKBP4,FKBP4,1.148432269481,-0.0388572614690325,FALSE
41.7151915113872,1.2078532672863,0.490169155254351,2.46415600479704,0.0137336321323362,0.0240895356162848,PAH,PAH,1.2078532672863,-0.0386707640772697,FALSE
6406.37169771132,1.45560565861177,0.221059646833255,6.58467377227706,4.55885252732005e-11,2.92051139910671e-10,ITPR3,ITPR3,1.45560565861177,-0.0383316058090944,FALSE
79.2301805239624,1.78735169059072,0.351343994048963,5.08718441431969,3.63418416480845e-07,1.39620160094417e-06,ATP10B,ATP10B,1.78735169059072,-0.0381543273886913,FALSE
330.277179051517,2.64393833717959,0.234204767560317,11.2890030579701,1.48713849630849e-29,5.81187993752227e-28,CHAC1,CHAC1,2.64393833717959,-0.0379252123560813,FALSE
7624.98974449567,4.92751844535366,0.37738704840462,13.0569357538486,5.80163702547939e-39,4.13200197658938e-37,CXCL10,CXCL10,4.92751844535366,-0.0376634445407206,FALSE
3056.15549779855,5.20958660160899,0.457354085372297,11.3907074807657,4.6519710170015e-30,1.88589313375082e-28,PRAME,PRAME,5.20958660160899,-0.0374646572107192,FALSE
9817.61813523319,1.47192186195354,0.17792663794525,8.27263347945946,1.31032036763319e-16,1.60508087514541e-15,FOXP4,FOXP4,1.47192186195354,-0.0374557033685978,FALSE
382.271802364702,2.02020550596321,0.269730846252745,7.48970884876187,6.90265642693717e-14,6.20667627047158e-13,P4HA3,P4HA3,2.02020550596321,-0.037289934404325,FALSE
3168.74351494915,1.04570766773497,0.141956880450334,7.36637536988444,1.75329699896252e-13,1.50388920276262e-12,VAV2,VAV2,1.04570766773497,-0.0372592127441324,FALSE
261.701541844529,3.64535156733713,0.292667631318818,12.4556021139422,1.3036387632139e-35,7.79402560566441e-34,TFR2,TFR2,3.64535156733713,-0.0370617404923515,FALSE
83.6912075369666,1.47220947103013,0.259699870335024,5.66888797106798,1.43727301298739e-08,6.67594362607669e-08,ADAT3,ADAT3,1.47220947103013,-0.036982826508599,FALSE
2330.69082691888,5.3254462607644,0.449544414124409,11.8463183913361,2.24854125349407e-32,1.06762704653606e-30,S100P,S100P,5.3254462607644,-0.0369654884558759,FALSE
60.1204794593025,1.04686448776413,0.345861718502773,3.02682960200389,0.00247133227629774,0.00504702432201921,ARSH,ARSH,1.04686448776413,-0.0368438913849873,FALSE
480.744967130459,3.44465663792173,0.346286562645903,9.947416416051,2.58815091263307e-23,6.17814375820571e-22,GSDMC,GSDMC,3.44465663792173,-0.0362771713056303,FALSE
3212.95161888799,1.34256463636121,0.208649512025807,6.43454481789134,1.23843893586539e-10,7.50927837664644e-10,KDELR3,KDELR3,1.34256463636121,-0.0362024692353537,FALSE
1998.16117296468,1.18407884037145,0.144173226268714,8.21288994507574,2.15927442117038e-16,2.56661223605328e-15,NUDT19,NUDT19,1.18407884037145,-0.0357210375979552,FALSE
1120.85575850267,1.86322519531839,0.144549617342106,12.8898659822024,5.13329379078343e-38,3.45761160838118e-36,SUV39H2,SUV39H2,1.86322519531839,-0.0356136038086834,FALSE
17.2278663616883,1.76492731312066,0.461475381875225,3.82453188715897,0.000131020788678598,0.000338451976859083,RETN,RETN,1.76492731312066,-0.0354913103296707,FALSE
8403.11401583661,1.17665736751751,0.145083497378752,8.11020818202192,5.05331082762634e-16,5.78500893033535e-15,PPIB,PPIB,1.17665736751751,-0.0354836909953841,FALSE
160.063696013959,1.2018061792456,0.520205306709343,2.31025359362029,0.020874118497841,0.0351139421065579,KLK8,KLK8,1.2018061792456,-0.0353601931943444,FALSE
72.5049192821273,2.44538855859265,0.459085631495347,5.3266501733619,1.00040572939732e-07,4.14061228139089e-07,ZBTB8B,ZBTB8B,2.44538855859265,-0.0353298790023921,FALSE
6425.26947199666,3.39694276112381,0.26224510331021,12.9533124479566,2.25030408374598e-38,1.54364938292122e-36,MEX3A,MEX3A,3.39694276112381,-0.0352328347234447,FALSE
300.472385619,1.73777924245044,0.328915739796055,5.283356897204,1.26837948541069e-07,5.18388962781444e-07,LAMP5,LAMP5,1.73777924245044,-0.0349481945323451,FALSE
1867.29004704626,2.64259201702072,0.409290508220062,6.45651918123614,1.07138607948864e-10,6.55428794509045e-10,SHC4,SHC4,2.64259201702072,-0.0349411299560522,FALSE
43.3122207798405,1.69922972804056,0.339354240768599,5.00724471334732,5.52147103946127e-07,2.07061121544579e-06,MIXL1,MIXL1,1.69922972804056,-0.0348762817946222,FALSE
298.74633280302,1.66231177103808,0.186617833016759,8.90757193011022,5.21623601665497e-19,8.29095269793567e-18,HYAL3,HYAL3,1.66231177103808,-0.0347608988405657,FALSE
61.0735822834617,2.25192427456961,0.360264939903398,6.25074500775303,4.0849935331759e-10,2.31134201062071e-09,AMN,AMN,2.25192427456961,-0.0346789677495662,FALSE
76.2469324283696,3.15184977324976,0.473437564184315,6.65737155580394,2.78767835409112e-11,1.83890553992282e-10,SH3GL3,SH3GL3,3.15184977324976,-0.0344504071161495,FALSE
298.091588046522,1.25513385318166,0.224130289553817,5.60001888044802,2.14328460271378e-08,9.73666778301501e-08,CYP2S1,CYP2S1,1.25513385318166,-0.0342962642809904,FALSE
968.545150346975,1.00936235275613,0.135338794201094,7.45804156682792,8.78179684558892e-14,7.79072183502232e-13,SAAL1,SAAL1,1.00936235275613,-0.0341920599081253,FALSE
503.756048000543,1.33160378882583,0.197238878589111,6.75122368546737,1.46603371116864e-11,9.98826470178592e-11,TBX19,TBX19,1.33160378882583,-0.0341586661594284,FALSE
50.0828263173281,1.21264885768616,0.294703151504465,4.11481469232876,3.87490583471843e-05,0.000108961348860416,HTRA4,HTRA4,1.21264885768616,-0.0338285205502965,FALSE
82.2662823116867,1.36825990319054,0.281170372842445,4.86630184168534,1.13705817948686e-06,4.07026854774569e-06,SMIM5,SMIM5,1.36825990319054,-0.0337870492381587,FALSE
650.236366347504,1.61343361303161,0.352037318736931,4.58313231909736,4.58061975882351e-06,1.49627838663224e-05,EFR3B,EFR3B,1.61343361303161,-0.0337472788752799,FALSE
1318.52583526309,1.34340228703421,0.296006965036682,4.53841444868612,5.66787814753379e-06,1.82581042599806e-05,KIAA1755,KIAA1755,1.34340228703421,-0.033349814330351,FALSE
10644.1419883586,1.42973420988956,0.139032913736055,10.2834226189334,8.37013365294797e-25,2.2822622796171e-23,CKAP4,CKAP4,1.42973420988956,-0.0331956223125141,FALSE
572.068248083613,1.39846299539411,0.296897563225098,4.71025420418774,2.4740801323238e-06,8.42040041902135e-06,SPATC1L,SPATC1L,1.39846299539411,-0.0330898683826805,FALSE
327.71001748918,1.48548051244656,0.335605118318304,4.42627490274943,9.58743283028097e-06,2.97470408731042e-05,DERL3,DERL3,1.48548051244656,-0.0330072393371544,FALSE
1868.77388192195,2.26055774420222,0.298101030836863,7.58319331488432,3.37151913059832e-14,3.13988528679194e-13,KIAA1549L,KIAA1549L,2.26055774420222,-0.0326280767465423,FALSE
1252.19525722938,2.02860191740036,0.434893632630586,4.6645932825683,3.09228033979149e-06,1.03607289996587e-05,ROPN1B,ROPN1B,2.02860191740036,-0.0326210482869977,FALSE
38.1122336518857,2.27840694054908,0.627612996279885,3.63027367829238,0.000283120863123218,0.000689536722323922,UPK1B,UPK1B,2.27840694054908,-0.0326137236256925,FALSE
9466.53187707519,1.6851749106489,0.207435190077354,8.12386225317163,4.51578248519379e-16,5.19016322934509e-15,PFN2,PFN2,1.6851749106489,-0.0325708114382711,FALSE
35.8230213799066,1.60794354495093,0.293964519518219,5.46985584378075,4.50401766706378e-08,1.95351461775959e-07,CAMK2A,CAMK2A,1.60794354495093,-0.0324304974701575,FALSE
166.600867513317,2.38674571742646,0.382028601886165,6.24755765835996,4.16920399414007e-10,2.35438995916917e-09,PCSK1,PCSK1,2.38674571742646,-0.0322993412880452,FALSE
33.036517114974,1.62691215129849,0.276829813631502,5.87693980628883,4.17920085038046e-09,2.08695840166413e-08,SLC12A5,SLC12A5,1.62691215129849,-0.0322164850914271,FALSE
63.8904005358493,2.80398111896926,0.440159050817196,6.37038160129482,1.88558457315852e-10,1.11911505165126e-09,UNC80,UNC80,2.80398111896926,-0.0315758805923655,FALSE
714.936596851979,1.11726867183997,0.27211088395495,4.10593158054251,4.02688670126947e-05,0.000112875916440373,CLEC11A,CLEC11A,1.11726867183997,-0.03150513352122,FALSE
1424.11720772091,2.0139412859619,0.204235388480111,9.86088307687196,6.15060394873395e-23,1.4125796751687e-21,YDJC,YDJC,2.0139412859619,-0.0313810418830213,FALSE
64.2692551855019,1.42748632294703,0.368090954240435,3.87808042143465,0.000105283916347723,0.000276290307388736,ATP6V0D2,ATP6V0D2,1.42748632294703,-0.0313708341123844,FALSE
430.612610916278,2.8147083561515,0.380407536426976,7.39919188402258,1.37015744625481e-13,1.18894454565659e-12,BCL2L14,BCL2L14,2.8147083561515,-0.0312636882016332,FALSE
2780.31082375637,1.36602428279601,0.16151383263182,8.45763028798863,2.72865603057161e-17,3.59507832649551e-16,MTFR1,MTFR1,1.36602428279601,-0.0308629844087443,FALSE
452.772739046067,1.12984241123547,0.393851753004357,2.86869971408499,0.00412162899008215,0.00806777073548632,SCNN1G,SCNN1G,1.12984241123547,-0.030580778941905,FALSE
198.488287075583,1.94433153486433,0.295773027031675,6.57372835642685,4.90707206738023e-11,3.13434568930166e-10,CSPG5,CSPG5,1.94433153486433,-0.030560668149564,FALSE
15.8796500766385,1.00821883270043,0.390804951373823,2.57985173718034,0.00988427415850792,0.0178975669970704,BFSP2,BFSP2,1.00821883270043,-0.0304643230456319,FALSE
607.709838025622,1.40167403479377,0.269062686429553,5.20947015505534,1.89380666544073e-07,7.55869826183488e-07,AADAT,AADAT,1.40167403479377,-0.0304464189802304,FALSE
13.8276298744302,3.28481379240878,0.443504950777058,7.40648731576391,1.29688640501212e-13,1.12799258990493e-12,CLEC6A,CLEC6A,3.28481379240878,-0.0304264841866032,FALSE
4153.79359186649,1.3341026704259,0.133292849977239,10.0088089545217,1.39420880888088e-23,3.39335583763753e-22,TMEM63B,TMEM63B,1.3341026704259,-0.0304183415882629,FALSE
375.001125921915,1.19885190413066,0.416135527306336,2.88091697407064,0.00396520076133491,0.00778730416979712,PRSS12,PRSS12,1.19885190413066,-0.0304179853390068,FALSE
27.8331147699011,2.21015987601254,0.369279337454018,5.98506239544948,2.1630692439244e-09,1.11675036604035e-08,MYBPH,MYBPH,2.21015987601254,-0.0304142258299817,FALSE
1082.38694144896,1.50255796409676,0.394103582454696,3.81259656341613,0.00013751447617489,0.000354033565476628,BMP7,BMP7,1.50255796409676,-0.0297867600740615,FALSE
9869.54001000802,1.61542019723923,0.291229994125916,5.54688812904618,2.90798669569534e-08,1.29821012496473e-07,MX1,MX1,1.61542019723923,-0.029603084906473,FALSE
549.895564128357,1.07169891060684,0.240750848543111,4.45148549669568,8.52782934970122e-06,2.66862950200205e-05,USP43,USP43,1.07169891060684,-0.0294547997494127,FALSE
27.3258261667479,3.7601468333986,0.465760274336403,8.07313770749537,6.85142596322531e-16,7.71283326766676e-15,CALCB,CALCB,3.7601468333986,-0.029297310244119,FALSE
1458.75773199357,1.58036988344441,0.154378995990565,10.2369488368806,1.35440426029262e-24,3.62849494892577e-23,RBL1,RBL1,1.58036988344441,-0.0291768138788331,FALSE
262.127199937711,1.02478994331584,0.226177319463017,4.53091382349415,5.8729093195179e-06,1.88835731135899e-05,TMEM160,TMEM160,1.02478994331584,-0.0291497882591074,FALSE
1380.43520072085,3.32678615061236,0.283901031674601,11.7181192720195,1.02931763324205e-31,4.68258686661789e-30,INAVA,INAVA,3.32678615061236,-0.0291413044157192,FALSE
1609.8514764146,1.86846453984873,0.181743675754984,10.2807678566361,8.60393705620401e-25,2.34356141320867e-23,EFNA4,EFNA4,1.86846453984873,-0.0291388988506926,FALSE
15.898701684003,1.7106415349885,0.433461918175274,3.94646326069362,7.93140854550187e-05,0.000212040989432611,CLEC4C,CLEC4C,1.7106415349885,-0.0291203083770802,FALSE
260.564311746687,1.37897696634367,0.395720430759229,3.48472522305197,0.00049264266379734,0.00115048524612124,TGM5,TGM5,1.37897696634367,-0.0291108878324728,FALSE
1512.61229122153,1.17063429936554,0.270393798438638,4.32936815165602,1.49537767223843e-05,4.49233718822626e-05,TGFA,TGFA,1.17063429936554,-0.0290731764864762,FALSE
288.58087684993,5.18847106196119,0.514053912860147,10.0932430084872,5.91813496721907e-24,1.49339810445788e-22,TRPM8,TRPM8,5.18847106196119,-0.0288517641824804,FALSE
101.689587453216,2.08921837712332,0.364591910186406,5.73029274307035,1.00257458047317e-08,4.75338515627395e-08,XKR9,XKR9,2.08921837712332,-0.0287254153369061,FALSE
34939.4353572618,1.91490991668386,0.131774444198562,14.5317244806467,7.62757570245164e-48,8.14868917359864e-46,HDGF,HDGF,1.91490991668386,-0.0287008415667384,FALSE
172.412183196562,2.27273186397876,0.21379213023414,10.630568400669,2.14799317446025e-26,6.70559737468926e-25,PRR19,PRR19,2.27273186397876,-0.0285920748654461,FALSE
929.938332937607,2.27995641901186,0.178080488986481,12.8029546189361,1.57829837656723e-37,1.03630991894151e-35,GAS2L3,GAS2L3,2.27995641901186,-0.0284401434141458,FALSE
176.485958956247,1.69873754804688,0.33535004761067,5.06556525084813,4.07190266687306e-07,1.55428740397394e-06,FRMD5,FRMD5,1.69873754804688,-0.0283875207515072,FALSE
61.3421927063572,1.78053867347235,0.248612069466848,7.16191565956851,7.95573665420807e-13,6.33808641091815e-12,LBX2,LBX2,1.78053867347235,-0.0283381681445038,FALSE
2019.80727556349,1.61573019606809,0.200077186141048,8.0755343836606,6.71817729650052e-16,7.57779002976543e-15,RELB,RELB,1.61573019606809,-0.0283022000070581,FALSE
928.207644744836,4.21775339202744,0.354626414804285,11.8935116391574,1.27913042406137e-32,6.16323341294043e-31,APOBEC3B,APOBEC3B,4.21775339202744,-0.0282085440228722,FALSE
9636.9057191131,2.20192585067045,0.172020009296229,12.8004053695788,1.63097621275122e-37,1.06820746074839e-35,TTYH3,TTYH3,2.20192585067045,-0.0281869044414948,FALSE
214.48253884814,2.21389056988457,0.184680453358561,11.9876821267395,4.12280629938665e-33,2.06671522704061e-31,CCDC150,CCDC150,2.21389056988457,-0.0280307431415132,FALSE
381.121207081395,1.43758130144289,0.308233987696892,4.66392856992968,3.10229103597066e-06,1.03875941470324e-05,FAM78B,FAM78B,1.43758130144289,-0.0279349204654644,FALSE
588.321970143603,1.61294909923903,0.291295138955857,5.53716448898056,3.07407816953288e-08,1.36860795294985e-07,DNAJC6,DNAJC6,1.61294909923903,-0.0278702921154345,FALSE
105.199298672882,1.09070568931387,0.327086211300262,3.33461225704991,0.000854184149898373,0.00190372932929214,MED12L,MED12L,1.09070568931387,-0.0277884876405664,FALSE
51.1328548234353,1.11682763229073,0.19581240841389,5.70355904070228,1.17331371648189e-08,5.50481797111834e-08,NR1I3,NR1I3,1.11682763229073,-0.0277862138140199,FALSE
122.884716734458,1.05215358381489,0.276207679525145,3.80928432411346,0.00013936961783965,0.000358526381942776,TMEM121B,TMEM121B,1.05215358381489,-0.0276432028793435,FALSE
1503.78298293112,1.64691450768994,0.145211884107588,11.3414581582712,8.17704855632872e-30,3.26918902941443e-28,TBC1D7,TBC1D7,1.64691450768994,-0.02750278708467,FALSE
7.76276389195941,4.02712892690452,0.560946366316395,7.17916929090697,7.01362569470573e-13,5.62362906748368e-12,GNG13,GNG13,4.02712892690452,-0.0274627252485956,FALSE
24.5258988723688,1.94504244672431,0.406614048772394,4.78351019251935,1.72260152405966e-06,5.98547772962718e-06,RAPSN,RAPSN,1.94504244672431,-0.0274252290927454,FALSE
9675.45677409351,1.45428187041345,0.229276550159558,6.34291587779641,2.25456554293949e-10,1.32573336358682e-09,LMO4,LMO4,1.45428187041345,-0.0273186481354385,FALSE
835.261472563993,1.37056915683176,0.267277276646765,5.12789255422976,2.93003575537007e-07,1.14012900485493e-06,LCK,LCK,1.37056915683176,-0.0270871626723969,FALSE
3480.20782670746,2.4906184515435,0.461625764921841,5.39531941412584,6.84017581920626e-08,2.89593735714227e-07,LCN2,LCN2,2.4906184515435,-0.0267230372603377,FALSE
468.852477106547,1.36264494014804,0.270281458124091,5.04157758214558,4.61709595900982e-07,1.74983774881519e-06,SLC13A3,SLC13A3,1.36264494014804,-0.0266265379337726,FALSE
1177.5657564273,1.78745468532616,0.36008670809668,4.96395630589688,6.90714891331648e-07,2.55714601226276e-06,MB,MB,1.78745468532616,-0.0265732995879058,FALSE
261.778936505554,5.99235169474173,0.601912455595432,9.95552034026925,2.3857154768867e-23,5.70536195743171e-22,CCKBR,CCKBR,5.99235169474173,-0.0264759835040097,FALSE
63.0542851915662,4.82584431120482,0.532644026525426,9.06016789991065,1.30249908988351e-19,2.19329740154997e-18,ROS1,ROS1,4.82584431120482,-0.0262801090018446,FALSE
3484.9978564605,1.06117047790678,0.151715577210137,6.99447279851153,2.66258233504778e-12,1.98123727835831e-11,SHKBP1,SHKBP1,1.06117047790678,-0.026205456115744,FALSE
113.349836441858,1.28093306931834,0.208743260343944,6.13640443867631,8.44101001321024e-10,4.573515028359e-09,C1orf53,C1ORF53,1.28093306931834,-0.0261935215761313,FALSE
427.45562379332,4.26655955083039,0.208206814775163,20.4919303695114,2.54115473234494e-93,1.35184245730685e-90,CDC25C,CDC25C,4.26655955083039,-0.0259446994944049,FALSE
95.462323072667,1.5371504895386,0.358795191238172,4.28420036576862,1.8339758284044e-05,5.431082679036e-05,APOBEC3A,APOBEC3A,1.5371504895386,-0.0253273060258516,FALSE
29.5493919311636,2.96499488636361,0.377981594014821,7.84428377813379,4.35431441929567e-15,4.4916467735568e-14,IGF2BP1,IGF2BP1,2.96499488636361,-0.0252579789982232,FALSE
502.029587272884,1.82113477128108,0.492269786152813,3.69946485140519,0.000216054558466082,0.000537265803805269,EPHA7,EPHA7,1.82113477128108,-0.0252514555586078,FALSE
912.056163071699,1.03590692249706,0.278836138419156,3.71510998671144,0.000203115326731243,0.000508217241495807,CENPV,CENPV,1.03590692249706,-0.025125961253013,FALSE
481.013435458837,1.22899893646175,0.236974391315497,5.18620990917756,2.14616901569459e-07,8.50215619029041e-07,MAP4K1,MAP4K1,1.22899893646175,-0.0251097240302016,FALSE
1827.62312908239,1.00358547610987,0.20087500420605,4.99606947154279,5.85105898017242e-07,2.18666027865454e-06,RNASET2,RNASET2,1.00358547610987,-0.025048308867044,FALSE
39396.2593641417,1.90005372690292,0.266933509726675,7.11807868876588,1.09441887963215e-12,8.55932101271266e-12,POSTN,POSTN,1.90005372690292,-0.0249650953662803,FALSE
157.927761015216,5.3114271437067,0.589876450893764,9.00430443639338,2.1703720800778e-19,3.57165965980985e-18,PAX1,PAX1,5.3114271437067,-0.0247286903095637,FALSE
395.031501913825,3.1458910366252,0.705029663541729,4.46206904376443,8.11720613039104e-06,2.54837061545108e-05,CRISP3,CRISP3,3.1458910366252,-0.0247131892945276,FALSE
447.67692930803,3.82892334137101,0.455185558437205,8.41178563422994,4.03815402840017e-17,5.20329021543783e-16,GFRA3,GFRA3,3.82892334137101,-0.0246325917285227,FALSE
3109.08480492546,1.43776109757464,0.153199018647808,9.38492367813356,6.29620240296875e-21,1.20236709185485e-19,ZBED4,ZBED4,1.43776109757464,-0.0246198742694583,FALSE
220.24178219048,1.52142103690823,0.326384660295265,4.66143548392216,3.14011504415339e-06,1.05088430935866e-05,CLEC4E,CLEC4E,1.52142103690823,-0.0245574440371708,FALSE
451.230261283397,1.14848616763247,0.185940564398934,6.17663053430557,6.54840711229022e-10,3.59817302268274e-09,FLVCR2,FLVCR2,1.14848616763247,-0.0236221303833436,FALSE
33.7259573452114,3.26171500500619,0.530084931513479,6.15319321696894,7.59381947629247e-10,4.13684623382478e-09,TH,TH,3.26171500500619,-0.0235119168766317,FALSE
1219.02732013261,1.64899695070954,0.467356645111665,3.52834814259577,0.000418161798079759,0.000988772096384712,SNORC,SNORC,1.64899695070954,-0.0234918561841042,FALSE
17.2677903617253,2.40983523970462,0.321685592283619,7.49127501358515,6.82077266214747e-14,6.13940196768639e-13,IL27,IL27,2.40983523970462,-0.023331428647677,FALSE
7272.31124209243,1.62222952165188,0.23370320213064,6.9414090472969,3.88208138385363e-12,2.83695585738471e-11,CXCR4,CXCR4,1.62222952165188,-0.0231900336743948,FALSE
1424.58088031989,1.09803968205151,0.164765869397658,6.66424233408089,2.66034190655383e-11,1.75740325590823e-10,C19orf47,C19ORF47,1.09803968205151,-0.0229906166718148,FALSE
30391.9111565069,1.0984856284986,0.367236692408413,2.99121969892089,0.00277865503212777,0.00562092198684423,TNC,TNC,1.0984856284986,-0.0228360631766977,FALSE
21.3498449954527,1.59941599082167,0.282703502656027,5.65757401586821,1.53527614179747e-08,7.1070934449005e-08,PDF,PDF,1.59941599082167,-0.0224276431027066,FALSE
2.8022609798213,2.8983626377547,0.51378249544355,5.64122496087091,1.68844584586504e-08,7.77747267435306e-08,TEX19,TEX19,2.8983626377547,-0.0223131870262668,FALSE
779.591616537053,1.15662352735233,0.144497562534766,8.00445008941967,1.20001714163804e-15,1.31764308471268e-14,TMEM177,TMEM177,1.15662352735233,-0.0222710681152749,FALSE
2325.99916336873,1.04028708571311,0.16100726930145,6.46111874467857,1.03931721308643e-10,6.36856647708605e-10,BTG3,BTG3,1.04028708571311,-0.0221918732030494,FALSE
108.805836959567,2.51001390378736,0.342686583886253,7.32451756740061,2.39759655171785e-13,2.0304791849782e-12,ZBED2,ZBED2,2.51001390378736,-0.0221603390748672,FALSE
2762.67397889956,1.50311799588667,0.234185582640513,6.41849074968051,1.37631968685482e-10,8.30859779463747e-10,GCNT2,GCNT2,1.50311799588667,-0.0218415775956851,FALSE
1064.16819976992,3.25808224545213,0.194519256517652,16.7494072503638,5.71933028987463e-63,1.08033175845045e-60,SHCBP1,SHCBP1,3.25808224545213,-0.0216839411787186,FALSE
19658.1067742918,1.20893050990217,0.235313193629207,5.13753815184345,2.78360967879928e-07,1.08525805410202e-06,COL5A2,COL5A2,1.20893050990217,-0.0216687900097545,FALSE
57.5510099441338,2.772461885604,0.356924136476939,7.76765032751751,7.99554206659029e-15,8.00764465994487e-14,UPK2,UPK2,2.772461885604,-0.0216352920928397,FALSE
7539.33764753476,1.09061524134981,0.199341708435093,5.47108404915131,4.4729109260849e-08,1.94066859371263e-07,LAPTM5,LAPTM5,1.09061524134981,-0.021611530517009,FALSE
19265.0416349072,1.12314814265454,0.233830047911819,4.80326695685449,1.56097544544621e-06,5.46100482303669e-06,QSOX1,QSOX1,1.12314814265454,-0.0212395551523825,FALSE
18.7506948381758,2.34217643744205,0.50540190074482,4.63428497991469,3.58173299512085e-06,1.19027325323579e-05,GSTA2,GSTA2,2.34217643744205,-0.0209282534441396,FALSE
302.618841536427,6.59339339773858,0.616823574853494,10.6892694548917,1.14267466548202e-26,3.61043642486301e-25,HOXB13,HOXB13,6.59339339773858,-0.0208062834440637,FALSE
6609.6157365282,1.21192237927767,0.14463615674547,8.37911077387383,5.33290656007515e-17,6.77120678526444e-16,MSH6,MSH6,1.21192237927767,-0.0206571373676735,FALSE
2507.84080601134,2.46809083928121,0.255768850151949,9.64969282934555,4.93031881173345e-22,1.04486683305249e-20,ZNF469,ZNF469,2.46809083928121,-0.0205023367515573,FALSE
2957.68433779108,1.93442072633864,0.272800133844882,7.09098158814899,1.3316406279835e-12,1.02910987991835e-11,EVPL,EVPL,1.93442072633864,-0.0198352106149387,FALSE
8900.42260818251,1.37683983485342,0.329392055155577,4.17994245247693,2.91582875278597e-05,8.36067628411307e-05,GPRC5A,GPRC5A,1.37683983485342,-0.0197756007528748,FALSE
59.367261930471,1.58219590591481,0.276159516854122,5.72928256805498,1.00856272171747e-08,4.77916823614058e-08,VSIG1,VSIG1,1.58219590591481,-0.0196570358380752,FALSE
1548.87338356193,2.42987324259906,0.317166898520935,7.66118171199593,1.84229973020601e-14,1.76102776190979e-13,QPCT,QPCT,2.42987324259906,-0.0194609237205367,FALSE
15473.2110014425,1.21534051445534,0.115559007058884,10.5170557050223,7.20912292851446e-26,2.16000238365042e-24,CBX3,CBX3,1.21534051445534,-0.0191404889495936,FALSE
1369.97004335618,5.08644655036529,0.45785133502705,11.1093845561568,1.12935179909102e-28,4.17571820523483e-27,ACAN,ACAN,5.08644655036529,-0.0191104218401747,FALSE
283.508305977173,1.85681917462935,0.422931377400171,4.39035567907854,1.13165403244911e-05,3.46759441211365e-05,PCP4L1,PCP4L1,1.85681917462935,-0.0187531567542674,FALSE
283.428323751299,1.48602295952361,0.254092991362995,5.84834296905375,4.96494038520795e-09,2.45394579107349e-08,HLA-DOB,HLA-DOB,1.48602295952361,-0.018644114398563,FALSE
40.7033213716646,1.36768431827156,0.34126006343213,4.00774794599887,6.13004914606973e-05,0.000166727870503547,ELAVL4,ELAVL4,1.36768431827156,-0.0185195860119332,FALSE
3456.21108875242,1.03494214332196,0.141851185948087,7.29597103051867,2.96512704390598e-13,2.47810088661421e-12,ME2,ME2,1.03494214332196,-0.0183730908366451,FALSE
3648.66230855203,1.32816933340197,0.160788583664903,8.2603459967655,1.45250813316763e-16,1.76762509371058e-15,LRRC8D,LRRC8D,1.32816933340197,-0.0182817729452692,FALSE
127.447597317699,2.2508215716358,0.276503577873789,8.14029817966116,3.94305593789801e-16,4.56207896729638e-15,DLX4,DLX4,2.2508215716358,-0.0181009331074644,FALSE
163268.231849533,1.03929737837457,0.259683320227601,4.00217225143175,6.27635770272259e-05,0.000170458237379527,COL3A1,COL3A1,1.03929737837457,-0.0178713140455456,FALSE
3.07840806870652,3.54850052545229,0.560360687321392,6.33252939711858,2.41174316772903e-10,1.41083727902138e-09,H1-6,H1-6,3.54850052545229,-0.0178277329780482,FALSE
3658.62253882603,1.39405976966217,0.258366601696764,5.39566554077424,6.82700149947932e-08,2.89082924117816e-07,CORO1A,CORO1A,1.39405976966217,-0.0177926109175264,FALSE
242.753291329058,1.38585854591167,0.58322812779126,2.37618605803538,0.0174926398438984,0.0299652127759018,CA6,CA6,1.38585854591167,-0.0177323258081387,FALSE
11076.1510072135,1.11757956984089,0.138800003644809,8.05172579606544,8.163463984e-16,9.13291912750764e-15,RALY,RALY,1.11757956984089,-0.0177039023044716,FALSE
125.104072795216,2.44919857849211,0.428140619811225,5.72054709401786,1.06181591212492e-08,5.01692140318296e-08,CHST4,CHST4,2.44919857849211,-0.0176921939434958,FALSE
25.0946111826357,1.61316148597469,0.448351623006853,3.59798292946078,0.00032069466152205,0.000773387708566498,ELFN2,ELFN2,1.61316148597469,-0.017577546897055,FALSE
977.239127455653,1.17076379830859,0.410071613031097,2.8550227840809,0.00430337415884392,0.0083863676882913,HPN,HPN,1.17076379830859,-0.0175010729459325,FALSE
1358.4332193055,1.67161525031104,0.317974095303636,5.25707997915617,1.46360672106643e-07,5.93895336208571e-07,ETV4,ETV4,1.67161525031104,-0.0172195927416081,FALSE
40.2140988712303,2.43839087138396,0.527323805917502,4.62408646076834,3.76252912643986e-06,1.24527484432336e-05,IGFL1,IGFL1,2.43839087138396,-0.0172109461459121,FALSE
3027.80784405317,1.38142292887168,0.121544112729904,11.365609553969,6.20299452355154e-30,2.49142462627763e-28,MRPL13,MRPL13,1.38142292887168,-0.017119917334464,FALSE
1328.55244283063,1.07035200590548,0.15068148600759,7.10340755367627,1.21717778514869e-12,9.4682701657627e-12,FIGNL1,FIGNL1,1.07035200590548,-0.0170825352221497,FALSE
202.046258620828,1.58529232797527,0.311603624212748,5.08752852917049,3.62759829327985e-07,1.39408233393669e-06,VSTM5,VSTM5,1.58529232797527,-0.016889435386665,FALSE
553.813016188118,1.99467615655043,0.214633347113624,9.29341215321249,1.49419711754108e-20,2.7332797377504e-19,SH3BP1,SH3BP1,1.99467615655043,-0.016765180410977,FALSE
42.09708302322,3.57494367066782,0.629401776129912,5.67990718527927,1.34767852616156e-08,6.28330104479582e-08,OLIG1,OLIG1,3.57494367066782,-0.0164789381851363,FALSE
891.960122043157,1.68069033997185,0.145444544592716,11.5555405991902,6.92105765244457e-31,2.96241723852664e-29,TBC1D31,TBC1D31,1.68069033997185,-0.0164155414025322,FALSE
2219.34192609118,1.21911720198429,0.213870360051848,5.70026254076883,1.19623054719049e-08,5.60225326511218e-08,CDKAL1,CDKAL1,1.21911720198429,-0.0163844995046302,FALSE
3024.33230387536,1.19913976970489,0.155941638643651,7.68967018773667,1.47514793540466e-14,1.42734525731972e-13,NR2F6,NR2F6,1.19913976970489,-0.0162163422299629,FALSE
668.818206172047,1.43577437625282,0.248538028079127,5.77688005070883,7.60984953650533e-09,3.6666533801864e-08,SNX20,SNX20,1.43577437625282,-0.0160995941018242,FALSE
354.38585200746,2.57989325516853,0.305030036611131,8.45783347709301,2.72390708377597e-17,3.59150662381327e-16,IL21R,IL21R,2.57989325516853,-0.0160638322147137,FALSE
13383.3717388599,1.81756592912553,0.184395914766205,9.85686657662678,6.40159943602286e-23,1.4676384564539e-21,IRAK1,IRAK1,1.81756592912553,-0.016059845747409,FALSE
11.0832966230391,3.25047982807666,0.493508689186736,6.58646929486327,4.50408648896216e-11,2.88897693178585e-10,KRT2,KRT2,3.25047982807666,-0.0156438823218993,FALSE
16.110832714936,1.32700573431911,0.382765828258954,3.46688663498285,0.000526523901362761,0.00122205489598638,KIR3DL2,KIR3DL2,1.32700573431911,-0.0154481898230227,FALSE
195.671658800934,2.06107767819096,0.341268217904306,6.03946564625276,1.54625428023891e-09,8.12461405422044e-09,PDCD1,PDCD1,2.06107767819096,-0.0154369883414632,FALSE
519.132852275628,1.81904314856625,0.331531475501759,5.48678868518653,4.09306273327337e-08,1.78806546452551e-07,FUT2,FUT2,1.81904314856625,-0.0154229602896958,FALSE
13.7366702447336,1.55996723335791,0.304470501215667,5.12354145025343,2.99849690608408e-07,1.16416173444882e-06,AANAT,AANAT,1.55996723335791,-0.0152928617062871,FALSE
1005.01752020404,1.40865893252176,0.228945781006982,6.15280581422376,7.61239914395627e-10,4.14523518875095e-09,ANKRD13B,ANKRD13B,1.40865893252176,-0.0147776320400396,FALSE
35.8534043008918,3.79514745466666,0.435021448742383,8.72404674674818,2.68432206215442e-18,3.94209708136221e-17,SH2D5,SH2D5,3.79514745466666,-0.0146319881931741,FALSE
19735.1428135062,1.71137555020931,0.24381904597636,7.01903964621058,2.23398392495475e-12,1.68158414587917e-11,COL5A1,COL5A1,1.71137555020931,-0.0146261854753514,FALSE
1941.78471927565,1.18756276866454,0.148311377806687,8.00722632495829,1.1732445546153e-15,1.28987624652708e-14,TIMM17B,TIMM17B,1.18756276866454,-0.0144475782752463,FALSE
255.979702094577,2.72210265591022,0.349795511750521,7.7819827998584,7.1396577143279e-15,7.21634190148838e-14,MYCN,MYCN,2.72210265591022,-0.0144346769158832,FALSE
654.416253380398,2.24048706278167,0.166998384928076,13.4162199457594,4.85871327015793e-41,3.94554762657965e-39,C21orf58,C21ORF58,2.24048706278167,-0.0140501748779884,FALSE
115.619760107379,2.31599754441972,0.389625433603548,5.94416417583327,2.77871001064995e-09,1.41608277316935e-08,NIBAN3,NIBAN3,2.31599754441972,-0.0139326309522295,FALSE
28.4924573137766,2.08050064847274,0.333490886314139,6.23855323744279,4.41636324631466e-10,2.4848120168721e-09,OIT3,OIT3,2.08050064847274,-0.0138890196132115,FALSE
22.6163521189558,2.08970771749451,0.246838292470906,8.46589763920368,2.54187335740932e-17,3.36169522108517e-16,C20orf144,C20ORF144,2.08970771749451,-0.013597499725379,FALSE
10.0092002856792,1.04877100500264,0.345336946697854,3.03694989786377,0.0023898517494239,0.00489519609871388,KCNK10,KCNK10,1.04877100500264,-0.0135360650533766,FALSE
1278.0229909574,1.72640706069368,0.314717002878908,5.4855856051665,4.12101927999909e-08,1.79907234251777e-07,SGPP2,SGPP2,1.72640706069368,-0.0131918766586659,FALSE
3349.99259597719,1.38257218149328,0.251960284804874,5.48726233804659,4.08210676240428e-08,1.78417634097237e-07,IFI44,IFI44,1.38257218149328,-0.0131391688785029,FALSE
3011.92129403484,1.13845578776927,0.141797183227836,8.02876165699307,9.84614295298777e-16,1.09170314060201e-14,ZNF672,ZNF672,1.13845578776927,-0.0128778010058474,FALSE
692.780666853311,3.0569522705422,0.335486531249958,9.11199701267468,8.08792772771694e-20,1.38702639525261e-18,KLRG2,KLRG2,3.0569522705422,-0.012873797400066,FALSE
4306.25681249421,1.34596608678561,0.143982424746965,9.3481276562123,8.92129544705304e-21,1.68760093191823e-19,SELENOI,SELENOI,1.34596608678561,-0.0128642802404039,FALSE
1102.57443572954,1.61290636596489,0.584345761734325,2.76019177614607,0.00577674397243466,0.010972193611881,DSG1,DSG1,1.61290636596489,-0.0128556974147955,FALSE
7565.85859232014,1.00990880864982,0.18324619545308,5.51121296762969,3.56369210583079e-08,1.571557471201e-07,BACE2,BACE2,1.00990880864982,-0.0126812765274986,FALSE
1264.97116095193,1.25073207715273,0.14370295225088,8.70359347224247,3.21537334124893e-18,4.67457539801093e-17,NR2C2AP,NR2C2AP,1.25073207715273,-0.0126643635640533,FALSE
512.628270564051,1.79384301479676,0.2037096451213,8.80588159548659,1.29828043242581e-18,1.96757418790951e-17,CLCN2,CLCN2,1.79384301479676,-0.0126348064937419,FALSE
1395.79737475292,1.36320764794845,0.157849610797948,8.63611662428099,5.81561424074152e-18,8.22548108591477e-17,KIF20B,KIF20B,1.36320764794845,-0.0126121222750566,FALSE
515.819562945065,2.8767480301974,0.444592215517401,6.47053171376277,9.76586529138621e-11,6.01102268124119e-10,TNNT1,TNNT1,2.8767480301974,-0.0125763623034042,FALSE
334.185249016626,1.18113134712797,0.319927451042744,3.69187246445497,0.000222609091929971,0.000552176331040846,F5,F5,1.18113134712797,-0.0123671067381303,FALSE
432.012841065789,2.6256391460645,0.163142333383954,16.0941620216078,2.80341340900758e-58,4.48322560322702e-56,ARHGEF39,ARHGEF39,2.6256391460645,-0.0123496960706892,FALSE
1149.81195539633,3.58241219393386,0.189037951013368,18.9507565794581,4.35280031586116e-80,1.33487583333592e-77,KIF15,KIF15,3.58241219393386,-0.0122599326452925,FALSE
21.5532404908641,2.41444817195593,0.877490968899576,2.7515362066732,0.00593164623074371,0.011233669158442,ZP2,ZP2,2.41444817195593,-0.0121852954875993,FALSE
2910.71673163561,1.06297010649272,0.170127730622512,6.24807080305615,4.15553307003867e-10,2.34717834315705e-09,NMRAL1,NMRAL1,1.06297010649272,-0.0120842172150243,FALSE
738.91969253739,1.49003193648167,0.270358907101234,5.51131069605831,3.56171363719366e-08,1.57095075094293e-07,TRAF3IP3,TRAF3IP3,1.49003193648167,-0.0117046831263843,FALSE
10.4934252399601,2.69558450586093,0.447537941249102,6.02314185549813,1.71063387537053e-09,8.94864403557769e-09,TGFBR3L,TGFBR3L,2.69558450586093,-0.0114366596710268,FALSE
6954.01545105068,1.31626750151906,0.227946266913634,5.7744639530235,7.7198453746669e-09,3.71142031319517e-08,OAS3,OAS3,1.31626750151906,-0.0110386462544188,FALSE
730.344192811987,2.08842865736685,0.332705252149915,6.2771135828833,3.44916119788461e-10,1.97431014376163e-09,KCNQ3,KCNQ3,2.08842865736685,-0.0108587809412198,FALSE
21.2966063787821,1.33626804119139,0.292713093765978,4.56511194630646,4.99227863980665e-06,1.62079620505468e-05,CPSF4L,CPSF4L,1.33626804119139,-0.0105562429192747,FALSE
3462.62375760927,2.27604173202034,0.217539615511996,10.462654016665,1.28213147813234e-25,3.76366230185538e-24,PODXL2,PODXL2,2.27604173202034,-0.0103993213656852,FALSE
53.9424904348096,1.77046964017442,0.376026743378848,4.70836096461008,2.49716605052366e-06,8.49342737982779e-06,KLK4,KLK4,1.77046964017442,-0.00990194886392739,FALSE
327.300098559793,2.080452666915,0.290572292947208,7.15984530325808,8.0768152545689e-13,6.42865170201061e-12,FOXL1,FOXL1,2.080452666915,-0.00977733521550972,FALSE
2797.15611693649,1.3675471089292,0.115590066880567,11.8310088906015,2.69878333356195e-32,1.27444176007173e-30,DNAJB11,DNAJB11,1.3675471089292,-0.00965912701169744,FALSE
639.794056615768,1.47684184128691,0.206211631803746,7.16177757951323,7.96375610343082e-13,6.34253682701287e-12,IER5L,IER5L,1.47684184128691,-0.00945878996757893,FALSE
718.472683935309,2.31749244169197,0.257356301476876,9.00499590797935,2.15673856058784e-19,3.55146582810128e-18,MROH6,MROH6,2.31749244169197,-0.0094304688245978,FALSE
105514.831635183,1.08346134764354,0.201830999442567,5.3681612370544,7.95434278513033e-08,3.33514321022989e-07,HLA-B,HLA-B,1.08346134764354,-0.00931203904154043,FALSE
211.429961922419,4.31678373453348,0.398288729953663,10.8383275997684,2.26575040518412e-27,7.51416231704001e-26,XIRP1,XIRP1,4.31678373453348,-0.00920268554259265,FALSE
4022.48698923447,1.14151089641469,0.166479358506773,6.85677135383876,7.04342257894866e-12,4.99866311912482e-11,NFKB2,NFKB2,1.14151089641469,-0.00894693872609798,FALSE
257.937725417412,1.27833313011223,0.53761427138192,2.37778868262986,0.0174168038827619,0.0298549238384924,BNC1,BNC1,1.27833313011223,-0.00891547643967937,FALSE
62.9189766128788,1.05505819244495,0.175433837444349,6.01399483597131,1.81006278372043e-09,9.43846901045019e-09,ARPC1B,ARPC1B,1.05505819244495,-0.00888673684392157,FALSE
10453.9365800449,2.23612394512727,0.216461341545977,10.3303616671539,5.13665432830446e-25,1.43052530316146e-23,ESRP1,ESRP1,2.23612394512727,-0.00860701669141753,FALSE
1294.07778290298,1.80733076128061,0.210835040601814,8.57225040070052,1.01482132597495e-17,1.40187321166874e-16,IKBKE,IKBKE,1.80733076128061,-0.0085559246028474,FALSE
82.2432126385344,1.65612517110143,0.20832243310655,7.94981676435383,1.86787584590371e-15,2.01531124483328e-14,HSF2BP,HSF2BP,1.65612517110143,-0.00852172262559133,FALSE
49.4073459436997,1.05166443388362,0.314551729856237,3.3433751401217,0.000827659303162808,0.00184903968593974,MYLK3,MYLK3,1.05166443388362,-0.00844436120395379,FALSE
4126.71319276276,1.10438626045928,0.149263019876668,7.39892748633789,1.37288791138628e-13,1.19091744379721e-12,YIF1A,YIF1A,1.10438626045928,-0.00835054223985003,FALSE
870.027415325607,2.09829338299638,0.357018298070481,5.87727126126779,4.17084445949501e-09,2.08318456650041e-08,LTB,LTB,2.09829338299638,-0.00816098658965149,FALSE
10.9696806571127,2.85156610833622,0.363018597180729,7.8551515830925,3.99288952827958e-15,4.14012137365409e-14,SYNGR4,SYNGR4,2.85156610833622,-0.00802131110283715,FALSE
49.0340136856265,4.11891784416164,0.469591735144304,8.77127414283795,1.76655759376158e-18,2.64193096939662e-17,FOXD3,FOXD3,4.11891784416164,-0.00798973922806534,FALSE
18.0286999544584,4.64017826756186,0.52794682691161,8.7891015364294,1.50760766334406e-18,2.26898435106175e-17,IL21,IL21,4.64017826756186,-0.00790407695527462,FALSE
332.517348247323,2.9006844632189,0.404875161005655,7.16439224380667,7.8132396846237e-13,6.23218233962932e-12,VSTM2L,VSTM2L,2.9006844632189,-0.00787165175805693,FALSE
12.4215292704172,1.66144376812706,0.367093999841218,4.52593550656153,6.01289165561686e-06,1.9314608353292e-05,LRRIQ4,LRRIQ4,1.66144376812706,-0.00778008469338033,FALSE
68.7170936755386,1.50466551001528,0.361362901535826,4.16386270870725,3.12908310485552e-05,8.9289336939539e-05,DCSTAMP,DCSTAMP,1.50466551001528,-0.00772784288505748,FALSE
562.486045653468,2.67451295283897,0.23440437501049,11.4098252335063,3.73478943180718e-30,1.52116806435809e-28,RNFT2,RNFT2,2.67451295283897,-0.00756799455176396,FALSE
32438.5764875835,1.82385826859815,0.257413760233289,7.08531768832103,1.38725688802372e-12,1.06955413487472e-11,LY6E,LY6E,1.82385826859815,-0.00737843946404773,FALSE
107.465574199386,2.66358256881872,0.468834842509954,5.68128118328187,1.33689476455379e-08,6.23525421857642e-08,ZPLD1,ZPLD1,2.66358256881872,-0.00711951104380407,FALSE
1263.75864814348,1.55213048460788,0.262772477013654,5.90674678812434,3.48929433381461e-09,1.75929275434324e-08,TNFSF13B,TNFSF13B,1.55213048460788,-0.00710488134871341,FALSE
1854.49258128972,1.36153279418311,0.324475509997871,4.19610341067664,2.71546301194117e-05,7.82835371956099e-05,SLAMF7,SLAMF7,1.36153279418311,-0.00691833137827159,FALSE
2421.85307507639,3.6624504212015,0.179854944761345,20.3633568488279,3.53513633289468e-92,1.80687056450129e-89,PRR11,PRR11,3.6624504212015,-0.00666020684866617,FALSE
16457.6251322235,1.98611496878316,0.161771460540691,12.2772889738706,1.19950707317104e-34,6.69540703990351e-33,LAPTM4B,LAPTM4B,1.98611496878316,-0.00652928999930704,FALSE
651.815180118084,1.40421697887193,0.231788543089619,6.05818113421163,1.37669323221324e-09,7.28063755003097e-09,CRB3,CRB3,1.40421697887193,-0.00645967114571554,FALSE
117.196295797301,1.46411110906576,0.430781255049838,3.39873448972698,0.000676984021809525,0.00153745796275561,C1QL1,C1QL1,1.46411110906576,-0.0061292216556763,FALSE
2888.66321186366,1.19972788049574,0.255074190567918,4.70344678081528,2.55805797289048e-06,8.68240848689274e-06,RAC2,RAC2,1.19972788049574,-0.00577812800694359,FALSE
329.649183551111,1.61833968623674,0.304384726645489,5.31675719761587,1.05632872320693e-07,4.35961381061355e-07,DOCK3,DOCK3,1.61833968623674,-0.00566862091300682,FALSE
1192.04450400443,1.75565523575934,0.349335954132769,5.02569293251757,5.01617975541816e-07,1.89200922709427e-06,ADD2,ADD2,1.75565523575934,-0.00555759092529767,FALSE
297.152242079352,1.41761502945851,0.442684411765893,3.20231522000868,0.00136327730116323,0.00292073226016454,ADGRF1,ADGRF1,1.41761502945851,-0.00554475125213118,FALSE
1613.86137519544,1.5018644327372,0.4610843511837,3.25724442584443,0.0011249951465305,0.0024488725248109,XDH,XDH,1.5018644327372,-0.00541777840288327,FALSE
5005.84977671032,1.22659021017214,0.183623579847022,6.67991665990839,2.39078169963954e-11,1.58818824068563e-10,P4HA1,P4HA1,1.22659021017214,-0.00536247144430634,FALSE
36.781227366386,1.97596217801433,0.399192890095836,4.94989321463103,7.42542117725589e-07,2.73542190259369e-06,UGT3A2,UGT3A2,1.97596217801433,-0.0053004863004744,FALSE
976.762864662833,1.87606428548948,0.260304039525544,7.20720388707366,5.71124577159315e-13,4.62760034318296e-12,SLC45A3,SLC45A3,1.87606428548948,-0.00523954339090653,FALSE
125.496051402166,3.54864213667319,0.367766496761583,9.64917187378739,4.95542762320553e-22,1.04933494601217e-20,CLDN9,CLDN9,3.54864213667319,-0.0051840651040784,FALSE
19.0870032519478,1.02066654398104,0.330988302309175,3.08369370415889,0.00204447966885978,0.00424142073443438,NUP210L,NUP210L,1.02066654398104,-0.00505528847917345,FALSE
1796.31108281776,1.7453599612221,0.242311441979571,7.20296139118864,5.89186604094551e-13,4.76522718241783e-12,NETO2,NETO2,1.7453599612221,-0.00498565441037563,FALSE
53.1757061901669,1.4053753503322,0.252735006695538,5.56066754941161,2.68744703512002e-08,1.20595079814897e-07,DKKL1,DKKL1,1.4053753503322,-0.0049854293777863,FALSE
18186.8119893127,1.16260749832944,0.152062108295073,7.64560949052101,2.07957908041378e-14,1.97480465898529e-13,EZR,EZR,1.16260749832944,-0.00496371657892831,FALSE
3109.45465149508,1.73643636253939,0.313874671781879,5.53226022565494,3.16130426466509e-08,1.40552137586602e-07,PLEKHB1,PLEKHB1,1.73643636253939,-0.00491639321732013,FALSE
3.84053573946363,2.15071943336245,0.631747657176983,3.40439637397806,0.000663104547292968,0.00150975161448911,SALL3,SALL3,2.15071943336245,-0.00475727732589207,FALSE
40.0395832715969,2.32602196242488,0.414024415156015,5.61807921773979,1.93091971842784e-08,8.81339245320585e-08,NDST3,NDST3,2.32602196242488,-0.00452851382313443,FALSE
217.03218285015,4.71843619667521,0.421456324822148,11.1955519914581,4.28723721320189e-29,1.63146587498589e-27,UMODL1,UMODL1,4.71843619667521,-0.0043629098384924,FALSE
1214.51076486997,1.01217486657281,0.152433145134928,6.6401232204247,3.13421026522412e-11,2.05610793494511e-10,MOSPD3,MOSPD3,1.01217486657281,-0.00428975767090351,FALSE
1317.84599475164,1.13642058249991,0.229522451653448,4.95123929843593,7.37423587454443e-07,2.71771817533931e-06,KDF1,KDF1,1.13642058249991,-0.00418011418060196,FALSE
11.9796153960586,2.2969038920444,0.386849796698397,5.93745663471333,2.89477578706525e-09,1.47149220829621e-08,MT3,MT3,2.2969038920444,-0.00400087661424414,FALSE
6.30082787757658,4.02880304077327,0.73423993107971,5.48703886868269,4.08727224033711e-08,1.7858351573729e-07,MUC21,MUC21,4.02880304077327,-0.00388332398896335,FALSE
4124.210239404,1.523258888394,0.204771564385827,7.43882038974857,1.01588334267962e-13,8.93723627864651e-13,TRIM47,TRIM47,1.523258888394,-0.00353107129182274,FALSE
70.5496734589844,1.66385454205011,0.435029414255335,3.82469434830799,0.000130934424751222,0.000338262403368691,OLAH,OLAH,1.66385454205011,-0.0034593136043331,FALSE
179.605110754723,2.01527389908634,0.30744239860264,6.55496414367692,5.56552478376961e-11,3.52933063088089e-10,SMKR1,SMKR1,2.01527389908634,-0.00333288485274193,FALSE
7.97961381190275,2.49476355742477,0.824034658721177,3.02749833519915,0.0024658707236208,0.00503665978315495,CCDC60,CCDC60,2.49476355742477,-0.00318123909236203,FALSE
1868.34081810091,1.99280674524317,0.230770337736071,8.6354544730195,5.84940152028471e-18,8.2643007820738e-17,TMEM79,TMEM79,1.99280674524317,-0.00282846588452069,FALSE
15.0776908765439,1.58111282376447,0.513945372350895,3.07642194837192,0.00209501144110944,0.00433555598883771,AICDA,AICDA,1.58111282376447,-0.0027453363154045,FALSE
3175.94871406334,1.22350131143496,0.160579555034425,7.61928447972512,2.55085726926852e-14,2.40394781048527e-13,BCL9,BCL9,1.22350131143496,-0.00269043523718018,FALSE
1306.09507488979,3.67337607430993,0.303994501474655,12.0836924894715,1.28802843870662e-33,6.64852223995355e-32,CEMIP,CEMIP,3.67337607430993,-0.00252493879141564,FALSE
68.672582270015,1.65655923948577,0.395534296324392,4.18815575508822,2.81230488787177e-05,8.08429107985813e-05,SNAP91,SNAP91,1.65655923948577,-0.00241764222752013,FALSE
90.6279207450092,3.96712989729596,0.42186767756494,9.40373038340982,5.26621237006574e-21,1.01085683247794e-19,PTPRN,PTPRN,3.96712989729596,-0.00233917415498718,FALSE
2023.58215569345,4.82860631274166,0.224468057529568,21.5113293440676,1.21958887600872e-102,1.02551687841675e-99,NEK2,NEK2,4.82860631274166,-0.0022135770544437,FALSE
956.969997889952,2.30759314743157,0.227970842018858,10.1223170779037,4.39876750615537e-24,1.11975266194289e-22,H4C9,H4C9,2.30759314743157,-0.00213387502030507,FALSE
25.0865380531179,3.64045477607876,0.586962464533701,6.20219348944373,5.56815589522187e-10,3.09148284815226e-09,LHX8,LHX8,3.64045477607876,-0.00183397988225797,FALSE
12.852317044245,3.45998506218998,0.371146468509419,9.32242485314709,1.13711266539812e-20,2.12025149133997e-19,TMEM249,TMEM249,3.45998506218998,-0.00181082324442998,FALSE
14432.1619491548,1.00810817692044,0.103923502746469,9.70048305030489,3.00074563429856e-22,6.48056640010443e-21,ARPC5,ARPC5,1.00810817692044,-0.00173492237491871,FALSE
3027.7559635412,1.89133910946927,0.158287252600235,11.9487771655622,6.58875488113401e-33,3.24667435702307e-31,HGH1,HGH1,1.89133910946927,-0.00156415420473323,FALSE
1456.79768219568,2.85791143554437,0.30847055836161,9.26477862498024,1.95482413152036e-20,3.52395578397934e-19,CTSV,CTSV,2.85791143554437,-0.00135323079508765,FALSE
109.289691629128,2.7015255731666,0.412524717036771,6.54876050233322,5.801658534393e-11,3.66800468144609e-10,HHIPL2,HHIPL2,2.7015255731666,-0.00101921896642167,FALSE
14305.3448936861,1.85267882901433,0.215608799554906,8.59277929675843,8.48904990625085e-18,1.17955257945757e-16,ST14,ST14,1.85267882901433,-0.000954261445898108,FALSE
42.9658583841879,1.7855130935394,0.248539896751513,7.18400995927239,6.76959298663301e-13,5.43464676262897e-12,ENKUR,ENKUR,1.7855130935394,-0.00065862317485485,FALSE
23818.4140250906,1.11103628540273,0.153584227369729,7.23405198847726,4.68792180299282e-13,3.82952233276759e-12,RRBP1,RRBP1,1.11103628540273,-0.000657206351163717,FALSE
242.370526138627,1.32470466098809,0.322078054760834,4.11299261594144,3.90562882982038e-05,0.000109706925330741,CCR4,CCR4,1.32470466098809,-0.000601987932405176,FALSE
19.1848960300315,1.69556238842925,0.342403232747461,4.95194620338125,7.34749186963927e-07,2.70862778342366e-06,RXFP1,RXFP1,1.69556238842925,-0.000575499007990886,FALSE
1673.23589828581,2.03743666099503,0.250325096515998,8.13916259037505,3.98021174158956e-16,4.60302482111868e-15,B4GALNT4,B4GALNT4,2.03743666099503,-0.000540638084548305,FALSE
4725.23669446892,1.10211702639483,0.148421371184235,7.42559523336283,1.12273851792278e-13,9.80449746957893e-13,NCLN,NCLN,1.10211702639483,-0.000514843367343761,FALSE
296.742827896502,1.99096563067598,0.400254869316683,4.9742446208711,6.55025525500553e-07,2.43227213293774e-06,RHCG,RHCG,1.99096563067598,-0.000514023024817935,FALSE
78.9583085400067,3.20876760582406,0.593437359575889,5.40708729244358,6.40579276511915e-08,2.72442160235538e-07,GPR26,GPR26,3.20876760582406,-0.000441026198862007,FALSE
8591.24719651963,1.0789278501242,0.166879434687419,6.4653134290941,1.01089058015411e-10,6.20458788624373e-10,DBN1,DBN1,1.0789278501242,-0.000310244139345939,FALSE
62.3641740037554,2.46824301534172,0.351267752973157,7.02667123426595,2.11518959125126e-12,1.59631288578884e-11,TRPA1,TRPA1,2.46824301534172,-0.00029994067285681,FALSE
252.047136696425,1.64551895453658,0.309083259129858,5.32386955918968,1.01582763004162e-07,4.20110722390845e-07,ARSL,ARSL,1.64551895453658,-6.37036437125017e-05,FALSE
3073.89812520441,1.09192218367814,0.235069438201141,4.64510483384838,3.3990380694068e-06,1.13201386681011e-05,IRF1,IRF1,1.09192218367814,1.32175868412278e-06,FALSE
2182.6063701169,1.95491435040418,0.205764903142234,9.50071815237046,2.08447729524197e-21,4.14462773875458e-20,SLC25A22,SLC25A22,1.95491435040418,0.00050164830756208,FALSE
389.308495044822,2.35706244539382,0.455932521735957,5.16976160511503,2.34392806558839e-07,9.24484383200068e-07,CHRDL2,CHRDL2,2.35706244539382,0.000654006434629678,FALSE
10724.9541112485,5.82039910490397,0.661443781459611,8.79953711570176,1.37381630763414e-18,2.07721981966933e-17,COL2A1,COL2A1,5.82039910490397,0.000767755135801782,FALSE
797.331423103354,1.31964381483671,0.211156464038719,6.24960178625995,4.11500495546307e-10,2.3268076827344e-09,LEF1,LEF1,1.31964381483671,0.000776412886740518,FALSE
596.905825371967,1.11246303421299,0.304749823195835,3.65041404305628,0.000261817919146957,0.000641681894569203,FGFR4,FGFR4,1.11246303421299,0.00106741746202364,FALSE
12741.6471392299,1.24361056857089,0.18436443371605,6.74539304303258,1.52613324349876e-11,1.03841595558032e-10,SSR4,SSR4,1.24361056857089,0.00114717637525778,FALSE
4406.53925236953,1.40626229026485,0.269770129812855,5.2128168942959,1.85994462626792e-07,7.430371888571e-07,CLDN7,CLDN7,1.40626229026485,0.00135153297512557,FALSE
245.600834119348,3.48969926591211,0.52405853814442,6.65898752125744,2.75720341784291e-11,1.8195448479218e-10,MLC1,MLC1,3.48969926591211,0.00142190263148591,FALSE
1108.53533603248,1.1530070828454,0.235858941698847,4.88854513863459,1.01583907302546e-06,3.66047513361276e-06,BAG2,BAG2,1.1530070828454,0.00156964794077615,FALSE
72.6121440578768,2.18220302779303,0.235335642656948,9.27272640538372,1.81447402278026e-20,3.28229662399813e-19,CAVIN4,CAVIN4,2.18220302779303,0.00178479700440293,FALSE
172.108551965981,5.4497063133808,0.505468898783347,10.781486905521,4.210243504093e-27,1.36843413243382e-25,INA,INA,5.4497063133808,0.00181080583337224,FALSE
1102.27786573705,3.53626310403072,0.280118336506266,12.6241757256459,1.55359676095429e-36,9.61938403035521e-35,IL4I1,IL4I1,3.53626310403072,0.00193413439443192,FALSE
828.542236158719,1.21557010542958,0.157266616385598,7.72935880078424,1.08089624391923e-14,1.06283373784393e-13,C1orf159,C1ORF159,1.21557010542958,0.00213631877937813,FALSE
1194.25854479526,1.35807576451009,0.15404159249454,8.81629268120055,1.18311964603827e-18,1.801424054514e-17,FAM83G,FAM83G,1.35807576451009,0.00263422623756529,FALSE
12243.1249008162,1.6144510593306,0.416192620790243,3.87909582891012,0.000104845448330722,0.000275254940239393,SLPI,SLPI,1.6144510593306,0.00272239444713911,FALSE
7.98267542647302,1.1549127373718,0.392625690070039,2.94151087557664,0.00326615373382298,0.00652204913279942,MEP1A,MEP1A,1.1549127373718,0.00329737655331442,FALSE
1056.51837991118,1.66458408376305,0.212135051198015,7.84681302954154,4.26742731045561e-15,4.40899832348975e-14,NAT14,NAT14,1.66458408376305,0.00369676177166553,FALSE
1851.87121248067,1.38086885743372,0.155267761609298,8.89346792355014,5.92307653623819e-19,9.34605545218649e-18,SLC19A1,SLC19A1,1.38086885743372,0.00370059265506685,FALSE
4282.83975105179,1.0235451345569,0.145840046646328,7.0182721282246,2.24628728440345e-12,1.68840745797419e-11,SIPA1L3,SIPA1L3,1.0235451345569,0.00371445692572176,FALSE
2379.1100608191,1.74562049235769,0.31509178497864,5.54003809549026,3.02405854949818e-08,1.34818084846535e-07,EGLN3,EGLN3,1.74562049235769,0.0037198701269621,FALSE
265.490763511138,1.37424387704171,0.385531089107758,3.56454749271232,0.000364484453469323,0.000870061183548658,KCNS1,KCNS1,1.37424387704171,0.00379598941153061,FALSE
581.446409905956,1.7189115796774,0.216651087409271,7.93400854910201,2.12183481856771e-15,2.27800116209244e-14,ARHGAP22,ARHGAP22,1.7189115796774,0.0038449079648565,FALSE
2233.85717563774,1.83019814711971,0.166379246829456,11.0001588659416,3.8145928636008e-28,1.34371611047949e-26,SSX2IP,SSX2IP,1.83019814711971,0.00390637097181952,FALSE
1198.67057437979,2.96756015217042,0.344867071963579,8.60493910095255,7.63572901624769e-18,1.06781410014232e-16,H4C8,H4C8,2.96756015217042,0.00392192828863301,FALSE
1527.55458426881,1.39988269337629,0.166519406794079,8.40672399888747,4.21621677287823e-17,5.41133050805597e-16,C1orf35,C1ORF35,1.39988269337629,0.00399901871317723,FALSE
201.223026988754,2.16424264487077,0.430332122823133,5.02923795386821,4.92432975638594e-07,1.85897905517324e-06,EPHX3,EPHX3,2.16424264487077,0.00400416373498293,FALSE
47.5437824589698,2.83292772882429,0.329355012353685,8.60144106682698,7.87213222754907e-18,1.09910482472159e-16,LCTL,LCTL,2.83292772882429,0.00418662862335241,FALSE
22.1582207322162,2.83076880672695,0.417303478252749,6.78347762299846,1.17316972172223e-11,8.0902156444797e-11,CST2,CST2,2.83076880672695,0.00422145501045844,FALSE
52.0646012142695,1.46256574665258,0.259235704473774,5.64183760729048,1.68244749277833e-08,7.75395311072362e-08,DRP2,DRP2,1.46256574665258,0.00438780922674549,FALSE
923.048701598838,1.46818104324091,0.240646952296418,6.10097501435411,1.05423388635209e-09,5.64401616667485e-09,MST1R,MST1R,1.46818104324091,0.00442184205228979,FALSE
113.849643077459,1.04726927945672,0.257181029567896,4.0721093667612,4.65892931856594e-05,0.000129292356592205,KCNK13,KCNK13,1.04726927945672,0.00464867346408313,FALSE
1604.69596718327,1.54447789038757,0.369186611745806,4.1834612666046,2.87104025169826e-05,8.24263847278717e-05,TRPV6,TRPV6,1.54447789038757,0.00469440708885077,FALSE
31.4174085364416,3.56617615366046,0.570974951076715,6.24576638070645,4.21727122171427e-10,2.37895712911547e-09,POU3F2,POU3F2,3.56617615366046,0.0051091617316594,FALSE
68.8756135561672,2.17318764076432,0.436335832446117,4.98053902330537,6.34074145555187e-07,2.35816960367914e-06,CERS1,CERS1,2.17318764076432,0.00521074257109527,FALSE
653.868713960743,2.88464192052383,0.22443414325646,12.852954896562,8.27864505717618e-38,5.51916728146832e-36,TYMS,TYMS,2.88464192052383,0.00550164340905734,FALSE
2669.06795563099,3.7101307915906,0.436317281952398,8.50328635847016,1.84297544278932e-17,2.48401452260544e-16,SCUBE3,SCUBE3,3.7101307915906,0.00555982713128272,FALSE
81.7148958036191,2.72228260518728,0.388332676408194,7.01018165755839,2.38008895993277e-12,1.78396355416289e-11,TMEM145,TMEM145,2.72228260518728,0.00581499358037385,FALSE
127.394550924163,4.71204734069069,0.514972634931142,9.15009268661577,5.6884720829858e-20,9.8525848363582e-19,GABRQ,GABRQ,4.71204734069069,0.0060808475142702,FALSE
47.992169577157,3.917348362826,0.578135436788299,6.7758316019996,1.23692686594626e-11,8.5051365377529e-11,MAGEB4,MAGEB4,3.917348362826,0.00610918246874438,FALSE
193.299992523432,1.37004601172117,0.230958605880158,5.93199810199787,2.99270084982905e-09,1.51830932371533e-08,CD300LF,CD300LF,1.37004601172117,0.00612554147922748,FALSE
226.400356159184,1.80340678239768,0.280925435504441,6.41952117706754,1.36703639479181e-10,8.25829378981185e-10,OSM,OSM,1.80340678239768,0.0061482956206091,FALSE
5030.38135828381,2.12057141637056,0.271674067234276,7.80557172040238,5.92324075667196e-15,6.03365051989714e-14,HAPLN3,HAPLN3,2.12057141637056,0.00634154283494436,FALSE
6151.25767120203,3.43189886266543,0.406931851286901,8.43359607219791,3.35202262686717e-17,4.35796378127413e-16,MUC5B,MUC5B,3.43189886266543,0.00649910401729415,FALSE
235.536267395379,2.55949158067199,0.221741434066191,11.542685251634,8.03762357309511e-31,3.41232465276662e-29,HSD17B6,HSD17B6,2.55949158067199,0.0068678318181896,FALSE
37.7678764148918,1.19206442397524,0.529973692193998,2.24928980727383,0.0244940638846711,0.0405568673875196,IYD,IYD,1.19206442397524,0.00718252860048461,FALSE
7.21213053136685,2.28750522270616,0.363681667592857,6.28985573522786,3.17761134386686e-10,1.82728424664852e-09,ODAPH,ODAPH,2.28750522270616,0.00730842042945377,FALSE
20.5669874512276,5.65464232123483,0.799310309597424,7.0744018353558,1.50094770744085e-12,1.15243604977498e-11,NKX2-3,NKX2-3,5.65464232123483,0.00740686438817086,FALSE
1967.54306883104,1.64186846636072,0.212053975774501,7.74269126699461,9.73341903273484e-15,9.63619574349788e-14,GALE,GALE,1.64186846636072,0.00744943118486584,FALSE
136.080321666905,2.95680226045637,0.328127348293152,9.01114239894058,2.03921039904908e-19,3.3707100489545e-18,RIPPLY3,RIPPLY3,2.95680226045637,0.00805022519376423,FALSE
3100.60169531337,1.4859113434924,0.252974579174264,5.87375754647986,4.26026324560009e-09,2.12418290021151e-08,PSMB9,PSMB9,1.4859113434924,0.00815945349650016,FALSE
79.1560038713025,3.34251579183367,0.383918766583373,8.70630998734414,3.13927542746693e-18,4.57159176356315e-17,NKX3-2,NKX3-2,3.34251579183367,0.00816405879804591,FALSE
2709.4259928547,1.99365411797351,0.235946092837643,8.44961700359822,2.92259976521311e-17,3.82644782794338e-16,SRD5A1,SRD5A1,1.99365411797351,0.00825899298647819,FALSE
484.074672420394,1.01452354073695,0.176002479615842,5.7642570886009,8.20183119383327e-09,3.92720671803181e-08,PRAF2,PRAF2,1.01452354073695,0.00852404130083204,FALSE
263.555683627048,1.61294070176194,0.182451049551859,8.84040242971297,9.5374445904214e-19,1.47544550824044e-17,CHAC2,CHAC2,1.61294070176194,0.00862303783027299,FALSE
87.1710118919838,1.84030484596179,0.21290556446601,8.64376114629726,5.43922004436764e-18,7.73086962358404e-17,RELL2,RELL2,1.84030484596179,0.00874847887974645,FALSE
14.3758087248643,4.6249556294674,0.919847530831318,5.02795895455366,4.95727947540847e-07,1.87072970634405e-06,OR56A3,OR56A3,4.6249556294674,0.00883109451181043,FALSE
13.183498891943,4.86327986948237,0.476684547669031,10.2023023260637,1.93627155943873e-24,5.09311712814221e-23,H3C12,H3C12,4.86327986948237,0.00887580749309913,FALSE
19.5786356974949,2.63600933453861,0.458252491204303,5.75230770183286,8.8033379017649e-09,4.19825483141796e-08,TRIM71,TRIM71,2.63600933453861,0.00891139350122353,FALSE
275.327875353817,2.24334490139641,0.342419069681783,6.551460184391,5.69771803126134e-11,3.60578819909904e-10,WNT10A,WNT10A,2.24334490139641,0.00895609194279667,FALSE
11.1223310723525,2.78695565404208,0.44001872103652,6.33372063687893,2.3931866659209e-10,1.4012398207673e-09,CCL25,CCL25,2.78695565404208,0.00912843015727544,FALSE
532.992460084463,1.24725065623747,0.243536829471032,5.12140467191978,3.03268041089819e-07,1.17652047593391e-06,ANTKMT,ANTKMT,1.24725065623747,0.00919142518180782,FALSE
2743.65891986612,1.08690200123736,0.132645731223117,8.19402170891675,2.52639468277595e-16,2.98393883986954e-15,GLMP,GLMP,1.08690200123736,0.00932139323072741,FALSE
8389.34095421618,2.30543652753204,0.235234367420614,9.80059398977945,1.11925508483468e-22,2.51730994791937e-21,NUP210,NUP210,2.30543652753204,0.00933733660707367,FALSE
2307.2345502395,1.4951369331707,0.152212602733911,9.8226881763819,8.99133120129271e-23,2.03452283354251e-21,PNP,PNP,1.4951369331707,0.00949992663242889,FALSE
3820.1561398406,1.56252322222645,0.248355837234904,6.29146968971203,3.14474226211441e-10,1.80998005181136e-09,RCN3,RCN3,1.56252322222645,0.0098276286804677,FALSE
421.411199810173,1.92394909012117,0.340510823673571,5.65018482926568,1.60275411608626e-08,7.40237270446854e-08,GPRIN2,GPRIN2,1.92394909012117,0.0098545464874665,FALSE
2290.87430203328,2.9746468504772,0.230830116588255,12.8867363342508,5.34586493169051e-38,3.59151188593754e-36,MFAP2,MFAP2,2.9746468504772,0.00992059842228236,FALSE
18002.1009084303,3.70876234342279,0.463569504429177,8.0004450421941,1.23970316321961e-15,1.36007333146657e-14,S100A9,S100A9,3.70876234342279,0.0100520499167386,FALSE
401.594942895091,2.97608192653969,0.304891284086373,9.76112497101291,1.65311164902805e-22,3.66425691796038e-21,GRIN2D,GRIN2D,2.97608192653969,0.0102520866471193,FALSE
10112.1544048274,1.97955125786196,0.371578284665755,5.32741373636142,9.96210657008694e-08,4.1245589574723e-07,RARRES1,RARRES1,1.97955125786196,0.0103730593750284,FALSE
298.56939718016,1.9282947557579,0.288370590789941,6.68686342277715,2.28004480967124e-11,1.51849586238376e-10,TNFRSF13C,TNFRSF13C,1.9282947557579,0.0104067319543143,FALSE
88.6278464262709,1.09266637068335,0.262909517507692,4.15605483225377,3.23790146473394e-05,9.22329553941859e-05,ZCCHC18,ZCCHC18,1.09266637068335,0.0104207522166113,FALSE
1152.56981391151,2.71341058564084,0.505924298422573,5.36327390105796,8.17269335802994e-08,3.42229072712878e-07,EXTL1,EXTL1,2.71341058564084,0.0104726269633598,FALSE
71.146513300979,1.98560416392463,0.274082834424814,7.24454038900899,4.33908096860099e-13,3.55793720064555e-12,DNAJC5B,DNAJC5B,1.98560416392463,0.0104831808802403,FALSE
31.5021365611323,1.2669491867133,0.310228677287375,4.08392028032819,4.42822278367353e-05,0.000123217851517953,SLC30A3,SLC30A3,1.2669491867133,0.010497158467799,FALSE
418.912233101602,3.92844153501048,0.19987124888408,19.6548606012307,5.25330457879896e-86,2.20867565250891e-83,MTFR2,MTFR2,3.92844153501048,0.0107115077221695,FALSE
352.188141737083,2.01701930143675,0.440179697675474,4.58226336218672,4.59970085937688e-06,1.50194666543125e-05,LY6K,LY6K,2.01701930143675,0.0107595036622952,FALSE
1350.9618718481,4.3129299232577,0.191369552989541,22.5371792737239,1.79389403920324e-112,2.92258974499443e-109,GTSE1,GTSE1,4.3129299232577,0.0108377924883437,FALSE
4714.35031208292,2.55143598118901,0.281671745091685,9.05818927758805,1.32633947730078e-19,2.23129169835518e-18,LAD1,LAD1,2.55143598118901,0.0109569605618222,FALSE
2007.94285449441,5.33871082057422,0.508554836231262,10.4978075916802,8.84096131022989e-26,2.63379815398586e-24,ART3,ART3,5.33871082057422,0.0111179458776842,FALSE
13326.1622734683,1.37015144067308,0.382146966667708,3.58540446525244,0.00033655619230205,0.000808125484961085,PEG10,PEG10,1.37015144067308,0.0112680489793154,FALSE
109.538528704945,3.27872242561196,0.342548456713623,9.57155801274864,1.05306598303052e-21,2.15296242977699e-20,CBS,CBS,3.27872242561196,0.0116583541560785,FALSE
298.72090839512,2.81057606180153,0.276364821669823,10.1698039743979,2.70452401661303e-24,7.0217955718179e-23,TNFRSF9,TNFRSF9,2.81057606180153,0.0116968503873285,FALSE
3.40281046913685,3.90884385946987,1.10118083140266,3.54968389205511,0.000385693980804144,0.000917408978704409,CNGA2,CNGA2,3.90884385946987,0.0119224504985184,FALSE
1456.27468579522,1.17965747051125,0.140716139529357,8.38324213879636,5.14894019942862e-17,6.54719142334175e-16,SIRT7,SIRT7,1.17965747051125,0.0120281553224392,FALSE
115028.886948843,1.06166136219444,0.173970761341228,6.10252753974033,1.04404113632314e-09,5.59399666975335e-09,GNAS,GNAS,1.06166136219444,0.0120439316413636,FALSE
465.034063345832,1.59715209997088,0.337560680477654,4.73145183174437,2.22919717808588e-06,7.63279690544657e-06,MATK,MATK,1.59715209997088,0.0120620910711178,FALSE
703.349320087719,1.73339351033417,0.35012834214166,4.95073749166197,7.39327738496875e-07,2.72435060212016e-06,CHST1,CHST1,1.73339351033417,0.0122344293398651,FALSE
37.9143452062279,5.03545314983815,0.581963971748903,8.65251698435169,5.03758570957062e-18,7.1953285858289e-17,EFNA2,EFNA2,5.03545314983815,0.0125483447061305,FALSE
262.644307755815,3.00530451383973,0.349948276911009,8.58785344042135,8.86091992950022e-18,1.22860425426746e-16,DUSP9,DUSP9,3.00530451383973,0.0126154220938147,FALSE
541.086131310533,1.24218171243859,0.177490639749007,6.99857589220021,2.58577284587424e-12,1.92856482899582e-11,EMC9,EMC9,1.24218171243859,0.0129008276065791,FALSE
215.612922881082,1.22185318611663,0.154875899930632,7.88924026697432,3.04031685784603e-15,3.19822193436128e-14,C8orf76,C8ORF76,1.22185318611663,0.0130480198115646,FALSE
139.114438517175,1.16036829415853,0.205239322777937,5.65373281519748,1.57000203655497e-08,7.25882282491637e-08,OAZ3,OAZ3,1.16036829415853,0.0130656346406266,FALSE
179.429930546897,1.17433623046324,0.191205373351461,6.14175328799284,8.16155533558226e-10,4.42578038137347e-09,ASPHD2,ASPHD2,1.17433623046324,0.0130999068220126,FALSE
40.8984092101456,1.65960823787576,0.23390304065353,7.09528287122211,1.29087176082823e-12,9.99677783407888e-12,C8G,C8G,1.65960823787576,0.0132066463409392,FALSE
119.072272226301,5.66593989657087,0.424438657643197,13.3492550561545,1.19639341811261e-40,9.50804488717727e-39,VGF,VGF,5.66593989657087,0.0134791600872379,FALSE
3032.69282244512,1.15087882884795,0.226324773432462,5.08507668601019,3.67477562287038e-07,1.4109644448573e-06,DAPK1,DAPK1,1.15087882884795,0.0136696976738079,FALSE
21.470133106775,1.61051478069891,0.330742216377668,4.86939586466305,1.11939955668471e-06,4.00981012011823e-06,LAIR2,LAIR2,1.61051478069891,0.013896139903214,FALSE
46.6019237056197,2.18154221672187,0.38487206413307,5.66822697728355,1.44282750624733e-08,6.69935600380284e-08,SLC22A16,SLC22A16,2.18154221672187,0.0140219143665318,FALSE
1116.10974091869,1.44891964876596,0.166457000371148,8.70446809407425,3.19067581495116e-18,4.64125817345602e-17,CDK5,CDK5,1.44891964876596,0.0142111917831826,FALSE
1930.74233894611,1.57143036254364,0.20820266477337,7.54759966330957,4.43353252263893e-14,4.05789649816113e-13,ARHGEF19,ARHGEF19,1.57143036254364,0.0142352275878831,FALSE
1850.43111530294,1.15954257705699,0.136156308509002,8.51626039039043,1.64788087009494e-17,2.23028611841978e-16,RPS6KB2,RPS6KB2,1.15954257705699,0.0142585607396635,FALSE
780.203029628918,1.11873721730394,0.193572600207126,5.77941927786718,7.49589082761523e-09,3.61575474099642e-08,ZNF714,ZNF714,1.11873721730394,0.0144110902583921,FALSE
941.824800080903,1.25638765885805,0.138324096824876,9.08292689196941,1.05693610421189e-19,1.79019840341075e-18,MAZ,MAZ,1.25638765885805,0.0144186110582362,FALSE
714.065792292415,1.68383761342081,0.273051256886231,6.16674551372746,6.97098111451465e-10,3.8166890298688e-09,IL2RG,IL2RG,1.68383761342081,0.0144636442762152,FALSE
923.145558659596,2.38758875002972,0.309482263911671,7.71478378066653,1.21187503998654e-14,1.18580880883367e-13,GALNT14,GALNT14,2.38758875002972,0.0148083808949995,FALSE
1420.94326084779,1.1925130686791,0.113759951908686,10.4827142475967,1.03723384193672e-25,3.06548464373747e-24,KNOP1,KNOP1,1.1925130686791,0.0148306545111463,FALSE
736.668003549466,3.60480675250443,0.228706371233959,15.761724227686,5.70548808648372e-56,8.12704688253394e-54,GPRIN1,GPRIN1,3.60480675250443,0.015041300493004,FALSE
53.7097899931188,1.88650321715151,0.310401272793395,6.07762719583684,1.21973921575983e-09,6.49671886743185e-09,TLL2,TLL2,1.88650321715151,0.0151565274081559,FALSE
14399.4393009084,4.07092132065023,0.591254308786845,6.88522901254298,5.76946431485285e-12,4.13848723982579e-11,FDCSP,FDCSP,4.07092132065023,0.0152180552083627,FALSE
415.201158033308,2.10649819251663,0.408378936160245,5.15819501447072,2.49341846962257e-07,9.78707111092477e-07,TMEM40,TMEM40,2.10649819251663,0.0152451330569476,FALSE
1246.06667462581,1.71226652980436,0.201032346527975,8.51736827121046,1.63219838119084e-17,2.21020858194814e-16,SMOX,SMOX,1.71226652980436,0.0154913108627416,FALSE
255.046616688363,6.53185670028681,0.643426872044696,10.1516691081455,3.25743904782281e-24,8.42377615670606e-23,NCAN,NCAN,6.53185670028681,0.0155300200568164,FALSE
2801.08240870873,1.99654826955327,0.262222207512522,7.61395569236038,2.65831959602861e-14,2.50160349854433e-13,UNC13D,UNC13D,1.99654826955327,0.0157244018109999,FALSE
442.167560955614,1.06250612688686,0.304726421420624,3.48675419063923,0.00048892051076499,0.00114199739732177,POU2F3,POU2F3,1.06250612688686,0.0158068668429123,FALSE
1143.22836090418,1.18109720641898,0.250147457579031,4.72160388056643,2.33992067566316e-06,7.99092260611968e-06,NRARP,NRARP,1.18109720641898,0.0158571633877718,FALSE
1237.59571010146,1.51689974562497,0.200901914949725,7.55044941211519,4.337588587611e-14,3.97566532043797e-13,TRPM2,TRPM2,1.51689974562497,0.0158940247947448,FALSE
919.760172374116,1.00473067652331,0.230966097170595,4.35012189594735,1.36061875612527e-05,4.11023862740961e-05,SHROOM2,SHROOM2,1.00473067652331,0.0162144701165713,FALSE
2052.23106706415,1.62324331877486,0.257344378339777,6.30766962638544,2.83268055629333e-10,1.64197207162326e-09,CYB5R2,CYB5R2,1.62324331877486,0.016244119987764,FALSE
23.5460449348671,1.85758344913449,0.310287189036413,5.9866585368966,2.14195802625047e-09,1.10694726150418e-08,PLSCR2,PLSCR2,1.85758344913449,0.0163576767623771,FALSE
1216.4876158351,1.00524092472991,0.126316558212164,7.95810888895093,1.74688591565686e-15,1.88868001507372e-14,ZNF710,ZNF710,1.00524092472991,0.0165989630500456,FALSE
199.433185475353,1.86561210039684,0.251292471269338,7.42406682927344,1.13577805838377e-13,9.91504576285658e-13,STRIP2,STRIP2,1.86561210039684,0.0167142223271003,FALSE
135.01996365075,4.51078235564712,0.457644659083168,9.85651698565408,6.42391955313198e-23,1.47016954338447e-21,NOTUM,NOTUM,4.51078235564712,0.0168232759222413,FALSE
2434.1040593688,1.26240158036732,0.223386082258785,5.65120963491753,1.59322640863874e-08,7.36097709925313e-08,STAP2,STAP2,1.26240158036732,0.0169344941966768,FALSE
1774.68485736903,1.00705369330173,0.185495534006761,5.42899158566818,5.66733556041725e-08,2.42658403504265e-07,ZNF692,ZNF692,1.00705369330173,0.0170087681995752,FALSE
440.281087576564,8.22456535262474,0.577078399384089,14.2520762541151,4.35148673366133e-46,4.36270018024422e-44,TLX1,TLX1,8.22456535262474,0.0174127716399173,FALSE
5238.47743709292,3.10560328231052,0.318059826238963,9.76421108894536,1.60355142607637e-22,3.56653370507959e-21,MMP9,MMP9,3.10560328231052,0.0174598283544004,FALSE
1592.5935449782,1.10813089595147,0.208526048534811,5.31411257124782,1.07178349842011e-07,4.42129774542128e-07,KIAA1549,KIAA1549,1.10813089595147,0.0174915053526278,FALSE
2990.39824556853,1.03308753447966,0.313290736610415,3.29753616610864,0.000975371124797209,0.00215119714951255,CEACAM1,CEACAM1,1.03308753447966,0.0176084537881525,FALSE
126.006616567949,1.12189515389993,0.290191622440385,3.86604942094908,0.00011061253282317,0.000289268957611335,ICOSLG,ICOSLG,1.12189515389993,0.0176229353898601,FALSE
34.3386702234879,4.13182005290286,0.603099770447131,6.8509726837395,7.33495229669534e-12,5.19706989719917e-11,FADS6,FADS6,4.13182005290286,0.0177319135155982,FALSE
472.986051256785,1.32898437159676,0.459680430439127,2.89110495812753,0.00383889887474394,0.00755747881337892,MOGAT2,MOGAT2,1.32898437159676,0.017850627308297,FALSE
3411.44285124376,2.01508723315166,0.28134521330561,7.16232989883066,7.93172588805412e-13,6.32088959718456e-12,TMEM45A,TMEM45A,2.01508723315166,0.0178726160947559,FALSE
25.0492482820263,1.17772216660617,0.372382162312739,3.16267073398933,0.00156329036518455,0.00331330107726364,SLC5A11,SLC5A11,1.17772216660617,0.0181593926477415,FALSE
61.2818498460528,3.71945600255233,0.573539664599754,6.48508940553913,8.86791831441373e-11,5.48422364654383e-10,MAEL,MAEL,3.71945600255233,0.0183500192214592,FALSE
2976.91579472804,1.48626779240245,0.188866159746558,7.86942348167025,3.56279243926607e-15,3.71633895615641e-14,TOP1MT,TOP1MT,1.48626779240245,0.0184260513933226,FALSE
41204.5416171555,2.28649357575929,0.247481354503931,9.23905390910155,2.48686320045833e-20,4.4309680824571e-19,BGN,BGN,2.28649357575929,0.0186651795535192,FALSE
47.8874531636808,1.48751991104374,0.348690361972198,4.2660195786035,1.98991325079797e-05,5.85452242760165e-05,CLNK,CLNK,1.48751991104374,0.0187364404616128,FALSE
380.408332357526,2.95638697586091,0.346229367225593,8.53881055657133,1.35610495001109e-17,1.84882781024786e-16,CSMD2,CSMD2,2.95638697586091,0.0188320152325019,FALSE
4.34923396928022,1.17149637085458,0.440999391987703,2.6564580181717,0.00789662824347067,0.0145924718859032,GCGR,GCGR,1.17149637085458,0.0188654227402123,FALSE
580.791231302592,1.20864170379794,0.437130320641076,2.7649459365468,0.00569322306931233,0.0108309185336275,GALNT13,GALNT13,1.20864170379794,0.0189745539456762,FALSE
11.0474590495815,3.65970745359652,0.388797279771882,9.41289366979052,4.82662387214677e-21,9.29900993904286e-20,H1-5,H1-5,3.65970745359652,0.0191945286537762,FALSE
4982.86071134603,1.57014828659142,0.179823443493958,8.73161060695725,2.51071326388815e-18,3.70173996887852e-17,DYNC2I2,DYNC2I2,1.57014828659142,0.0191951985360878,FALSE
2980.10948704508,2.26117005667806,0.177242846776442,12.7574686245595,2.83257082822664e-37,1.84131231370034e-35,TCF19,TCF19,2.26117005667806,0.0192391363755884,FALSE
45.716890428888,2.02153082323893,0.414099120517564,4.88175589629919,1.05145363786992e-06,3.77773857688299e-06,SLC8A2,SLC8A2,2.02153082323893,0.0195546289486635,FALSE
19213.6371827455,2.21879038295231,0.415836556393593,5.33572709959682,9.51624387145431e-08,3.95062795026596e-07,MMP7,MMP7,2.21879038295231,0.0195621060202006,FALSE
929.997352731819,1.07550965299683,0.191888238397371,5.60487532732265,2.08404918992687e-08,9.479132827399e-08,NTHL1,NTHL1,1.07550965299683,0.0196114712428622,FALSE
128.886724365881,1.2982432880102,0.409094969363649,3.17345209604907,0.00150637757863099,0.00320100630489721,PITX2,PITX2,1.2982432880102,0.0196579088770641,FALSE
909.1671299357,2.55172598279478,0.486924945998841,5.24049138119296,1.60149568109071e-07,6.46926823477322e-07,SYT13,SYT13,2.55172598279478,0.0196831177943384,FALSE
17183.031446933,2.97113979645345,0.308612035816358,9.62742683898903,6.12438645607802e-22,1.28641725826419e-20,SPP1,SPP1,2.97113979645345,0.0198282129484956,FALSE
9.31003709263957,2.74945583528904,0.566813121778926,4.85072721439468,1.23009627963009e-06,4.38105201818794e-06,HRH3,HRH3,2.74945583528904,0.0202281790312116,FALSE
3.66548255354007,1.53693686317811,0.585633794801013,2.62439920104052,0.00868019813796815,0.0158939817970227,ZDHHC22,ZDHHC22,1.53693686317811,0.0203236052680515,FALSE
1498.23376399633,1.01122751662283,0.118013473668878,8.56874630654575,1.04617725348877e-17,1.44136905215073e-16,QSOX2,QSOX2,1.01122751662283,0.0203571610629406,FALSE
457.94209554304,1.1650710498399,0.254662269094354,4.57496532165209,4.76298873561571e-06,1.55215436143636e-05,CST7,CST7,1.1650710498399,0.0204019356674453,FALSE
90.9482964614937,1.17114617039994,0.217406089107606,5.38690602092694,7.1680889930338e-08,3.02396141416754e-07,C6orf52,C6ORF52,1.17114617039994,0.0207051105477892,FALSE
4417.70776794276,1.15327640193777,0.113909523663307,10.1244949925927,4.3019368235465e-24,1.09617387272128e-22,STX6,STX6,1.15327640193777,0.020819168882897,FALSE
1005.06784913767,2.09908766937203,0.323706294469681,6.48454387583319,8.90006224757953e-11,5.50018782853617e-10,LINGO1,LINGO1,2.09908766937203,0.0208353023832739,FALSE
112.307949855672,1.85882848364153,0.445473201279338,4.17270551472734,3.0100388285709e-05,8.61186281904925e-05,SMTNL2,SMTNL2,1.85882848364153,0.0208766438649181,FALSE
339.430252857438,1.65337223013694,0.294752869739583,5.60935074728097,2.03087055688769e-08,9.25340024582963e-08,PLEKHN1,PLEKHN1,1.65337223013694,0.021176266245164,FALSE
1046.41483539639,1.04903485859886,0.381863692386984,2.74714480458058,0.00601165859275942,0.0113728067738921,POU2AF1,POU2AF1,1.04903485859886,0.0213364697410127,FALSE
4718.95463947747,1.57983253388221,0.314353561044997,5.02565496198109,5.01717244250066e-07,1.89210986774688e-06,MDFI,MDFI,1.57983253388221,0.0214428039902498,FALSE
4097.28848125205,1.89016126206551,0.180282317405803,10.4844517713342,1.01834532300463e-25,3.01307690519429e-24,TTLL4,TTLL4,1.89016126206551,0.0215201875573442,FALSE
23.8820233730022,4.49306558444163,0.63240112219832,7.10477168165526,1.20521615149699e-12,9.37802072270809e-12,LHX9,LHX9,4.49306558444163,0.021988630974043,FALSE
14.2022257301746,2.95402758859643,0.523913125500647,5.63839202496327,1.7164539351617e-08,7.89114721831748e-08,AWAT2,AWAT2,2.95402758859643,0.0219923487879459,FALSE
2422.95432075268,1.43251213729308,0.349622630195016,4.09730953769795,4.17979823818485e-05,0.000116791511067386,COL9A2,COL9A2,1.43251213729308,0.022076297097674,FALSE
326.932030242409,1.95253049381082,0.266946466229131,7.31431481896779,2.58697990950938e-13,2.18165012297577e-12,SLC16A10,SLC16A10,1.95253049381082,0.0221037882961217,FALSE
263.121667531847,2.70648038329291,0.352095236348699,7.68678500555609,1.50878358016078e-14,1.45772652275949e-13,ASCL2,ASCL2,2.70648038329291,0.0221611136469983,FALSE
33.5189881565388,4.97797992386243,0.980955334269873,5.07462445022286,3.88262054137481e-07,1.48529893824504e-06,PAX7,PAX7,4.97797992386243,0.0224679930048837,FALSE
158.144085576274,4.85079037942105,0.459082333906769,10.5662754176164,4.27122622873983e-26,1.29764631823498e-24,SLC26A9,SLC26A9,4.85079037942105,0.0226036527052904,FALSE
76.1733746861236,2.12448580614435,0.448049551811526,4.74163136098398,2.12004125251504e-06,7.28776412096922e-06,NOL4,NOL4,2.12448580614435,0.0226573451906684,FALSE
1969.80410693549,1.29396161112749,0.176786129015054,7.31936163960749,2.49153318413409e-13,2.10319933649039e-12,SLC37A1,SLC37A1,1.29396161112749,0.0226749045640029,FALSE
103.50173989069,3.33129005539024,0.572537337096828,5.81846779160684,5.93895002351524e-09,2.90833383924426e-08,MMP20,MMP20,3.33129005539024,0.0226832469456702,FALSE
373.605945804328,2.43621502282847,0.497452605651116,4.89738116787972,9.71223310328377e-07,3.51428068161158e-06,CXCL5,CXCL5,2.43621502282847,0.022737754807259,FALSE
1824.71824459287,2.84140240198611,0.336346630683437,8.44783964748672,2.96742567260157e-17,3.88312675741491e-16,PPP1R14C,PPP1R14C,2.84140240198611,0.0228039444073155,FALSE
1965.4395918722,1.54041922873937,0.453194353289344,3.39902564442564,0.000676263752023338,0.00153622372322373,MZB1,MZB1,1.54041922873937,0.0229146635075434,FALSE
2525.10818965285,1.16685929800618,0.198832921646049,5.86854173014347,4.3964475296633e-09,2.18873563322638e-08,METTL26,METTL26,1.16685929800618,0.0230899659873325,FALSE
4372.85221696501,1.17501403792235,0.17620788301572,6.66833979168525,2.58713253236927e-11,1.71164425688502e-10,TRAF4,TRAF4,1.17501403792235,0.0231174771894871,FALSE
295.851438957355,1.63381906003184,0.263462361962607,6.20133763267381,5.59852605201396e-10,3.10635969769791e-09,NREP,NREP,1.63381906003184,0.023176918553967,FALSE
28.3012765123354,1.19465485006695,0.357728794281991,3.3395546267523,0.000839128456678581,0.00187257610480615,TMIGD2,TMIGD2,1.19465485006695,0.0232147197434234,FALSE
452.355973203461,1.70996519923543,0.215814889288384,7.92329576922968,2.31296518119156e-15,2.47098620402133e-14,CDK5R1,CDK5R1,1.70996519923543,0.0232770895684366,FALSE
102.365758546459,1.04925712149319,0.216645193171082,4.84320517863788,1.27761236968034e-06,4.53541081852887e-06,UFSP1,UFSP1,1.04925712149319,0.0234151657968648,FALSE
1190.63762721604,2.09924117803402,0.140354014747199,14.9567590340405,1.40713862344899e-50,1.66726738624749e-48,PACC1,PACC1,2.09924117803402,0.0234274368365869,FALSE
1844.61377162045,1.07564565180286,0.164590922550458,6.53526716501088,6.34960920685912e-11,3.99409418907328e-10,ASPSCR1,ASPSCR1,1.07564565180286,0.0235421370471534,FALSE
49.256074794947,1.14278413846395,0.281028097453807,4.06644086060396,4.77365920894756e-05,0.000132166728199295,GRM6,GRM6,1.14278413846395,0.0235599432514296,FALSE
17.7316411664223,4.18485555109634,0.544099571643143,7.69134138161214,1.45600362872816e-14,1.41196601897533e-13,LIX1,LIX1,4.18485555109634,0.0238182043532012,FALSE
216.797783356368,3.91288529190626,0.432620591012838,9.04461177574912,1.50197928532464e-19,2.51458535841731e-18,LEMD1,LEMD1,3.91288529190626,0.0240018352489019,FALSE
416.522367408971,1.16474833679008,0.197113158107244,5.90903391724044,3.44119852521399e-09,1.735378641067e-08,ZNF165,ZNF165,1.16474833679008,0.0243312587781088,FALSE
617.248514049413,2.03578540410519,0.311400909604091,6.53750628632861,6.25530166225148e-11,3.94142974208144e-10,STRA6,STRA6,2.03578540410519,0.0243736630000244,FALSE
317.616212526406,1.83626973973445,0.27028906960013,6.79372548231811,1.09274229387947e-11,7.56560780200694e-11,COL13A1,COL13A1,1.83626973973445,0.0244912077999477,FALSE
39.4538678404601,1.1768628452575,0.449893925833194,2.61586738046747,0.0089001118507716,0.016255550421389,EPGN,EPGN,1.1768628452575,0.0246396175449843,FALSE
724.606035690135,1.15075550124947,0.321873428604749,3.57518017637473,0.000349986783145177,0.00083790461758315,CD38,CD38,1.15075550124947,0.0247958024750609,FALSE
171.916273007476,1.29632175104867,0.380411416336765,3.40768361667958,0.000655168116885557,0.00149323103194022,CD1E,CD1E,1.29632175104867,0.0248710277535134,FALSE
3901.44130165307,1.18554195629838,0.236713408524062,5.00834305792133,5.49006155746807e-07,2.05942487578817e-06,CADM1,CADM1,1.18554195629838,0.0248934499009621,FALSE
64.9576862435297,1.91601117695556,0.482062737988548,3.97460958079917,7.04947997951808e-05,0.00019010841571084,PCP4,PCP4,1.91601117695556,0.025005186543785,FALSE
99.64152589632,4.92896358835852,0.557623401990743,8.83923373868792,9.63773020532912e-19,1.49007540487731e-17,POU4F1,POU4F1,4.92896358835852,0.0253888664358191,FALSE
301.212582002892,1.60460896723529,0.499376459901169,3.21322508384327,0.0013125338462485,0.00281983214649948,SHISA9,SHISA9,1.60460896723529,0.0255554041460821,FALSE
230.633473439723,1.12886986295829,0.366703060760352,3.07843043528898,0.002080941073077,0.00430951703757035,CNNM1,CNNM1,1.12886986295829,0.0264761166114983,FALSE
5.90120127214109,1.98522770851006,0.463570698065607,4.28247021823002,1.84829876702463e-05,5.46874051759718e-05,CALHM3,CALHM3,1.98522770851006,0.0264967210387522,FALSE
179.89296195802,2.11763146490048,0.334318448157759,6.33417472643092,2.38614987348022e-10,1.39774761240469e-09,MESP2,MESP2,2.11763146490048,0.0267113086893996,FALSE
66.9691156286403,1.10940382473936,0.366876994746961,3.02391221206041,0.00249528834342787,0.00509036478698813,UPK3B,UPK3B,1.10940382473936,0.0269655520010581,FALSE
739.452383709762,2.69758275358051,0.353421467716344,7.63276427719888,2.2977278717119e-14,2.175621955391e-13,CPA4,CPA4,2.69758275358051,0.0270462414619039,FALSE
310.601383053615,2.3812352661444,0.277900567025861,8.56865925690179,1.04696825521215e-17,1.44169685729609e-16,SRSF12,SRSF12,2.3812352661444,0.0271037717946552,FALSE
666.522882376566,3.52923487281677,0.467496805459104,7.54921708898289,4.3788246655212e-14,4.01064028658261e-13,MAB21L4,MAB21L4,3.52923487281677,0.0272351491703774,FALSE
1677.01970907933,1.65152626562335,0.284884318644904,5.79718207544411,6.74384621582154e-09,3.27298155479092e-08,QPRT,QPRT,1.65152626562335,0.027240691417149,FALSE
69.2734225643151,2.66275742954919,0.421766205481883,6.31334942188386,2.73060005177879e-10,1.58668193378773e-09,LRRN4,LRRN4,2.66275742954919,0.027472721369275,FALSE
26.9808875074184,1.02150989555471,0.4000948908715,2.55316905779432,0.0106747669090342,0.0191783823156519,BCO1,BCO1,1.02150989555471,0.027559683985178,FALSE
74.587826214823,3.53332133421755,0.628318645354298,5.62345453273184,1.87176045039849e-08,8.55985608079603e-08,SOX2,SOX2,3.53332133421755,0.0276430771290816,FALSE
3939.60217325687,1.65948982896911,0.161863475553442,10.2524045235962,1.15435528869379e-24,3.12142938904369e-23,POMK,POMK,1.65948982896911,0.0276795840297035,FALSE
973.270287300798,3.10916044489221,0.234752540568944,13.244416598674,4.860440359783e-40,3.7045935338732e-38,SAPCD2,SAPCD2,3.10916044489221,0.0277956939355,FALSE
4772.45876465062,1.0142839667202,0.238328714894184,4.25581939285213,2.08284794015352e-05,6.1141438351331e-05,EPS8L2,EPS8L2,1.0142839667202,0.027998219977386,FALSE
3277.00857766926,1.8988621521015,0.267980293070309,7.08582758211739,1.38215807539634e-12,1.06593830033599e-11,SPHK1,SPHK1,1.8988621521015,0.0280916828908106,FALSE
601.514862206642,2.60076751443477,0.613763240342776,4.2374116654205,2.26111333233035e-05,6.59289051832832e-05,CDH19,CDH19,2.60076751443477,0.0281107614893778,FALSE
1663.00651659979,1.61502093771084,0.20267434014164,7.9685516014616,1.60544830689667e-15,1.74154061655744e-14,LRRC45,LRRC45,1.61502093771084,0.0281920710840503,FALSE
489.45991128398,1.32453842731156,0.26039850339916,5.08658233446602,3.64573489028186e-07,1.40022648276083e-06,SIGLEC10,SIGLEC10,1.32453842731156,0.028328196124577,FALSE
244.686056262182,2.37554681274784,0.275523867412453,8.62192751233308,6.58363783792508e-18,9.25650957503738e-17,GPR156,GPR156,2.37554681274784,0.0284401336709526,FALSE
27249.4434299755,1.17964039233027,0.289899484349914,4.069135876442,4.71878234747388e-05,0.000130772378749311,KRT7,KRT7,1.17964039233027,0.028587801964949,FALSE
1282.56958792462,1.07486380509978,0.194737394806478,5.51955522547651,3.39858774955661e-08,1.50460235848662e-07,SCAMP5,SCAMP5,1.07486380509978,0.0287854472202756,FALSE
3.4529758778544,1.98887929102238,0.430207542772384,4.62306931720781,3.78103303723117e-06,1.25124016988073e-05,TRPM5,TRPM5,1.98887929102238,0.0290063697526174,FALSE
7653.07122409598,3.98438772001178,0.535219362562771,7.44440130292276,9.73850476298505e-14,8.58572663378212e-13,CALML5,CALML5,3.98438772001178,0.0291133111338089,FALSE
134.04039744179,2.88427497589662,0.287601526890535,10.0287192737833,1.13985465026663e-23,2.80043272087655e-22,GABRD,GABRD,2.88427497589662,0.0291364303589034,FALSE
6.95120304247782,1.22252685670881,0.380815531533135,3.21028622910155,0.00132602858708716,0.00284560691360838,SLC45A2,SLC45A2,1.22252685670881,0.029393103927043,FALSE
361.898729064279,1.20112243431854,0.31139395995282,3.85724384153285,0.00011467275244402,0.000299396498192935,PHEX,PHEX,1.20112243431854,0.0297030528047117,FALSE
36.4739744981558,1.75500947601963,0.422250729479226,4.15632076748366,3.23413670836431e-05,9.21357831441884e-05,CLPSL2,CLPSL2,1.75500947601963,0.0300808399771025,FALSE
1405.46213357556,1.40176670195309,0.158853766433399,8.82425852043488,1.1018741955458e-18,1.6875766542475e-17,SMCO4,SMCO4,1.40176670195309,0.0305439916749262,FALSE
1789.14443595095,1.05066579143991,0.139078475674775,7.55448164313228,4.20531267801287e-14,3.86257524939258e-13,FBXO46,FBXO46,1.05066579143991,0.0306792738192221,FALSE
731.014144705825,1.19637251486526,0.181870234419747,6.57816557328504,4.76287694068037e-11,3.04373408219454e-10,ZDHHC23,ZDHHC23,1.19637251486526,0.0307491277879635,FALSE
4615.10068024538,1.11246056445315,0.434678367108998,2.55927289837774,0.0104891364626293,0.0188800110600303,DSC3,DSC3,1.11246056445315,0.0308755849794336,FALSE
2042.65344711829,1.19542394068343,0.50743407866534,2.35582116169189,0.0184818130888829,0.0314858781640357,KLK7,KLK7,1.19542394068343,0.0309614378300391,FALSE
42.918818757519,1.9471021353582,0.363256451947097,5.36013090730119,8.31616684354982e-08,3.48069237493277e-07,CHD5,CHD5,1.9471021353582,0.0311630501988267,FALSE
13.4615044944306,1.65849766964736,0.354240880700954,4.6818358919095,2.84317056661815e-06,9.57283998450468e-06,PTCRA,PTCRA,1.65849766964736,0.0312069854907409,FALSE
392.924816698736,1.13773218197665,0.222346123298501,5.11694184318762,3.10529316663477e-07,1.2036531892144e-06,ADAMTSL2,ADAMTSL2,1.13773218197665,0.0312734665216363,FALSE
6353.03926043312,1.12978820578923,0.142673916341669,7.9186738176,2.40057183887949e-15,2.56038077430735e-14,DESI2,DESI2,1.12978820578923,0.0313261242997793,FALSE
107.235685916702,2.00273417141925,0.487622418324844,4.10714129653708,4.00586195924341e-05,0.000112316665259329,UGT2B7,UGT2B7,2.00273417141925,0.0313544901580145,FALSE
408.223835770258,1.3305455112621,0.313941340995154,4.23819783353299,2.2532118105143e-05,6.57352795351722e-05,NKD2,NKD2,1.3305455112621,0.0313713232376019,FALSE
23.260098800971,3.37132383025559,0.356111061464124,9.46705731744094,2.87838137358522e-21,5.65842890386469e-20,SCT,SCT,3.37132383025559,0.0314244801345159,FALSE
2617.21104411768,1.06369760116174,0.217218636574789,4.89689843346159,9.73611275663905e-07,3.52145485260594e-06,DUSP23,DUSP23,1.06369760116174,0.0315169154129118,FALSE
3499.53112097357,1.15245998190645,0.323800247002292,3.55916955770048,0.000372029297400072,0.000886929549600118,C1orf116,C1ORF116,1.15245998190645,0.0315333613885628,FALSE
120.153525858231,1.48201374216894,0.332929863826934,4.4514292744232,8.53006278409342e-06,2.66898507493654e-05,ADGRE1,ADGRE1,1.48201374216894,0.0315560424032929,FALSE
17.5606858930219,1.37984444361101,0.321829902989409,4.28749606793506,1.80698455113686e-05,5.35792330551408e-05,GPR31,GPR31,1.37984444361101,0.0317104208598014,FALSE
11308.2076222733,1.42329142013045,0.15154654431171,9.39177746740923,5.8996117721069e-21,1.12745733184392e-19,HDAC2,HDAC2,1.42329142013045,0.0319174831426746,FALSE
12.8230813096873,1.40115465641859,0.407268239864874,3.44037300056462,0.000580912993199073,0.00133828183771279,RBP2,RBP2,1.40115465641859,0.0320307747833525,FALSE
146.641488446271,1.71963516925003,0.209454667895615,8.2100589427161,2.21079940879101e-16,2.62426722171928e-15,ANO7,ANO7,1.71963516925003,0.0321259607255261,FALSE
2420.35957414154,1.96983233412614,0.410808652690028,4.79501179253996,1.62665261543447e-06,5.6755392486321e-06,TTYH1,TTYH1,1.96983233412614,0.0321766037621388,FALSE
4201.14390190688,1.09163553010473,0.197231550271891,5.53479161219324,3.11598600911986e-08,1.38631860897299e-07,EFHD2,EFHD2,1.09163553010473,0.032303626277688,FALSE
287.004772296397,1.92855053988124,0.230318246539123,8.37341621369826,5.59714846254287e-17,7.09634576717437e-16,ZNF726,ZNF726,1.92855053988124,0.0323267947798959,FALSE
549.170253271833,2.02028232265331,0.217375461294479,9.29397601101085,1.48629932257402e-20,2.72074188493939e-19,MXD3,MXD3,2.02028232265331,0.0323845437247466,FALSE
11068.3708710599,1.50353758810598,0.300311032011065,5.00660124950248,5.53995265353215e-07,2.07604867480769e-06,CDH3,CDH3,1.50353758810598,0.0325250574257072,FALSE
7114.21492093383,1.08468835330002,0.216407403800988,5.01225158773921,5.37968019443094e-07,2.02034467120345e-06,ITM2C,ITM2C,1.08468835330002,0.0325583808074975,FALSE
2.54609432514059,2.17026128594813,0.529404764357015,4.09943663537673,4.14157037813174e-05,0.000115785408673059,RXFP3,RXFP3,2.17026128594813,0.0326674089427695,FALSE
4702.87311609891,1.86241055244547,0.375559723655882,4.9590263149516,7.0847371075063e-07,2.61657469795079e-06,CLDN1,CLDN1,1.86241055244547,0.0330714653969737,FALSE
504.956215394281,2.37107724028669,0.466005399874944,5.08808962497642,3.61688440991235e-07,1.39037495816525e-06,DNER,DNER,2.37107724028669,0.033360025001558,FALSE
78.5227934827943,5.93614683359458,0.541063049710903,10.9712663556795,5.25314466623913e-28,1.82822058764827e-26,PGLYRP4,PGLYRP4,5.93614683359458,0.0336744412751333,FALSE
230.781741625188,2.30694416803649,0.3401373084829,6.78239084776103,1.1820316402379e-11,8.14388066798323e-11,NRTN,NRTN,2.30694416803649,0.0338675407052031,FALSE
493.63660422155,1.75719776467635,0.212687117186587,8.26189093124427,1.43382690486383e-16,1.74733828560475e-15,NOD2,NOD2,1.75719776467635,0.0343997279634505,FALSE
84.6710169225486,2.27579084896582,0.374379651935695,6.0788315743098,1.21061434193663e-09,6.44943471311306e-09,DPEP1,DPEP1,2.27579084896582,0.0345386279236789,FALSE
16.4785671707963,2.50241443594619,0.474064954727009,5.27863199123675,1.30151898161495e-07,5.31516454547344e-07,KISS1R,KISS1R,2.50241443594619,0.0345795760811355,FALSE
2931.819661141,1.17026677961015,0.175636996786949,6.66298559539655,2.68319969729542e-11,1.7716050281003e-10,HTATIP2,HTATIP2,1.17026677961015,0.0346314829228561,FALSE
3410.73869297366,1.11269605884518,0.203254475062087,5.47439882199541,4.38999374155543e-08,1.90723278101876e-07,NDUFS6,NDUFS6,1.11269605884518,0.0348215441966362,FALSE
12.8301196188201,2.14646647198555,0.384098267308981,5.58832635987618,2.2926846628198e-08,1.03719908201534e-07,IL19,IL19,2.14646647198555,0.034985482716872,FALSE
2815.09356113316,1.00932934163437,0.210427639610026,4.79656257849447,1.61411546946382e-06,5.63729687357837e-06,C6orf132,C6ORF132,1.00932934163437,0.0350566200183252,FALSE
1565.704666385,2.01713519781939,0.231340547265847,8.7193326965782,2.79846157241117e-18,4.10278390371439e-17,KCNK1,KCNK1,2.01713519781939,0.0351079835292528,FALSE
100.856148839821,3.40994152412569,0.436898246678408,7.80488717922386,5.95547973903046e-15,6.06175284487728e-14,RAET1L,RAET1L,3.40994152412569,0.0351494519338458,FALSE
30.198861502259,2.18349075384224,0.407527311882047,5.35790041594617,8.4194622189351e-08,3.52222952432966e-07,MYT1,MYT1,2.18349075384224,0.0351766673530645,FALSE
2874.07444647543,1.62336251584046,0.184552373368164,8.79621587202248,1.41507242290601e-18,2.13712009547456e-17,NCS1,NCS1,1.62336251584046,0.0352030830411194,FALSE
127.312962101896,2.16232579563358,0.554536763501723,3.89933713678275,9.64563915375632e-05,0.000254538242377977,MYO3A,MYO3A,2.16232579563358,0.035205866345472,FALSE
1014.64902535939,1.37330659342006,0.335462669858195,4.09376874631261,4.24417625220292e-05,0.000118476057363647,VSNL1,VSNL1,1.37330659342006,0.035401439434459,FALSE
617.287556742823,1.32190484804066,0.185153623732851,7.13950297806739,9.36689893877922e-13,7.39004099991398e-12,PCDH17,PCDH17,1.32190484804066,0.0357929356724563,FALSE
625.817167776352,1.14713086124932,0.188193789652405,6.09547670711172,1.09111800297864e-09,5.8295087074491e-09,ABCB9,ABCB9,1.14713086124932,0.0358985898094363,FALSE
423.259258593823,4.50189721017354,0.539141780473414,8.35011748898495,6.81950968660064e-17,8.58349391601249e-16,HOXC12,HOXC12,4.50189721017354,0.0360840496183454,FALSE
1528.43968930079,1.47082833231031,0.167530514548554,8.77946525905302,1.64253716732345e-18,2.46494049168799e-17,PUS1,PUS1,1.47082833231031,0.036359629745663,FALSE
26.2293982647545,3.88206290834926,0.938792643154089,4.13516545603359,3.54698987821205e-05,0.000100368416364908,MAGEA11,MAGEA11,3.88206290834926,0.0364022949333516,FALSE
6644.63072241482,1.87962252630766,0.186540771885601,10.0762021477019,7.03946222412265e-24,1.76440059419428e-22,GFUS,GFUS,1.87962252630766,0.0365093980106134,FALSE
267.288336561945,1.78389254645197,0.345412458058037,5.16452868110573,2.41045516412308e-07,9.49000676079088e-07,WFDC1,WFDC1,1.78389254645197,0.0366662623218763,FALSE
3440.99049387416,1.33702180455854,0.148460006898922,9.00593925924334,2.1382751934349e-19,3.52328820905609e-18,TMEM65,TMEM65,1.33702180455854,0.0367162580948121,FALSE
74.1346808444831,4.38544221257124,0.643897518243143,6.81077669710049,9.70732108126143e-12,6.77485243976551e-11,TEX15,TEX15,4.38544221257124,0.0368567103948847,FALSE
37.254123784155,3.46731536892456,0.468934268262723,7.39403281779777,1.4244123230799e-13,1.2319228940187e-12,IL17REL,IL17REL,3.46731536892456,0.0368597943127554,FALSE
33.4682521890651,3.31569708187907,0.450594429114746,7.3584955064651,1.85994516881853e-13,1.59065586337246e-12,PLAC1,PLAC1,3.31569708187907,0.0368605668452194,FALSE
4839.40923873887,1.599468471266,0.302261958124894,5.29166316922058,1.21208978865619e-07,4.97019734480116e-07,KCNN4,KCNN4,1.599468471266,0.0372254922001812,FALSE
84.8461172952153,3.10052300614456,0.321116865749661,9.65543494237295,4.66176809137073e-22,9.90369265181424e-21,H4C5,H4C5,3.10052300614456,0.0374328090039848,FALSE
398.965032968752,1.0497561321311,0.213160486887927,4.92472196633247,8.44803850594464e-07,3.08381206741996e-06,GPR132,GPR132,1.0497561321311,0.0376276968233216,FALSE
68.0454724037626,4.16215809107056,0.420947566092937,9.88759272253788,4.71222755642874e-23,1.09770898760883e-21,TERT,TERT,4.16215809107056,0.0377831160268984,FALSE
4923.75888652213,1.04191074008226,0.119401744064391,8.7260931424953,2.63621587815318e-18,3.87800447493335e-17,RRP1B,RRP1B,1.04191074008226,0.0378932544924844,FALSE
18410.635024992,1.71290320264216,0.237321496959455,7.21764873636712,5.28941295219756e-13,4.30065899641091e-12,CSTB,CSTB,1.71290320264216,0.0379948203709094,FALSE
36.8777395604695,4.34835905145274,0.569760664825247,7.63190462224421,2.31310548778382e-14,2.18779828556099e-13,AMTN,AMTN,4.34835905145274,0.0380052592894966,FALSE
580.616585253985,3.93011947926286,0.214483798471239,18.3236193468938,5.36249971006673e-75,1.38400277170603e-72,DEPDC1B,DEPDC1B,3.93011947926286,0.0380519065547663,FALSE
1902.59783914774,1.66052890984082,0.457132837468288,3.63248660725672,0.000280703149031332,0.000684159792968651,NLRP2,NLRP2,1.66052890984082,0.0382979307783814,FALSE
127.512289288811,2.74040098272223,0.33089630072158,8.28175164468832,1.21376522740511e-16,1.48960537583659e-15,P2RX5,P2RX5,2.74040098272223,0.0383191997073496,FALSE
19.2315803951956,3.56996550472212,0.413700362192929,8.62935068704935,6.17012410316499e-18,8.69857355312071e-17,MARCHF4,MARCHF4,3.56996550472212,0.0384414125702747,FALSE
18.940783127054,1.64792839121822,0.539641124139039,3.05374871836793,0.00226001294890758,0.00464787041729182,CTSE,CTSE,1.64792839121822,0.03855540344326,FALSE
583.705947142282,1.87598146435245,0.337029895881766,5.56621678751778,2.60329340309566e-08,1.17101033888688e-07,TMEM108,TMEM108,1.87598146435245,0.0385576328903571,FALSE
9700.78994723136,1.01065695540091,0.126677470566419,7.97819020921329,1.48494440543727e-15,1.61890614038199e-14,JPT2,JPT2,1.01065695540091,0.0386124954713511,FALSE
307.718286013565,1.89080500892323,0.326913314635677,5.7838115618827,7.30267429564422e-09,3.5284302291855e-08,GPR143,GPR143,1.89080500892323,0.0387280929068848,FALSE
276.052098236213,5.36392976072689,0.519952144261431,10.3161989423971,5.95335568594831e-25,1.65091619857037e-23,PAX6,PAX6,5.36392976072689,0.0387880973981638,FALSE
6.16900919968362,2.38968526140911,0.736140091265326,3.2462370814522,0.00116941408921944,0.00253856737705556,SOHLH1,SOHLH1,2.38968526140911,0.0390035653159082,FALSE
1583.3937284721,1.42179432762685,0.152015158086636,9.35297733148788,8.52145080386747e-21,1.61665690032324e-19,MAGOHB,MAGOHB,1.42179432762685,0.0390728015480002,FALSE
1803.97475056238,1.15161979327494,0.34833457298087,3.30607376528826,0.000946131762503985,0.00209219686572713,TGFB2,TGFB2,1.15161979327494,0.0390764259810176,FALSE
47.8067076962873,1.51276503163679,0.374392125159159,4.04058987884345,5.33169264685658e-05,0.000146373072380843,CLDN16,CLDN16,1.51276503163679,0.0391605764759241,FALSE
643.636239552216,3.15515150929666,0.488044601331115,6.46488353869945,1.01376855160676e-10,6.21932333130932e-10,CNTNAP2,CNTNAP2,3.15515150929666,0.0391722972631147,FALSE
9.81877038040441,3.45644583660457,0.550044595722545,6.28393745431522,3.30103557126535e-10,1.89449789159344e-09,PLPPR5,PLPPR5,3.45644583660457,0.0393120927264692,FALSE
11.5791291411878,1.33973164803586,0.331811433060296,4.03762955266344,5.39940275756932e-05,0.000148091573739014,TMPRSS12,TMPRSS12,1.33973164803586,0.039354158468589,FALSE
13.7134177931011,1.31293143108641,0.341352028120575,3.84626814234906,0.000119930511635993,0.000311874366202656,PROZ,PROZ,1.31293143108641,0.0395151091434011,FALSE
452.903149091987,1.07590254125929,0.435474610934962,2.47064355588799,0.0134870174483146,0.0237000191334244,MPZ,MPZ,1.07590254125929,0.0396486476905331,FALSE
17.7888818072454,1.23546779747976,0.306218715770598,4.03459270727692,5.46970915073982e-05,0.000149893722069318,RAD51AP2,RAD51AP2,1.23546779747976,0.0396746606714669,FALSE
359.112842494369,1.40072431896337,0.297500044545308,4.70831633354611,2.49771276293509e-06,8.4941785507409e-06,MATN3,MATN3,1.40072431896337,0.0399108009687593,FALSE
12736.5317651214,1.60652396987033,0.345643225907973,4.64792551814125,3.35289928515268e-06,1.11721878647673e-05,PROM1,PROM1,1.60652396987033,0.0400281498602244,FALSE
1717.03275663157,1.35126742945415,0.203132275812717,6.65215522273764,2.88831842918036e-11,1.90125748720819e-10,PAXX,PAXX,1.35126742945415,0.0401660375844972,FALSE
21.3488556479116,2.14931775061108,0.299401421971577,7.17871590741851,7.03691955710101e-13,5.63883744527981e-12,SPATC1,SPATC1,2.14931775061108,0.0403578146548325,FALSE
985.3316628115,1.45177088817772,0.184497711411895,7.86877450710813,3.58132010131255e-15,3.73417084323657e-14,TIGD5,TIGD5,1.45177088817772,0.0404014752556344,FALSE
1318.29513848254,1.35564284004053,0.426842018452151,3.17598263862698,0.00149329887925607,0.00317528525047459,CD79A,CD79A,1.35564284004053,0.0407889458729613,FALSE
46579.4807998029,1.29432014341034,0.145562211349176,8.89186919746299,6.00894046182438e-19,9.47580465930889e-18,P4HB,P4HB,1.29432014341034,0.0409252121220614,FALSE
5674.84094010215,1.19786681052748,0.190994962928964,6.27171938022784,3.57082722359633e-10,2.04124458854135e-09,CLSTN3,CLSTN3,1.19786681052748,0.0411132377525251,FALSE
1991.94348586028,3.77490499923091,0.24150765479548,15.6305811607821,4.50673844911063e-55,6.05552325530756e-53,FAM111B,FAM111B,3.77490499923091,0.0413078466138615,FALSE
144.770516813297,4.34030019017011,0.455303699925994,9.53275844425511,1.53158457027477e-21,3.08768870791588e-20,FSD1,FSD1,4.34030019017011,0.0416620149933408,FALSE
421.934351205902,1.05688101480392,0.309265946107803,3.41738567761842,0.000632256417970561,0.00144615450167685,ST6GAL2,ST6GAL2,1.05688101480392,0.0417650257571184,FALSE
5508.77226808732,1.40763846865609,0.121078946231346,11.6257905479828,3.04758982002883e-31,1.34418822062084e-29,FOXK2,FOXK2,1.40763846865609,0.041920051240093,FALSE
86.0267551781714,1.81685016438711,0.386379521327188,4.70224239148688,2.57319765934324e-06,8.73038440532347e-06,STK33,STK33,1.81685016438711,0.0420899812819575,FALSE
3778.14159671999,1.04636391857591,0.154661645538892,6.76550359289164,1.3284629850516e-11,9.10332403557838e-11,RTL8A,RTL8A,1.04636391857591,0.0426501581484501,FALSE
87.7172874157564,4.79160332018277,0.365732831968576,13.1013759262238,3.23342195793731e-39,2.32833177286055e-37,CCL11,CCL11,4.79160332018277,0.0426842963592007,FALSE
181.944969860297,1.87770952420306,0.344834211347523,5.44525300104493,5.17318028078635e-08,2.22560307607291e-07,CCNP,CCNP,1.87770952420306,0.0431756171503336,FALSE
125.993567375408,1.19535934353284,0.27190905931474,4.39617328876561,1.10175987741201e-05,3.38195651489624e-05,TFAP2E,TFAP2E,1.19535934353284,0.04332406780178,FALSE
102.382771548429,2.64252046673968,0.428571750161605,6.16587646232688,7.00937937410831e-10,3.83529580488836e-09,KIAA0319,KIAA0319,2.64252046673968,0.0433413596728164,FALSE
186.119078827894,3.45651689108744,0.24538097207665,14.0863281363468,4.60911209265289e-45,4.44984166367344e-43,GPR19,GPR19,3.45651689108744,0.0435042269637185,FALSE
534.177579012381,3.12238318711506,0.907427139887378,3.44091889019606,0.000579742291471388,0.00133582094155261,CSN3,CSN3,3.12238318711506,0.0436399326081261,FALSE
464.906661271973,1.67687732378397,0.274455235655415,6.10983907732527,9.97316498624405e-10,5.3602163236376e-09,HK3,HK3,1.67687732378397,0.043843804479581,FALSE
518.415655143842,1.19084011685247,0.430554710910607,2.76582763276215,0.00567785373266132,0.0108032564415535,FCRL5,FCRL5,1.19084011685247,0.0438493225908653,FALSE
1525.09460402052,1.45950642587064,0.221858804297173,6.57853732915497,4.75098604424317e-11,3.03687967668677e-10,ISG20,ISG20,1.45950642587064,0.0440602999348558,FALSE
46.5577755167623,5.9501094189472,1.31309327373142,4.53136843968345,5.86028282128161e-06,1.88452988283182e-05,MAGEA12,MAGEA12,5.9501094189472,0.0443195853169566,FALSE
4962.4504795135,1.28769939230948,0.178382939142432,7.21873626760519,5.24729070302619e-13,4.26774186445503e-12,RAI14,RAI14,1.28769939230948,0.0444009980923568,FALSE
93.61371550872,2.2665923134925,0.309617750184164,7.32061489415352,2.468372689995e-13,2.08635119682554e-12,AOC1,AOC1,2.2665923134925,0.0444609684771716,FALSE
103.791591226531,2.60223518637512,0.445154397898648,5.84569128971651,5.04468846816473e-09,2.49147204053903e-08,MMP10,MMP10,2.60223518637512,0.0448273045334023,FALSE
29.4639645345838,1.78596510834466,0.561789460297836,3.17906481797972,0.00147751047229795,0.00314479182505027,SERPINA12,SERPINA12,1.78596510834466,0.0449073559895825,FALSE
1922.86334397656,2.05256036771464,0.311700041843476,6.58505002301333,4.54732264291601e-11,2.9145576428053e-10,B4GALNT3,B4GALNT3,2.05256036771464,0.04500873586633,FALSE
445.441377158587,1.76559873909746,0.241149462950019,7.32159515305825,2.4504047505979e-13,2.0718358947076e-12,SCML2,SCML2,1.76559873909746,0.0460167702965937,FALSE
3605.10518490267,1.06410782161169,0.122217181069736,8.70669583685228,3.1286118234951e-18,4.56115908294446e-17,PLXNA3,PLXNA3,1.06410782161169,0.0460912378756818,FALSE
398.613408982304,2.45362813393902,0.234254864502926,10.4741822081068,1.13514453296262e-25,3.34049310866418e-24,FOXP3,FOXP3,2.45362813393902,0.0461361046810809,FALSE
177.187567713597,1.08938367172275,0.439139817267135,2.48072169474913,0.013111670043329,0.023093371825639,UNC5A,UNC5A,1.08938367172275,0.0461544499461686,FALSE
12852.4202120946,1.15702862307844,0.276164239847249,4.18963955549936,2.79397907713594e-05,8.03692922133111e-05,S100A16,S100A16,1.15702862307844,0.0465381048778781,FALSE
15705.9535402081,2.18633883233018,0.302938079048115,7.2171145971482,5.31022261917774e-13,4.3162323983195e-12,IFI6,IFI6,2.18633883233018,0.0467014197304007,FALSE
5982.62742798615,1.57952367263642,0.178112679527157,8.86811470598076,7.43946756493808e-19,1.16122515577989e-17,DHTKD1,DHTKD1,1.57952367263642,0.0470998627464206,FALSE
441.031799667805,1.0681940375458,0.276111497534235,3.86870538563268,0.000109414750271879,0.000286385610536909,HACD1,HACD1,1.0681940375458,0.047152617264228,FALSE
805.94720542287,1.07287396747867,0.194609555571597,5.51295625914916,3.52855949707606e-08,1.55738165273081e-07,STK32C,STK32C,1.07287396747867,0.0472215341777345,FALSE
5409.74373839632,1.11891175032328,0.198183391047594,5.64584017060529,1.64376503273015e-08,7.58237889013923e-08,PSMB8,PSMB8,1.11891175032328,0.0472546405138704,FALSE
1085.09954892721,1.79178981978656,0.337484272563483,5.30925428369262,1.10074671601091e-07,4.53431805408605e-07,FERMT1,FERMT1,1.79178981978656,0.0474225515848977,FALSE
3342.02154986738,4.03300659637744,0.376105551586028,10.7230711681079,7.93247835489104e-27,2.52473642584792e-25,EN1,EN1,4.03300659637744,0.0481531033485384,FALSE
77.158056028047,4.01478797573691,0.358666223089037,11.1936606161552,4.37970810980649e-29,1.66422523758492e-27,TMEM171,TMEM171,4.01478797573691,0.0481805905388111,FALSE
53.1330690988048,1.79094354574647,0.43556478955769,4.11177300985498,3.92632227154612e-05,0.000110240674981035,CNR2,CNR2,1.79094354574647,0.0482767506984414,FALSE
1497.42124131424,2.05600352430022,0.193879841436123,10.6045244780005,2.83904511256018e-26,8.78923859253042e-25,NME1,NME1,2.05600352430022,0.0482844516444812,FALSE
84.6798384880273,2.47814346199601,0.373006003081567,6.64370932779357,3.05885534715011e-11,2.00945519995368e-10,SLC2A14,SLC2A14,2.47814346199601,0.0483606582734278,FALSE
38.1882249585794,2.95549980329086,0.307350280800522,9.61606345565389,6.83988510699847e-22,1.43094129281002e-20,CLDN14,CLDN14,2.95549980329086,0.0485083838611408,FALSE
10.6495030632419,2.57536490659145,0.474744041614851,5.42474403223955,5.80376490032062e-08,2.48255234093629e-07,SHD,SHD,2.57536490659145,0.0485138753802597,FALSE
537.71629856418,3.42060955349378,0.377904290566499,9.05152346475375,1.40987360838371e-19,2.36494049869616e-18,FUT3,FUT3,3.42060955349378,0.0486434575920783,FALSE
511.228239314498,3.08960496582396,0.408828647026924,7.55721251016074,4.11798879431058e-14,3.78770691253683e-13,GLDC,GLDC,3.08960496582396,0.0486747876477041,FALSE
151.984044025059,4.43560028169335,0.476535235781961,9.30802162911382,1.30235479662106e-20,2.40769379315752e-19,CACNA1B,CACNA1B,4.43560028169335,0.0486956490834088,FALSE
971.094628718331,1.62802035036844,0.158609753111233,10.2643142583212,1.02043373048604e-24,2.77079646381038e-23,SAP30,SAP30,1.62802035036844,0.0487625240121221,FALSE
67.5669091358144,1.49781790340429,0.419809733753866,3.56784939217835,0.000359923272919207,0.000860113673926015,ARMC3,ARMC3,1.49781790340429,0.0489880530536277,FALSE
155.301040443164,1.19432590039336,0.278118495549122,4.29430591458961,1.7524070516857e-05,5.20569739216994e-05,ZNF90,ZNF90,1.19432590039336,0.0490494727304509,FALSE
9562.43673900837,1.45582197608807,0.172928172277321,8.41865126379408,3.8084321588834e-17,4.91700847377977e-16,TMED3,TMED3,1.45582197608807,0.0494121643052772,FALSE
782.828792233501,2.37668542680802,0.286952987699961,8.2824906123406,1.20625470256938e-16,1.48248191097954e-15,TMCC2,TMCC2,2.37668542680802,0.0497303702136633,FALSE
16933.190385614,1.03201835905072,0.189579607217149,5.44372031464661,5.21791262046439e-08,2.24373685710401e-07,TIMP1,TIMP1,1.03201835905072,0.0499034836021162,FALSE
57.2343468354582,1.8402757082049,0.320260167319316,5.74618980439754,9.12768438632152e-09,4.34498445760122e-08,NRG4,NRG4,1.8402757082049,0.0500020085355063,FALSE
2.94547218329406,1.32407972503723,0.571293653239851,2.31768674048498,0.0204663521685842,0.0344858695525847,SBK2,SBK2,1.32407972503723,0.0501967252625777,FALSE
338.561613740142,1.40932432740222,0.28402987342723,4.96188767187299,6.98113667341293e-07,2.58160433630096e-06,GOLT1A,GOLT1A,1.40932432740222,0.0502153928306394,FALSE
969.701776019187,1.12134961522869,0.139420750672199,8.0429176419023,8.77242893550949e-16,9.7806204047017e-15,PASK,PASK,1.12134961522869,0.0503099073075951,FALSE
168.202543243133,1.42026626166534,0.392790050285115,3.61584072874148,0.000299374410455821,0.000726696380378212,SAMD11,SAMD11,1.42026626166534,0.0503254091832863,FALSE
11.4502416334542,1.51095884057311,0.340469393923055,4.43786979840714,9.08535459817133e-06,2.8321925174663e-05,FAM163A,FAM163A,1.51095884057311,0.0506626262097763,FALSE
6265.6294311753,1.01810401461448,0.187038176085775,5.44329524549886,5.23038476484808e-08,2.24872900651979e-07,CXCL16,CXCL16,1.01810401461448,0.0508532959485419,FALSE
1175.67885781071,2.29942116213651,0.157883598409145,14.5640280897178,4.75701872830378e-48,5.14527830666782e-46,CCDC167,CCDC167,2.29942116213651,0.0510221647488249,FALSE
32.5290165983396,3.23878904357317,0.349256886264641,9.27337203916733,1.80352042233926e-20,3.26474769785539e-19,KCNK9,KCNK9,3.23878904357317,0.0510900756238713,FALSE
101.239245845759,1.99525031050479,0.293498351906293,6.79816529648463,1.05959843539514e-11,7.35371470059772e-11,SYN1,SYN1,1.99525031050479,0.0512852224151596,FALSE
178.666162621774,3.18303440862245,0.307865534685139,10.339041074792,4.69208983987582e-25,1.30951505199189e-23,ULBP2,ULBP2,3.18303440862245,0.0514530862082627,FALSE
558.107816801431,1.54381651094603,0.140335387275399,11.0009067628566,3.7830848213359e-28,1.33442046059219e-26,SLC25A19,SLC25A19,1.54381651094603,0.0516449030777469,FALSE
12.4110549333903,5.22470363502414,0.685603616416747,7.62058937543335,2.52520049275784e-14,2.38149063837622e-13,CRYBA2,CRYBA2,5.22470363502414,0.0516747028270188,FALSE
152.347416555655,2.68004999013962,0.652728423845198,4.10591892773957,4.02710715807521e-05,0.000112875916440373,ODAM,ODAM,2.68004999013962,0.0517093417780003,FALSE
13548.2750833467,1.50439593652467,0.200447534525611,7.50518553438461,6.13416573131407e-14,5.54628158578439e-13,COTL1,COTL1,1.50439593652467,0.0517569355236292,FALSE
519.104879323734,3.87852508912974,0.325410983681441,11.9188511870472,9.44012366775007e-33,4.59954586256525e-31,CHST6,CHST6,3.87852508912974,0.0519775591847386,FALSE
16084.1562126646,1.07165816884486,0.169141461460326,6.33586915705011,2.36007011375518e-10,1.38340336530821e-09,ADAM15,ADAM15,1.07165816884486,0.0524223049751269,FALSE
4058.52666951848,1.4786452783095,0.16553052665206,8.93276489971888,4.15491997216753e-19,6.66500301012252e-18,PRKX,PRKX,1.4786452783095,0.0524558818495978,FALSE
1961.63853135663,1.57026456426092,0.372601815142853,4.21432344246336,2.50528044396561e-05,7.26581501255579e-05,HLA-DQA2,HLA-DQA2,1.57026456426092,0.0527932552223423,FALSE
613.834553947837,1.01968047294609,0.157317928353649,6.48165459345394,9.07221449736597e-11,5.6052480517383e-10,ANKRD16,ANKRD16,1.01968047294609,0.0528640631004049,FALSE
351.750888094921,1.08559038606158,0.452160072020403,2.40089838364276,0.016354877442762,0.0282033997287957,SLITRK5,SLITRK5,1.08559038606158,0.0533735743200366,FALSE
4.89891057204911,1.13490590803996,0.460916540107172,2.46228071523768,0.0138056565649609,0.0242060973753169,VSTM1,VSTM1,1.13490590803996,0.0535036184473406,FALSE
2394.24597584506,2.87950940492321,0.31697674548551,9.0842922893687,1.04375485020177e-19,1.77132536980531e-18,SEPTIN3,SEPTIN3,2.87950940492321,0.0535445493228243,FALSE
3728.93547522751,1.05552458256621,0.168591424324557,6.26084385249756,3.82899782402831e-10,2.17736662912186e-09,MICAL2,MICAL2,1.05552458256621,0.0538405929303051,FALSE
911.239597599657,1.98746574892362,0.158092841263014,12.5715100889175,3.02882752601857e-36,1.86208601699826e-34,BEND3,BEND3,1.98746574892362,0.0538913394007627,FALSE
3648.2864324654,1.01963749215958,0.137796867098634,7.39956947954214,1.36626722424363e-13,1.18596362751777e-12,NARF,NARF,1.01963749215958,0.0539162671938446,FALSE
5953.82502697058,1.84448266168109,0.213235990308836,8.64995941355713,5.15177495952806e-18,7.33431555816592e-17,PFKP,PFKP,1.84448266168109,0.0541122965980365,FALSE
2221.69149792027,1.33106151683553,0.226372565178096,5.8799595074091,4.10366858588483e-09,2.05199173275004e-08,RUNX3,RUNX3,1.33106151683553,0.0547561651048019,FALSE
711.803078165078,1.47575705560208,0.212722956874426,6.93746024070755,3.99211624284334e-12,2.91409952680474e-11,IL18,IL18,1.47575705560208,0.0548189559509718,FALSE
647.834876418834,1.14928792934185,0.292813643569672,3.92498080120501,8.67366553378387e-05,0.000230687113018206,STAC,STAC,1.14928792934185,0.0550142144284032,FALSE
406.381695834054,1.71651616502917,0.586562939791027,2.92639723478048,0.00342912775944805,0.00681823595007875,PRSS21,PRSS21,1.71651616502917,0.0554258812607495,FALSE
3271.53786655384,2.4929972063836,0.199423148371377,12.5010422648679,7.36789067040369e-36,4.45612079130889e-34,GGH,GGH,2.4929972063836,0.0557020620068183,FALSE
158.962763115974,3.96560831022344,0.505392349788201,7.84659346720493,4.27490175745708e-15,4.4149708443595e-14,TCL1A,TCL1A,3.96560831022344,0.055845910717008,FALSE
28.5224687625621,1.15058315786248,0.273867244105779,4.20124415250652,2.65452122752433e-05,7.66878032116554e-05,C1orf127,C1ORF127,1.15058315786248,0.0559241120208532,FALSE
10931.7663270722,1.15726412088831,0.163849882148927,7.06295363603888,1.6300012185628e-12,1.24675005176868e-11,PAPSS1,PAPSS1,1.15726412088831,0.0559999267712498,FALSE
2956.30509930878,3.18392987419016,0.479499950897257,6.64010469288324,3.13460426342574e-11,2.05610793494511e-10,S100A2,S100A2,3.18392987419016,0.0560894293071017,FALSE
5.71842428720114,1.02523765283895,0.346262755913397,2.96086609180506,0.00306775288283915,0.00616411889285193,STARD6,STARD6,1.02523765283895,0.0562789620818167,FALSE
134.694046779092,1.00005188038162,0.164337305635756,6.08536130316131,1.16228903875545e-09,6.19578494340251e-09,CFAP157,CFAP157,1.00005188038162,0.0565049776419431,FALSE
765.139422876842,2.69208753481164,0.363313143169335,7.40982699201965,1.26464286993357e-13,1.10105029026581e-12,SIX2,SIX2,2.69208753481164,0.056527110930961,FALSE
13.5881497750542,1.22692602047462,0.294142218136825,4.17120000061976,3.02999772928849e-05,8.66421136566071e-05,GRIN3B,GRIN3B,1.22692602047462,0.0567023995730645,FALSE
320.660733547522,1.04818319245203,0.123956087702384,8.4560848271421,2.76504495739028e-17,3.63288442057925e-16,EXO5,EXO5,1.04818319245203,0.0568441811258957,FALSE
371.227209390888,2.8115494162363,0.280296522825925,10.0306253816155,1.11806182626109e-23,2.7520790958591e-22,HAGHL,HAGHL,2.8115494162363,0.0570203607090475,FALSE
5.37763682544338,2.59897136029803,0.475094548140342,5.4704297712343,4.48945579889554e-08,1.9475227876487e-07,DMP1,DMP1,2.59897136029803,0.0571353843384597,FALSE
582.708187496189,1.85137324750322,0.392399018713013,4.71808837232912,2.38071082192187e-06,8.12171037757329e-06,MAPK4,MAPK4,1.85137324750322,0.0571385691272165,FALSE
611.146920857129,1.11425248867192,0.148463972630563,7.5052045888912,6.1332734984709e-14,5.54628158578439e-13,SEC61A2,SEC61A2,1.11425248867192,0.0571438725466675,FALSE
283.099337311823,1.04919023175108,0.276722227445757,3.7914924342561,0.000149744710902424,0.000383211798458031,PRKCQ,PRKCQ,1.04919023175108,0.0572034516310356,FALSE
351.183697789661,1.51066993561064,0.218861895498465,6.90238897990919,5.11351831351518e-12,3.69235683873684e-11,TNFSF4,TNFSF4,1.51066993561064,0.0573414572700823,FALSE
440.238033198274,1.60811759289919,0.217084661731358,7.40779003027508,1.28421412188619e-13,1.11771651135917e-12,AP1S3,AP1S3,1.60811759289919,0.0577648609097634,FALSE
290.640943712626,1.84635322614392,0.281771983117094,6.55265014540727,5.65248379455619e-11,3.57976907368067e-10,XK,XK,1.84635322614392,0.0578126974097761,FALSE
5179.88987167266,1.1174988750485,0.156264917476765,7.15131005150061,8.59535990646793e-13,6.81847981381313e-12,MYDGF,MYDGF,1.1174988750485,0.0578154386829485,FALSE
166.509727630866,1.69536444851807,0.352841679485696,4.80488714085376,1.54838821054746e-06,5.42060643088108e-06,SCG2,SCG2,1.69536444851807,0.0579167823263228,FALSE
291.360568889216,3.2129459351463,0.477286686726526,6.73168983024084,1.67703847946232e-11,1.13444173792414e-10,BPI,BPI,3.2129459351463,0.0580782036081326,FALSE
107.028934973721,3.17007100071724,0.30655248557664,10.3410383209067,4.59531254702029e-25,1.28811281772699e-23,CAMK2N2,CAMK2N2,3.17007100071724,0.0583413373185902,FALSE
227.178717958182,2.20554874557953,0.309340411519921,7.12984357505289,1.00483056275085e-12,7.88943321663445e-12,SRPK3,SRPK3,2.20554874557953,0.0587779137991018,FALSE
750.54486020434,1.91419075721069,0.333529972325756,5.73918662800451,9.5132339190209e-09,4.5202600905417e-08,BATF2,BATF2,1.91419075721069,0.0588209855329262,FALSE
58.0058673728361,1.0515639745517,0.26028960082303,4.03997689967898,5.34564663124043e-05,0.000146740702123572,JAKMIP2,JAKMIP2,1.0515639745517,0.0589116434537026,FALSE
1037.13192823361,1.85955757539579,0.394212882258508,4.71714055802056,2.39182453998684e-06,8.1564220674826e-06,FGFR3,FGFR3,1.85955757539579,0.0589169196270244,FALSE
8.28861963940609,1.15690284084685,0.284518203444203,4.06618215229148,4.77895883076782e-05,0.000132299405099432,SUMO4,SUMO4,1.15690284084685,0.0589922562301961,FALSE
187.415749755623,1.73062551788642,0.365425371574265,4.73592052579936,2.18063034717877e-06,7.48321369930343e-06,IFITM10,IFITM10,1.73062551788642,0.0589985380387574,FALSE
409.501079035514,1.20965919761443,0.203838671157057,5.93439503283648,2.94930946045518e-09,1.49775277042052e-08,POLR3G,POLR3G,1.20965919761443,0.0594232592530707,FALSE
133.477912512086,2.97700803204099,0.57750229983592,5.15497173411571,2.53669190361418e-07,9.94943542755203e-07,FOXJ1,FOXJ1,2.97700803204099,0.0594361293356905,FALSE
397.672224110195,2.42671690752841,0.493053918676438,4.9218083775558,8.57481531346186e-07,3.12614980106308e-06,LGR5,LGR5,2.42671690752841,0.0595558473919048,FALSE
3554.27536092082,1.39180803201549,0.136653605379738,10.1849345880621,2.31515539160545e-24,6.05307478364886e-23,TOMM34,TOMM34,1.39180803201549,0.0595867681528106,FALSE
195.605812784376,2.1134377744697,0.169964886700651,12.434555251356,1.69682571401127e-35,1.00297405639755e-33,FANCB,FANCB,2.1134377744697,0.0596259166752676,FALSE
9683.21276208921,1.19424543486967,0.135841707308945,8.79144894839696,1.47643311996156e-18,2.22592146547356e-17,CDK16,CDK16,1.19424543486967,0.0598709232625447,FALSE
196.092966087507,2.97598588023839,0.415655223604599,7.15974613390005,8.0826600483187e-13,6.43134003295249e-12,RSPO4,RSPO4,2.97598588023839,0.0599353798676305,FALSE
3087.28796539818,1.2919267247821,0.202712163806815,6.37320770752222,1.85114903664243e-10,1.10018016274871e-09,TAP2,TAP2,1.2919267247821,0.0602797918327589,FALSE
562.374694231447,3.21137776377542,0.249874358280375,12.851970029562,8.38473682589744e-38,5.5756360928742e-36,ESM1,ESM1,3.21137776377542,0.0604099522717594,FALSE
2437.26235780559,1.39663599656132,0.202566026011281,6.89471983067656,5.39710651273404e-12,3.88743784104555e-11,MEAK7,MEAK7,1.39663599656132,0.0605743845777668,FALSE
870.176048902335,1.64737926081387,0.253901120498719,6.48827093625285,8.68270381449689e-11,5.37350523106577e-10,SMPDL3B,SMPDL3B,1.64737926081387,0.0605915539733204,FALSE
173.460675094234,1.62850110285909,0.274020991342114,5.94297938593294,2.79887643769629e-09,1.4258024643625e-08,FAM90A1,FAM90A1,1.62850110285909,0.060621233723046,FALSE
1443.83704065142,1.04672188348475,0.190701562849689,5.48879551820861,4.04683771974108e-08,1.76935455955201e-07,DEF6,DEF6,1.04672188348475,0.0607419117835795,FALSE
635.054118914655,1.00693752823472,0.308603769586942,3.26288149228533,0.00110285626913809,0.00240489830748056,MSC,MSC,1.00693752823472,0.0608981134560124,FALSE
26009.6519296405,2.45809725799725,0.263804128911711,9.31788773791298,1.18679348164126e-20,2.20714719435608e-19,SDC1,SDC1,2.45809725799725,0.0610083476454417,FALSE
345.792964893962,1.80550336406716,0.185232993082971,9.74720180253435,1.89622883077531e-22,4.17474636248479e-21,PRELID3A,PRELID3A,1.80550336406716,0.0610219995309302,FALSE
3055.28269082861,1.08640208343534,0.153585681557331,7.07358962384656,1.50976335987061e-12,1.15886341289008e-11,JARID2,JARID2,1.08640208343534,0.0610423218066242,FALSE
4904.1563195518,3.28577033675683,0.18033677488508,18.2201901905515,3.56912329872156e-74,9.12120951252696e-72,LMNB1,LMNB1,3.28577033675683,0.0612100911118183,FALSE
1130.65990006632,2.41985907605365,0.313394390407736,7.72144987313058,1.15013834023514e-14,1.12751621342269e-13,B3GNT7,B3GNT7,2.41985907605365,0.0612544585717133,FALSE
1179.25903177082,1.9958960603323,0.309656358265454,6.44551938643325,1.15205198879844e-10,7.01976138195625e-10,MOXD1,MOXD1,1.9958960603323,0.0613003944521871,FALSE
112.791415691014,1.16340363576354,0.359332947760245,3.23767592984485,0.00120507612472805,0.00260816334633726,PCDHGB1,PCDHGB1,1.16340363576354,0.0616161676517888,FALSE
21.5756323814358,6.0413748406683,0.602787714435737,10.0223921224466,1.21525397736649e-23,2.97272617847027e-22,GBX2,GBX2,6.0413748406683,0.0617465748221546,FALSE
87.6561786235785,2.87247344858578,0.354446982966514,8.10409902362508,5.31378143901506e-16,6.06189675145758e-15,TNIP3,TNIP3,2.87247344858578,0.0618004541625602,FALSE
2011.40754620517,1.1059926092719,0.184247524106619,6.00275425482458,1.93998130243001e-09,1.00836475793506e-08,MLF1,MLF1,1.1059926092719,0.0618568051792298,FALSE
6654.86939897605,1.21732545524461,0.140418103858092,8.6692913648432,4.34817990814353e-18,6.24141000361109e-17,MGAT4B,MGAT4B,1.21732545524461,0.0619373412675325,FALSE
13.116867385167,1.85973797425878,0.369212113912745,5.03704484273309,4.72774052079773e-07,1.78891003274255e-06,RGS8,RGS8,1.85973797425878,0.0621593453499573,FALSE
1413.77063661458,1.23122526481786,0.261647641241739,4.70566162559181,2.53043933799973e-06,8.59538209846742e-06,NPAS2,NPAS2,1.23122526481786,0.0622500521904919,FALSE
3407.83072373249,1.19084936678889,0.135854004818306,8.76565522217441,1.85693490883712e-18,2.76914887120464e-17,ARPC5L,ARPC5L,1.19084936678889,0.0624448156964169,FALSE
22.0467006258517,2.55724598766664,0.64858846265777,3.94278673596446,8.05402694169296e-05,0.000215106885542121,TBX20,TBX20,2.55724598766664,0.062475937856008,FALSE
7.4665191636541,2.69945510412564,0.457219749718527,5.90406496173334,3.54652405778079e-09,1.78631082674022e-08,MAFA,MAFA,2.69945510412564,0.0624789063848262,FALSE
2.58008329735454,3.35267640568197,0.80262122868979,4.17715889617688,2.95172834412821e-05,8.45617130963732e-05,SPANXB1,SPANXB1,3.35267640568197,0.0625618591439418,FALSE
919.750950850092,1.3004421027272,0.137791838019061,9.43772955947732,3.80944095064096e-21,7.42712769337007e-20,SUV39H1,SUV39H1,1.3004421027272,0.0625922558818272,FALSE
422.312702896722,3.63588032233306,0.232296873482937,15.6518693851475,3.22602158092134e-55,4.3571349507708e-53,PIF1,PIF1,3.63588032233306,0.0626472340749796,FALSE
27.8921813962394,1.34236286256849,0.311174179677416,4.31386326449089,1.60426190948934e-05,4.79952888725566e-05,LINGO3,LINGO3,1.34236286256849,0.0627174074157286,FALSE
2889.5036061429,2.53650867422504,0.480005142208228,5.28433646055545,1.2616119353124e-07,5.1578479168426e-07,AQP5,AQP5,2.53650867422504,0.0628561624535086,FALSE
135.971584118426,1.08849445168525,0.313768728527109,3.4690979461046,0.000522209034296202,0.00121308406838878,SVOPL,SVOPL,1.08849445168525,0.0631118523187772,FALSE
351.75784287532,5.58895429015466,0.535044637797538,10.4457719885972,1.53203788185569e-25,4.46208172808181e-24,SERPINB7,SERPINB7,5.58895429015466,0.063117681161537,FALSE
350.184694503558,1.25566571764436,0.238766138806634,5.25897735717571,1.44858723391832e-07,5.8853371924172e-07,ESYT3,ESYT3,1.25566571764436,0.0632048367518379,FALSE
2452.99875783849,3.32153574144156,0.170569189409314,19.4732457423532,1.85159079902756e-84,7.3129420239775e-82,EZH2,EZH2,3.32153574144156,0.063282602679022,FALSE
495.896382972201,5.54259709706685,0.421410254943597,13.1524969600198,1.64646081010676e-39,1.22274341701005e-37,SIM2,SIM2,5.54259709706685,0.0633725330835733,FALSE
810.326147091497,1.37446053348144,0.164808552154462,8.33974035639404,7.44538327186449e-17,9.35770519516353e-16,XYLB,XYLB,1.37446053348144,0.0634196133354868,FALSE
324.540233832442,3.89925611167192,0.399331649889724,9.76445546639919,1.59969038273664e-22,3.5609845607853e-21,ONECUT2,ONECUT2,3.89925611167192,0.0635786052108196,FALSE
598.532756088945,1.54596462570865,0.230857366509544,6.69662246036554,2.13291718835089e-11,1.42597466911369e-10,GPR68,GPR68,1.54596462570865,0.0636423586089288,FALSE
4179.10069669886,1.71365789310326,0.141390237526274,12.1200580965487,8.27004955584949e-34,4.31150763544657e-32,ALG3,ALG3,1.71365789310326,0.0637802619587688,FALSE
2802.82641913656,1.43177825772025,0.141081702060855,10.1485751646422,3.36236431671416e-24,8.6864965950236e-23,BAX,BAX,1.43177825772025,0.0639959522999743,FALSE
872.392122017207,1.56492184026516,0.41808388650463,3.74308097197578,0.000181777619783388,0.000458969121938549,ADCY2,ADCY2,1.56492184026516,0.0640057638808259,FALSE
951.955107642339,1.71869565660681,0.369687293062871,4.64905256106413,3.33463235297076e-06,1.11184269052045e-05,WNT7B,WNT7B,1.71869565660681,0.0644294242679413,FALSE
1432.59891964553,2.27476429680071,0.489519122416838,4.64693653961834,3.36900750670571e-06,1.12215587371962e-05,KLK10,KLK10,2.27476429680071,0.0645722868796563,FALSE
610.60197160879,1.17120864550532,0.248441348461386,4.71422592398042,2.42631341387877e-06,8.26970603550968e-06,WNT2,WNT2,1.17120864550532,0.0648391976911677,FALSE
546.368974853636,2.38747045977095,0.339926607062833,7.02348804172791,2.16396678454034e-12,1.63170732347738e-11,MAPK15,MAPK15,2.38747045977095,0.0649696126352458,FALSE
1038.03144162531,3.77520455532868,0.21777787936518,17.335114871783,2.55556001940123e-67,5.69365666886597e-65,E2F2,E2F2,3.77520455532868,0.0651198642663861,FALSE
1358.77575791139,1.12733329287525,0.324957258749454,3.46917406065529,0.000522061102537809,0.00121288473795482,METRN,METRN,1.12733329287525,0.0651392225474262,FALSE
348.714631764686,1.51311695817794,0.180142700594665,8.39954632179391,4.4820688892057e-17,5.72997007037395e-16,STX1A,STX1A,1.51311695817794,0.0655093463245741,FALSE
712.216556396676,2.52161818708611,0.176963137052561,14.2493980898245,4.52161623842209e-46,4.51589925237351e-44,DDIAS,DDIAS,2.52161818708611,0.0655304810107919,FALSE
1015.93540208086,9.87455345911626,1.14321967450155,8.63749433233085,5.74593078041619e-18,8.14017269853852e-17,MAGEA4,MAGEA4,9.87455345911626,0.0656075611256564,FALSE
460.399888590888,3.85880842364727,0.220341387635879,17.5128624951027,1.14299112736955e-68,2.61353944887212e-66,PCLAF,PCLAF,3.85880842364727,0.0656225577304743,FALSE
89.8997929422962,1.30663694571015,0.311138747568889,4.19953141779889,2.67467917670883e-05,7.71774436151337e-05,GPR18,GPR18,1.30663694571015,0.0656752326781109,FALSE
7774.39043109689,1.95728447835316,0.212397058962797,9.21521459812678,3.10656273542257e-20,5.49008615757696e-19,FAM83H,FAM83H,1.95728447835316,0.0657319893617146,FALSE
4364.28453968142,2.81626851806656,0.204572378233022,13.7666118094332,4.04755267917928e-43,3.67622145254935e-41,PYCR1,PYCR1,2.81626851806656,0.0663502023160407,FALSE
181.40888415339,1.8396875207075,0.310697294690836,5.92115719107919,3.19684110972583e-09,1.61464943242052e-08,TMEM52,TMEM52,1.8396875207075,0.0664994169359779,FALSE
432.55203428096,1.26835017103362,0.232056812090363,5.465688163206,4.61114355090283e-08,1.9966557963685e-07,CARD9,CARD9,1.26835017103362,0.0666744663415277,FALSE
4544.49801097828,1.7088196011537,0.164635891195876,10.3793868320039,3.07745355322278e-25,8.69122229380913e-24,SLC50A1,SLC50A1,1.7088196011537,0.0667043457922626,FALSE
3148.10452752498,1.58609950451871,0.396435520825284,4.00090158726653,6.31015990621066e-05,0.000171358410537757,TMPRSS3,TMPRSS3,1.58609950451871,0.0668378206624695,FALSE
114.872961620459,2.13532787412261,0.323076048070663,6.60936608230262,3.85969189168492e-11,2.49964195131803e-10,TAS1R3,TAS1R3,2.13532787412261,0.0668514387456536,FALSE
63.5765383798683,1.25415849969689,0.263009796128869,4.76848588210903,1.85615677875605e-06,6.42811727804356e-06,CEL,CEL,1.25415849969689,0.0668581677856728,FALSE
95.1202275157947,1.79594202290093,0.273971681729388,6.55521042015885,5.55634723935691e-11,3.52487961762756e-10,RHCE,RHCE,1.79594202290093,0.0669145877232133,FALSE
313.914225641668,1.91864260426585,0.262472009635934,7.30989413662485,2.67352933911602e-13,2.24809320266895e-12,TNFRSF4,TNFRSF4,1.91864260426585,0.0674885463334937,FALSE
694.777136707226,1.56915535343975,0.199799243260521,7.8536601432154,4.04068289936125e-15,4.18302149077243e-14,ADCK5,ADCK5,1.56915535343975,0.0675507793147863,FALSE
1173.37152485515,1.47647187150761,0.160179640456417,9.21760011010478,3.03823867914896e-20,5.37367564737116e-19,APOO,APOO,1.47647187150761,0.0679372163540306,FALSE
96.0190880235571,2.19011812324929,0.581836462294108,3.76414725645403,0.00016711838697465,0.000424092191712248,PADI3,PADI3,2.19011812324929,0.0680422732155459,FALSE
7340.98221704142,1.0761532627419,0.197776281749523,5.44126552093243,5.29033929963238e-08,2.27263141930648e-07,FARP1,FARP1,1.0761532627419,0.0680693048034068,FALSE
1784.94340823114,1.77154485160425,0.277247071312186,6.38976939673226,1.66136104863837e-10,9.92135130695449e-10,LRATD1,LRATD1,1.77154485160425,0.0682016791176168,FALSE
372.533611854343,2.49216491212652,0.386730704898948,6.44418682188091,1.16221853077066e-10,7.0734416160632e-10,WNT6,WNT6,2.49216491212652,0.0685804896393182,FALSE
101.460633877746,1.90704145754493,0.353842492923742,5.38952074915412,7.06458234951342e-08,2.98464291903997e-07,PNCK,PNCK,1.90704145754493,0.0686361627671854,FALSE
1423.90279258683,1.90852800560477,0.154122706433877,12.3831721474706,3.22345555743753e-35,1.86724035590498e-33,CABLES2,CABLES2,1.90852800560477,0.0688561060668043,FALSE
60.9709916107911,1.26451565261696,0.365351767459935,3.46109083147004,0.000537991258308322,0.00124622928377526,SYCP2L,SYCP2L,1.26451565261696,0.0689076500393169,FALSE
54.2028480850812,1.39376534968429,0.427766663915514,3.25823741599362,0.00112106572653115,0.00244113443266958,ZNF556,ZNF556,1.39376534968429,0.0689743373590498,FALSE
1042.03839219093,1.32977009995941,0.163539983496025,8.13116200413296,4.25194637773976e-16,4.90556442272075e-15,ZNF707,ZNF707,1.32977009995941,0.0698413968634915,FALSE
588.423399327467,2.55198992898445,0.316849844107434,8.05425653963443,7.99633481841815e-16,8.95362799448909e-15,ACBD7,ACBD7,2.55198992898445,0.0699588619892219,FALSE
2634.30186912685,4.28089378585548,0.196506517202452,21.7849964815419,3.21970567443224e-105,3.10844695612686e-102,CCNB2,CCNB2,4.28089378585548,0.0701567974319477,FALSE
29.7021887521477,2.62858757317359,0.3563502440045,7.37641580832029,1.62607632074346e-13,1.39890862880593e-12,CDH15,CDH15,2.62858757317359,0.0702478280680865,FALSE
864.233312626103,1.45321944227696,0.287528574991316,5.05417398017171,4.3225744333992e-07,1.64491310591849e-06,SP6,SP6,1.45321944227696,0.0703422910944747,FALSE
262.643734696291,1.40384310758738,0.287518650689091,4.88261580326291,1.04687720660006e-06,3.76399284750947e-06,HLA-G,HLA-G,1.40384310758738,0.070480131103281,FALSE
7119.29047026664,1.0448579840324,0.165836120562187,6.30054526414584,2.96600377291033e-10,1.71205708856904e-09,CPNE1,CPNE1,1.0448579840324,0.0704818213240437,FALSE
8417.64286525874,1.02664308621369,0.16680646188424,6.15469613477063,7.52215795575957e-10,4.10123596387335e-09,SH3BGRL3,SH3BGRL3,1.02664308621369,0.0705106376062392,FALSE
96.3898936947323,1.36866251533302,0.431887724625259,3.16902388582723,0.00152951824729458,0.00324753214565675,JSRP1,JSRP1,1.36866251533302,0.0705691696730617,FALSE
53.9797020584382,2.21387668725207,0.33871480430346,6.53610842846013,6.31401481827908e-11,3.97458160512149e-10,FUT7,FUT7,2.21387668725207,0.0708297544217298,FALSE
9.61443695747701,4.00598573468273,0.692471031693701,5.78505894302116,7.24869085967896e-09,3.50429570918493e-08,NGB,NGB,4.00598573468273,0.0709332620569773,FALSE
1470.7602980494,1.6596580359882,0.234164707921244,7.08756691271511,1.36490315480038e-12,1.05325430835351e-11,RAC3,RAC3,1.6596580359882,0.0709575915608517,FALSE
1345.95691659518,1.23711155083905,0.176253497440678,7.01893334772222,2.23568394467231e-12,1.68237798457775e-11,DCBLD1,DCBLD1,1.23711155083905,0.0709860502460926,FALSE
4401.41954003416,1.03564420906664,0.227715478882353,4.54797457840666,5.41646763763604e-06,1.74892929406984e-05,PARP10,PARP10,1.03564420906664,0.0710002405261627,FALSE
20.7382259468139,1.96807950586644,0.539469659051072,3.64817459674802,0.000264110138814099,0.000646856283048552,ARSF,ARSF,1.96807950586644,0.0711500588377602,FALSE
344.466251159735,1.2956016408953,0.245631396314701,5.27457670449988,1.33062856268519e-07,5.42893954351462e-07,PAQR5,PAQR5,1.2956016408953,0.0712523248264366,FALSE
350.78148691093,1.14266255115878,0.186570715050219,6.12455470758745,9.09375653339788e-10,4.91068805669272e-09,SLC16A13,SLC16A13,1.14266255115878,0.0713634242412702,FALSE
658.232988737555,1.93898032520467,0.317885453373092,6.09961954732464,1.06321218016247e-09,5.68741060954139e-09,LIPG,LIPG,1.93898032520467,0.0713908557843524,FALSE
11.6477559214901,2.24225928246614,0.405324490957828,5.53201035833641,3.16581204017129e-08,1.40704556608943e-07,SATL1,SATL1,2.24225928246614,0.0714353434843626,FALSE
186.905750957119,2.34716669569008,0.394868047372678,5.94417986288673,2.77844395121093e-09,1.41608277316935e-08,CCNA1,CCNA1,2.34716669569008,0.0715676641955145,FALSE
9470.61707576329,2.16846954322345,0.25301299171908,8.57058575723691,1.02959978453531e-17,1.42003055997259e-16,TAP1,TAP1,2.16846954322345,0.0719006837839252,FALSE
21.8369758710674,1.97504375078778,0.366124232788762,5.39446333760513,6.87286578771313e-08,2.9083602676675e-07,IL12B,IL12B,1.97504375078778,0.0719967641956291,FALSE
764.64697599766,2.93027860946209,0.300036050633428,9.76642174590607,1.56895718311128e-22,3.4985463551892e-21,SLC7A11,SLC7A11,2.93027860946209,0.0724876407727887,FALSE
4940.05546107923,2.19134993611976,0.304666342395273,7.19262232543135,6.35585782258888e-13,5.11668146576357e-12,MELTF,MELTF,2.19134993611976,0.0727030326814927,FALSE
21395.9805153413,2.92265342935756,0.176429168772982,16.5655908809401,1.23560354137111e-61,2.25234108481963e-59,STMN1,STMN1,2.92265342935756,0.0727825374988856,FALSE
5101.32884061982,2.96421046103442,0.306229295474026,9.67970897900536,3.67761332403111e-22,7.87063600308037e-21,ISG15,ISG15,2.96421046103442,0.0728099490155939,FALSE
145.017246833349,3.27081061308478,0.403834675574087,8.09938029327232,5.52398515305923e-16,6.27970872153489e-15,C1QL4,C1QL4,3.27081061308478,0.0736672172937383,FALSE
54.556577122935,1.26098467231529,0.284400133868072,4.43383993940114,9.2569362098598e-06,2.8818888831054e-05,TG,TG,1.26098467231529,0.0738037262744855,FALSE
36.6279891523574,1.62842248665712,0.33899119615768,4.80373090839702,1.55736098265533e-06,5.45055434141735e-06,TNR,TNR,1.62842248665712,0.074181719685866,FALSE
90.8179463312889,1.37226273607936,0.316979060167049,4.32919050033203,1.49658435115708e-05,4.49537489008951e-05,CASKIN1,CASKIN1,1.37226273607936,0.0742364748749655,FALSE
5688.55032565989,1.99927539872481,0.239219048167048,8.35750921192826,6.40563057712641e-17,8.06645276589151e-16,TYMP,TYMP,1.99927539872481,0.0742750421259461,FALSE
284.166194381965,2.07781174813345,0.593668848003524,3.49995078084529,0.000465344070879944,0.00109083847982262,TDRD1,TDRD1,2.07781174813345,0.0743549174166668,FALSE
2771.14752764786,1.42881642692424,0.117133376553216,12.1982006236719,3.17768475261739e-34,1.72568142596828e-32,KCTD5,KCTD5,1.42881642692424,0.0743876766520477,FALSE
369.583579859083,1.26495393210484,0.40548429023085,3.11961267694163,0.00181088985597297,0.0037893927812192,DCHS2,DCHS2,1.26495393210484,0.0745865917360213,FALSE
314.158167425425,1.70524078719587,0.333731946637583,5.10961208351946,3.2282093470888e-07,1.24869762651081e-06,TNF,TNF,1.70524078719587,0.0747946461318594,FALSE
6108.79459217577,1.0748556937178,0.117566306423922,9.14254880001142,6.0997431140215e-20,1.05369121108813e-18,SCAMP3,SCAMP3,1.0748556937178,0.0749589168940122,FALSE
58.1671732536691,1.56069536170573,0.412309863884955,3.78524866468197,0.000153554957849807,0.000392081995326178,EXOC3L4,EXOC3L4,1.56069536170573,0.0749706081633736,FALSE
93.4992380996165,2.56766504366068,0.303265470339372,8.46672402495183,2.52391143528449e-17,3.34133059337535e-16,DHDH,DHDH,2.56766504366068,0.0753545008162553,FALSE
1690.46028685261,2.19390772661346,0.343799053516516,6.38136639462292,1.75514811473958e-10,1.04588612758268e-09,UGT8,UGT8,2.19390772661346,0.0753927876787004,FALSE
27.854574571559,2.44438882866916,0.422778163882898,5.78172913714204,7.3936685935093e-09,3.57041050809572e-08,PRKAG3,PRKAG3,2.44438882866916,0.075485324245639,FALSE
25.2170786677912,1.76369791521869,0.388275362778926,4.54238945936649,5.5620163335306e-06,1.79281661637371e-05,CCDC33,CCDC33,1.76369791521869,0.0755185594090547,FALSE
488.881095691634,2.54495859498161,0.320555660752576,7.93920964929072,2.03473601967444e-15,2.189903543553e-14,GRHL3,GRHL3,2.54495859498161,0.0760119041805674,FALSE
206.268574830986,1.32870059444965,0.31749963303684,4.18488859889637,2.85305984314535e-05,8.19421671785697e-05,TRPV3,TRPV3,1.32870059444965,0.0760881963037872,FALSE
5119.29913726435,1.68701713134442,0.364652898267584,4.62636424764264,3.72140589812744e-06,1.23307344027568e-05,CLDN3,CLDN3,1.68701713134442,0.0761146828347491,FALSE
76.309169018669,1.63696814019659,0.479703622778691,3.41245732253267,0.000643800068738626,0.00147016525552429,PNLDC1,PNLDC1,1.63696814019659,0.0761216536904857,FALSE
320.492984641352,5.35047234524671,0.60932114476592,8.78103835917623,1.61972291312828e-18,2.4321035239928e-17,COL9A1,COL9A1,5.35047234524671,0.0762322229899534,FALSE
3827.86065847143,1.41018196935634,0.259111488300794,5.44237532115639,5.25747568416405e-08,2.25925846783884e-07,TNFRSF12A,TNFRSF12A,1.41018196935634,0.0762369570969261,FALSE
991.114748043665,1.42985508196029,0.289081121326326,4.94620705565276,7.56734671132996e-07,2.78377119283429e-06,RTP4,RTP4,1.42985508196029,0.0762381567748016,FALSE
18.269266667887,2.99230694210359,0.501566016907054,5.96592839474231,2.43246947941221e-09,1.24841862413542e-08,ATP2B3,ATP2B3,2.99230694210359,0.0762458238078169,FALSE
25.992671623678,1.4294214291683,0.358320063909354,3.98923078315232,6.6287905107859e-05,0.00017956217629082,PDE6A,PDE6A,1.4294214291683,0.0763140003761855,FALSE
20683.0947626707,2.23738101694418,0.392845701200155,5.69531755116301,1.23142507493909e-08,5.7629367016943e-08,CHI3L1,CHI3L1,2.23738101694418,0.0763579358084491,FALSE
63.0855888509446,2.48985250592731,0.41742881706424,5.96473555285028,2.45030554137048e-09,1.25732508950599e-08,DDC,DDC,2.48985250592731,0.0764403124277123,FALSE
94.572516540141,4.15152454220774,0.446031592259488,9.30769168429779,1.30640587560785e-20,2.41176217843271e-19,NPW,NPW,4.15152454220774,0.0766953447054008,FALSE
449.29786254949,2.84285279799209,0.436206298334563,6.51722088572796,7.16219213035604e-11,4.47178113202373e-10,PLA2G2D,PLA2G2D,2.84285279799209,0.0769324957147069,FALSE
1377.20440984079,1.00443594977044,0.145017394134264,6.92631360373558,4.31948361959427e-12,3.13987672927953e-11,UPF3B,UPF3B,1.00443594977044,0.077083553491041,FALSE
1461.67416143659,2.24745091172703,0.320451806166451,7.01338194536385,2.32625260147717e-12,1.74649846090741e-11,ERP27,ERP27,2.24745091172703,0.0774477634497922,FALSE
3129.01866502187,3.66138568311745,0.47408794637896,7.72300943544922,1.13614760010617e-14,1.11463904749595e-13,VGLL1,VGLL1,3.66138568311745,0.0776076938856568,FALSE
15.9669303339,3.35907372055762,0.622225849090543,5.39847986943537,6.7207907281135e-08,2.84863173836967e-07,TNNI3,TNNI3,3.35907372055762,0.0776764518440898,FALSE
2896.14285015737,1.33185736421391,0.168944237602634,7.88341397796892,3.18555490718925e-15,3.34290900828108e-14,CRELD2,CRELD2,1.33185736421391,0.0776929066382829,FALSE
761.249009088674,1.03557658612724,0.187138089077013,5.53375633594862,3.13444339849649e-08,1.39405453111428e-07,KCTD17,KCTD17,1.03557658612724,0.0781879549264437,FALSE
113.51038525345,1.2501511196766,0.269767879650949,4.63417335412267,3.58366600069757e-06,1.19046183564006e-05,GPR3,GPR3,1.2501511196766,0.0783035572094945,FALSE
36499.8543993413,1.8273875239711,0.42685864118721,4.28101330896954,1.86044229835443e-05,5.50279693534607e-05,GABRP,GABRP,1.8273875239711,0.0784979860563413,FALSE
1569.36324728365,1.18543594367526,0.150396677149667,7.88206206507861,3.22021991942519e-15,3.37792646437249e-14,GMIP,GMIP,1.18543594367526,0.0785573039266405,FALSE
20.7779219883791,2.16597282591574,0.291632038895754,7.42707431637846,1.11025988257561e-13,9.71179340909343e-13,SMCO2,SMCO2,2.16597282591574,0.0789710749526148,FALSE
13247.5668333906,1.86977966396304,0.226637240622055,8.2500989635729,1.58263410784798e-16,1.91970792411696e-15,DSC2,DSC2,1.86977966396304,0.0790148822646789,FALSE
706.879593666707,1.32419596802607,0.13980909692573,9.47145784604783,2.7596489716345e-21,5.42911469762993e-20,FKBPL,FKBPL,1.32419596802607,0.079061033105685,FALSE
101.759754166066,2.37426821855311,0.26025388845109,9.12289239051776,7.31455864794328e-20,1.25630449944666e-18,SYNGR3,SYNGR3,2.37426821855311,0.0791207501094895,FALSE
985.984587630142,1.56790446729724,0.508864348067248,3.08118356739357,0.00206179495020585,0.00427360122193193,EEF1A2,EEF1A2,1.56790446729724,0.0792465910945456,FALSE
169.283452236993,3.44566798235899,0.380749095841829,9.04970758956284,1.43351699336976e-19,2.40305385634531e-18,ZIC4,ZIC4,3.44566798235899,0.0792665381056895,FALSE
3036.09775348003,2.27777819113583,0.304483106747405,7.48080317318047,7.38697446620288e-14,6.61932840874907e-13,SECTM1,SECTM1,2.27777819113583,0.0793562709227481,FALSE
543.573169091175,2.02522231387179,0.276308959567638,7.32955716325963,2.30914471158159e-13,1.96002849875602e-12,MANEAL,MANEAL,2.02522231387179,0.079360345352675,FALSE
19.8036667157643,1.34136816600184,0.591323069454405,2.26841845903201,0.0233037137475756,0.0387582406851307,CDH7,CDH7,1.34136816600184,0.0794711870713477,FALSE
90.9231737073284,2.50336519556286,0.35733107355166,7.00573048596331,2.45700486401529e-12,1.83837874478335e-11,NKX6-1,NKX6-1,2.50336519556286,0.0796801357024837,FALSE
316.916863445817,2.34519976436182,0.395831321297265,5.92474530988567,3.12781774511001e-09,1.58285430327669e-08,MAP7D2,MAP7D2,2.34519976436182,0.0797712898384483,FALSE
9.84325568423766,2.2936185340318,0.583012966044043,3.93407808679598,8.35166307974848e-05,0.000222622764597406,PADI1,PADI1,2.2936185340318,0.0798502902976992,FALSE
1139.66022137687,4.37014987247416,0.227406627362744,19.2173373448048,2.65025645635933e-82,9.09003092735773e-80,PBK,PBK,4.37014987247416,0.0798716267054139,FALSE
206.925774893656,1.72184598463289,0.21021442861109,8.1909029556597,2.59273585626556e-16,3.05675466147781e-15,MINAR1,MINAR1,1.72184598463289,0.0799251988498701,FALSE
19.4947643769945,1.23717782251678,0.438640209441573,2.82048429643926,0.00479512203862694,0.00925610531552788,ZFR2,ZFR2,1.23717782251678,0.0800357550643046,FALSE
39.3978345837463,2.19445241572707,0.500398377725849,4.38541073154584,1.15767127655514e-05,3.54024133809983e-05,INSM1,INSM1,2.19445241572707,0.080143374226011,FALSE
1483.91401795371,1.50503847331129,0.224962439406878,6.69017671251869,2.22901265573081e-11,1.48640759521451e-10,RASSF7,RASSF7,1.50503847331129,0.0801487507594527,FALSE
3186.56404639169,1.14075073940207,0.159107245913049,7.16969697298063,7.51639518812083e-13,6.00459311580588e-12,PARP12,PARP12,1.14075073940207,0.080250195981246,FALSE
1220.64358931649,1.27172180407896,0.175151118102063,7.2607118804569,3.85058362500485e-13,3.17636592889245e-12,TMEM51,TMEM51,1.27172180407896,0.0804934964627483,FALSE
29.3756567669806,1.55340897004298,0.247544801857493,6.27526394570486,3.49041659103876e-10,1.99746848032069e-09,CAMK1G,CAMK1G,1.55340897004298,0.0807352140301394,FALSE
9924.09024735725,1.65136178966706,0.158955073560566,10.3888586421109,2.7866776715867e-25,7.89568770274463e-24,HMGB2,HMGB2,1.65136178966706,0.0808338045750047,FALSE
84.3924199081338,1.06335699196498,0.217638046812163,4.88589659547318,1.02959227586684e-06,3.70644687957755e-06,ASGR1,ASGR1,1.06335699196498,0.0808536347316416,FALSE
238.141616093596,1.33888515651961,0.276102010100381,4.84924088757209,1.23934843454008e-06,4.41159301422315e-06,SLA2,SLA2,1.33888515651961,0.0808985116191388,FALSE
8504.48358220649,1.32976171179063,0.135119239939587,9.84139425580826,7.46687726016492e-23,1.69694062372031e-21,POGK,POGK,1.32976171179063,0.0809777461944316,FALSE
2694.15819728193,3.80158034838175,0.212377125740572,17.900140305249,1.17625217006552e-71,2.83901530713869e-69,CBX2,CBX2,3.80158034838175,0.0812352651178471,FALSE
52.1210618985516,1.21230889951534,0.299023898779804,4.05422076450171,5.03016958892595e-05,0.000138782208588625,RAB39A,RAB39A,1.21230889951534,0.081294552673295,FALSE
425.261035550628,4.34620473399388,0.334709936878821,12.9849886577087,1.48860227371172e-38,1.03475721250249e-36,TDO2,TDO2,4.34620473399388,0.0814501021745995,FALSE
131.18204790733,1.13534592315899,0.307964470734609,3.68661333059224,0.000227258259697911,0.000563058744943012,SLC6A12,SLC6A12,1.13534592315899,0.08156005629569,FALSE
23.3337238397888,1.88954238521801,0.331903084218601,5.69305461462209,1.24786449063074e-08,5.83672773681527e-08,CASP5,CASP5,1.88954238521801,0.081738610726945,FALSE
1801.17970437657,1.26363210619481,0.168642085249553,7.49298198207709,6.73261463966976e-14,6.06214389679695e-13,OSBPL3,OSBPL3,1.26363210619481,0.0820217417110845,FALSE
1048.4869529558,1.08564294557455,0.162810524256166,6.66813739796328,2.59070194625905e-11,1.71357086102854e-10,CLCN5,CLCN5,1.08564294557455,0.0826142055386811,FALSE
38.2119715749271,1.44527107413632,0.315405279280441,4.5822665918387,4.59962979988564e-06,1.50194666543125e-05,ANKRD45,ANKRD45,1.44527107413632,0.0826611768689621,FALSE
2592.87461804987,1.05161571534943,0.160968374625794,6.53305792391912,6.44402063531996e-11,4.05054945504908e-10,KDM1B,KDM1B,1.05161571534943,0.0828272487664419,FALSE
73.9296856807315,1.3011020609809,0.34150204813375,3.80993926124659,0.000139000936602968,0.00035768385137508,KCNF1,KCNF1,1.3011020609809,0.0831875469351775,FALSE
46.3305463970341,1.25922761687334,0.377653244424379,3.33434873250634,0.000854993903801934,0.00190537112852911,GAD1,GAD1,1.25922761687334,0.08327872591924,FALSE
65.3396616367095,3.08188562579929,0.441643558595157,6.97821934865889,2.98944673407701e-12,2.21380420503367e-11,CFAP47,CFAP47,3.08188562579929,0.083327907384811,FALSE
4.38613961952124,1.54278737816969,0.533360273790335,2.89258022013121,0.00382091593677949,0.00752662402509113,SLC35D3,SLC35D3,1.54278737816969,0.0834257891554854,FALSE
10600.6077374367,1.33840063041975,0.256740254351213,5.21305330090097,1.85757494338911e-07,7.42204261945492e-07,HLA-DQA1,HLA-DQA1,1.33840063041975,0.0839769669925135,FALSE
18.2291540015673,1.40433482994853,0.322343430460173,4.35664169716044,1.32073204311497e-05,3.99947980574789e-05,S100A5,S100A5,1.40433482994853,0.0842914303131342,FALSE
366.62804878198,1.46958226311902,0.330480993189628,4.44679813182414,8.71596731153391e-06,2.72290412164135e-05,RAMP1,RAMP1,1.46958226311902,0.0846945200332689,FALSE
4.32555064263556,1.58063232478934,0.38669454209248,4.08754754136491,4.35957356516197e-05,0.000121476220334663,SLC18A1,SLC18A1,1.58063232478934,0.0849172651789462,FALSE
44.3110333596321,3.45866104333676,0.516683171702636,6.69396882414297,2.17197709438411e-11,1.45060022852448e-10,SCGB3A2,SCGB3A2,3.45866104333676,0.085017185055253,FALSE
333.183589316258,1.12374794141466,0.287369498130805,3.9104635277024,9.21191699135703e-05,0.000243981955104352,CAMK4,CAMK4,1.12374794141466,0.085021525744406,FALSE
191.045466357571,3.06159836436175,0.426645765948923,7.17597268908155,7.17948867413251e-13,5.7495462755334e-12,OPRD1,OPRD1,3.06159836436175,0.0850358701876373,FALSE
191.568109757298,2.76643603754069,0.546121294628274,5.0656073380616,4.07100305265637e-07,1.55417159598116e-06,SCEL,SCEL,2.76643603754069,0.0851704075610102,FALSE
144.826713516418,3.24990965360437,0.328948735278785,9.87968429442374,5.09933089870805e-23,1.18154896476998e-21,PPEF1,PPEF1,3.24990965360437,0.0856793696710825,FALSE
29.0052484264531,1.37997030151448,0.366119865044441,3.76917625419471,0.000163787201824135,0.000416205984592486,LY6H,LY6H,1.37997030151448,0.0857536474493075,FALSE
593.507456390911,1.29345501702629,0.157217416495038,8.22717384538063,1.91682166902764e-16,2.29640829716958e-15,CBX8,CBX8,1.29345501702629,0.0857637581743933,FALSE
371.75034260872,1.2141211482046,0.171037826140683,7.09855343464173,1.26069444833208e-12,9.77760255420183e-12,CEP72,CEP72,1.2141211482046,0.0858235584444687,FALSE
2327.150875451,1.68547736897217,0.435913215128618,3.86654340927669,0.000110388822509584,0.00028873223322871,GLYATL2,GLYATL2,1.68547736897217,0.0858881812017365,FALSE
4593.78595425408,1.6827433425595,0.234704773497606,7.16961703625796,7.52078507809493e-13,6.00625933304843e-12,PLAU,PLAU,1.6827433425595,0.0860076699753474,FALSE
68.1837948670466,1.8639345181456,0.389058494862033,4.79088502824384,1.66047257678934e-06,5.7850225419898e-06,LDHC,LDHC,1.8639345181456,0.0862957164540909,FALSE
36.5264475931162,1.62816702806358,0.34689619583445,4.69352805713843,2.68533141199584e-06,9.08364052900281e-06,CDX1,CDX1,1.62816702806358,0.0863320263937224,FALSE
1732.13374526501,3.0195746587241,0.180080514340392,16.7679144508463,4.18957464181207e-63,8.03012074912612e-61,CENPU,CENPU,3.0195746587241,0.0864875670291305,FALSE
43.142836528233,2.35452202669033,0.338257963342786,6.96072903479374,3.3851632345045e-12,2.4933893764857e-11,TAF7L,TAF7L,2.35452202669033,0.0867762739694506,FALSE
11412.1160332795,2.12865754708887,0.271036648336249,7.85376280350121,4.03737516597342e-15,4.18125778511836e-14,EPHB3,EPHB3,2.12865754708887,0.0868720658691116,FALSE
8711.91237324165,1.648884334746,0.204212449677527,8.07435754945286,6.78328387635605e-16,7.6428190165512e-15,CHPF,CHPF,1.648884334746,0.0869850636769737,FALSE
516.927844443426,2.35396243217204,0.298073801043316,7.89724700370417,2.85130976882459e-15,3.01033178387811e-14,BCL2A1,BCL2A1,2.35396243217204,0.0873822920449492,FALSE
301.107446366093,1.15885737395231,0.334055338323534,3.46905809009987,0.000522286511663303,0.00121308406838878,NUDT11,NUDT11,1.15885737395231,0.0873826879034422,FALSE
268.293585986171,1.51499512032348,0.20680206005174,7.32582218931693,2.37438442148754e-13,2.01212869684382e-12,OPN3,OPN3,1.51499512032348,0.0874320541635484,FALSE
3891.70797499651,1.09077745082859,0.107624887448939,10.1349927203974,3.86402352380326e-24,9.90398241838541e-23,LSM14B,LSM14B,1.09077745082859,0.0874357867695592,FALSE
8279.78987974024,1.01092676030311,0.149319190313042,6.77024003534801,1.28568907145316e-11,8.82413297145067e-11,LTBR,LTBR,1.01092676030311,0.0877139876020016,FALSE
219.31656250296,4.24098318623687,0.405578764735731,10.4566204026984,1.36642805712137e-25,4.00209889494188e-24,CCL20,CCL20,4.24098318623687,0.08790246813621,FALSE
16.1022954290169,1.66261531304438,0.430862883194619,3.85880375844161,0.000113943383756302,0.000297581623522244,NKAIN4,NKAIN4,1.66261531304438,0.0880204745237905,FALSE
6296.7043966505,1.02405268970559,0.141371412334105,7.24370417468444,4.3659316771358e-13,3.57882833421066e-12,ARF5,ARF5,1.02405268970559,0.0881085700329333,FALSE
687.770421472913,1.80571461110481,0.407568881415621,4.43045260185952,9.40355149722079e-06,2.92299519291741e-05,DLGAP1,DLGAP1,1.80571461110481,0.088139600187202,FALSE
59.2323302969691,1.61892793761936,0.276421586447573,5.85673484630841,4.72055890053622e-09,2.33936898973912e-08,RNASE2,RNASE2,1.61892793761936,0.0882034059212699,FALSE
1358.93816218052,1.68596224632693,0.26798780591616,6.29119015532515,3.15041126725407e-10,1.81284261597157e-09,EPHB2,EPHB2,1.68596224632693,0.088209942325997,FALSE
1929.25985464346,1.19591154852842,0.122540007215791,9.75935594995065,1.68220100643833e-22,3.72240523215856e-21,DHX34,DHX34,1.19591154852842,0.0882395037049361,FALSE
951.737132751524,1.27380052718579,0.246908169301632,5.15900519123639,2.48265428201065e-07,9.75510237702315e-07,PRTFDC1,PRTFDC1,1.27380052718579,0.0887970347437239,FALSE
868.879437524849,1.15996458057052,0.132415332393997,8.76004734194289,1.95168389313996e-18,2.90545654154651e-17,CMC2,CMC2,1.15996458057052,0.0891180039699678,FALSE
732.188681452037,1.50972800415173,0.177984608850405,8.48235144545923,2.20687778581854e-17,2.93803285203943e-16,JMJD4,JMJD4,1.50972800415173,0.0892536548164806,FALSE
386.368178647527,3.74316460321581,0.27120221213002,13.8021167814858,2.47477537356545e-43,2.27950422836504e-41,CLEC5A,CLEC5A,3.74316460321581,0.089483244290025,FALSE
826.631295131435,4.00911194875544,0.627128413213364,6.39280865654455,1.62866019423564e-10,9.73945521521919e-10,SLC6A15,SLC6A15,4.00911194875544,0.0896139535206085,FALSE
2634.93449088758,1.2241516993448,0.30416612798591,4.02461545422804,5.70684912990395e-05,0.000155982422427604,MAP2,MAP2,1.2241516993448,0.0896391214871353,FALSE
345.884987269463,1.32208193644672,0.232683937897999,5.68187881118928,1.33223051349253e-08,6.21572450245386e-08,BRSK1,BRSK1,1.32208193644672,0.0896588475385021,FALSE
356.161261959319,2.32430368132852,0.421899968163501,5.50913452647566,3.60602250492147e-08,1.5888808085833e-07,HES2,HES2,2.32430368132852,0.0896828459042475,FALSE
45.8064195127166,1.81636149646409,0.396311392686087,4.58316750410151,4.57984874398157e-06,1.49621402693781e-05,DISP3,DISP3,1.81636149646409,0.0898785902883871,FALSE
57.100599038837,2.06508584447229,0.458904993637816,4.50002914133056,6.79441473557268e-06,2.16093227076834e-05,CD1B,CD1B,2.06508584447229,0.0898971405545516,FALSE
1248.0433502178,1.24880799307363,0.208849613443237,5.97946039968629,2.23877976828061e-09,1.15423797903027e-08,MCRIP2,MCRIP2,1.24880799307363,0.0900932460903891,FALSE
1097.74305341661,2.87854125837811,0.392475892844198,7.33431354857968,2.22860788539109e-13,1.89413504233744e-12,MMP3,MMP3,2.87854125837811,0.0901840416812086,FALSE
220.477571924995,1.76430461154219,0.299536825218344,5.89010920529095,3.85940495446928e-09,1.93728305311286e-08,SYNDIG1,SYNDIG1,1.76430461154219,0.0902227498489593,FALSE
781.220277909984,1.02424215632254,0.206317840058264,4.96438968163533,6.89174459999052e-07,2.55180548988569e-06,LRRC20,LRRC20,1.02424215632254,0.0902963400777892,FALSE
24.2177429330316,1.80393790577838,0.458039321340924,3.93839092350695,8.20298697251937e-05,0.000218883469559487,HCN4,HCN4,1.80393790577838,0.0909314832852766,FALSE
578.84867153996,1.56557366727465,0.202689167949086,7.72401250207858,1.12723778488696e-14,1.1067309732071e-13,ZSWIM4,ZSWIM4,1.56557366727465,0.0910343996899119,FALSE
4160.78898747626,1.55990133487845,0.324157156774102,4.81217613827207,1.49295682715285e-06,5.23921723389787e-06,RBP1,RBP1,1.55990133487845,0.091104756740948,FALSE
13.4831248539882,1.7416800596911,0.332644603961519,5.23585844757182,1.64219779399311e-07,6.61830084972457e-07,IL9R,IL9R,1.7416800596911,0.0917123347389088,FALSE
119.886887706917,3.05784418439114,0.503218024176084,6.07657921116344,1.22773371265388e-09,6.53662881694211e-09,PCDH8,PCDH8,3.05784418439114,0.0917521494528391,FALSE
8128.92558565701,1.00508364725335,0.206717110060083,4.86212121948308,1.16134463692602e-06,4.15207387885758e-06,CDC42EP1,CDC42EP1,1.00508364725335,0.0918462722994357,FALSE
23.6908542459339,1.6401968953014,0.367302312013045,4.46552292663801,7.9873417884186e-06,2.51001854609654e-05,ANKRD7,ANKRD7,1.6401968953014,0.0921308830936839,FALSE
1321.63824237285,1.36605281090554,0.20031296265156,6.81959266551192,9.12990074807575e-12,6.4009984615409e-11,ATAD3B,ATAD3B,1.36605281090554,0.0921342004433546,FALSE
340.154298163091,1.93434853634752,0.32467655762864,5.95777086733808,2.55701681625939e-09,1.30924685424148e-08,ZBP1,ZBP1,1.93434853634752,0.0922362372732995,FALSE
297.615862831509,4.31444663991712,0.222522976673059,19.3887692157565,9.60068038098219e-84,3.68030787486857e-81,NEIL3,NEIL3,4.31444663991712,0.0923234839653122,FALSE
516.538603506033,9.12533751390989,1.07420633545684,8.49495782393526,1.98004800759036e-17,2.65616211856197e-16,MAGEA6,MAGEA6,9.12533751390989,0.0923779145245252,FALSE
50.6956750366331,1.54549770622264,0.399448382486879,3.86907989613253,0.00010924684185147,0.000286032284706937,PNOC,PNOC,1.54549770622264,0.0923897585390575,FALSE
21.7452891665953,1.10668209314605,0.33607504792985,3.29296120007413,0.00099138154634367,0.00218226167611387,ST8SIA5,ST8SIA5,1.10668209314605,0.092496450816309,FALSE
35.8801796043279,3.10693304045397,0.410216900137182,7.57387869542909,3.62242682355022e-14,3.35795874855916e-13,MCEMP1,MCEMP1,3.10693304045397,0.0928201533497782,FALSE
2924.32756794256,1.4176426116683,0.172493960786007,8.21850576801936,2.0605433185421e-16,2.45597543138714e-15,OCIAD2,OCIAD2,1.4176426116683,0.0930979169497706,FALSE
781.803040380081,1.50074077323914,0.185750730675549,8.07932635194036,6.5125524918082e-16,7.35859149562047e-15,CDKN2D,CDKN2D,1.50074077323914,0.0931526686618778,FALSE
744.859116962572,1.07284615985566,0.194898438364099,5.50464215547702,3.69918871241865e-08,1.62663212156911e-07,SPIN4,SPIN4,1.07284615985566,0.0931603264662081,FALSE
118.89676837358,1.13768166819747,0.308158697934943,3.69186940307508,0.000222611772083794,0.000552176331040846,S100A3,S100A3,1.13768166819747,0.0933804042954162,FALSE
307.026854589482,1.50963819194942,0.238009180300152,6.34277295541973,2.2566588985788e-10,1.3266650317829e-09,KLHL35,KLHL35,1.50963819194942,0.0936491043880259,FALSE
2282.99984943821,1.34441233944729,0.312524133772596,4.30178726749317,1.69425935565601e-05,5.04734384272974e-05,KRT80,KRT80,1.34441233944729,0.0936617493690003,FALSE
1451.35289946713,1.61388059299521,0.138375468778522,11.6630542049206,1.96852142093717e-31,8.84714618613264e-30,GEN1,GEN1,1.61388059299521,0.0946149944280039,FALSE
2935.55687970121,1.77175286054343,0.217421471472449,8.1489323411554,3.67151285803702e-16,4.26114539939675e-15,PTP4A3,PTP4A3,1.77175286054343,0.0946727441206139,FALSE
82.5174971905788,3.29097526876632,0.395758124191876,8.31562276955494,9.12717055038709e-17,1.13510474588235e-15,GRM4,GRM4,3.29097526876632,0.0947924485113425,FALSE
12927.0899872299,2.40247253911659,0.213667793375343,11.2439619521705,2.47996832871622e-29,9.54879385888415e-28,LSR,LSR,2.40247253911659,0.0948694776387539,FALSE
236.976744988001,2.92542837301171,0.358487775956283,8.16046897333664,3.33726282587516e-16,3.88359062866464e-15,GPR158,GPR158,2.92542837301171,0.0951363325916912,FALSE
55.3281548060534,1.34885462425523,0.415215120124343,3.24856817317079,0.00115987411405379,0.00251911669147143,PRR18,PRR18,1.34885462425523,0.0953364994774025,FALSE
2295.99695049718,4.86103242462576,0.363030534533708,13.3901475556856,6.90434442646392e-41,5.55480080755047e-39,SOX11,SOX11,4.86103242462576,0.0953692800454318,FALSE
1316.49557718366,1.02853959930433,0.291808746731675,3.5247044882109,0.000423955453674987,0.00100074679081281,CD3E,CD3E,1.02853959930433,0.0956894986322768,FALSE
63.8459514234479,1.70396815674106,0.431025267435875,3.95329064320937,7.70837105630289e-05,0.000206403809270311,PDIA2,PDIA2,1.70396815674106,0.095824900250629,FALSE
8.14542922182874,1.44883674317561,0.312221093092006,4.64041916203484,3.47703175166973e-06,1.15680646676164e-05,RFPL2,RFPL2,1.44883674317561,0.095860814777216,FALSE
87.6317041220252,2.34102889208457,0.390374095830087,5.99688585152309,2.01137338355362e-09,1.04276988840676e-08,SLC28A1,SLC28A1,2.34102889208457,0.0963147948049134,FALSE
7.96388651116117,1.89456420742477,0.53657196842722,3.53086690864237,0.000414200105194144,0.000980026698928543,CYP2W1,CYP2W1,1.89456420742477,0.096375432009906,FALSE
526.388730438432,1.14214740159486,0.173417015202689,6.58613227923414,4.51431664537686e-11,2.8941144120767e-10,PANK1,PANK1,1.14214740159486,0.096398934816514,FALSE
520.854632061391,2.16511161838597,0.314710889334085,6.87968447157089,5.99852743240981e-12,4.29334471665641e-11,CARMIL2,CARMIL2,2.16511161838597,0.0964617165036393,FALSE
4354.16074520371,1.15792752024786,0.137095881213144,8.44611457325706,3.01158141044729e-17,3.93695549779987e-16,NUDT5,NUDT5,1.15792752024786,0.096916441866105,FALSE
1995.67945250446,2.80735070041572,0.509914948321185,5.50552736227577,3.68064784664676e-08,1.61902543736992e-07,KLK6,KLK6,2.80735070041572,0.0975585092543643,FALSE
193.068236383141,2.10728664193821,0.314027198170382,6.71052270063199,1.93928472823788e-11,1.30152767793452e-10,ICOS,ICOS,2.10728664193821,0.0975704517853086,FALSE
10570.6797287525,1.38410256175439,0.227042143782391,6.09623631408704,1.08594844112263e-09,5.80426861077374e-09,FXYD5,FXYD5,1.38410256175439,0.0978846575751021,FALSE
964.383053369419,2.05113663454702,0.249978562253402,8.2052501464817,2.30111267001039e-16,2.72650472587095e-15,KIFC2,KIFC2,2.05113663454702,0.0979624809419413,FALSE
2713.94631953599,1.12409381380666,0.132550354148986,8.48050403956809,2.24220450071938e-17,2.98049692607099e-16,DNAAF5,DNAAF5,1.12409381380666,0.0980512503262397,FALSE
5708.02477960927,1.53664947711286,0.237694852926859,6.46479912455533,1.01433461599946e-10,6.22133186711951e-10,CYBA,CYBA,1.53664947711286,0.098320819617948,FALSE
1632.02142968107,1.32891602163025,0.197759088720323,6.71987330761648,1.8188263307972e-11,1.22446657967176e-10,FAM110A,FAM110A,1.32891602163025,0.0984080543700281,FALSE
185.861994054534,3.36599342777124,0.470540039440659,7.15346866500983,8.4612105271779e-13,6.71819600401908e-12,CD1A,CD1A,3.36599342777124,0.0984739173072817,FALSE
2990.19111286863,1.76524163526085,0.191850471911327,9.20113261997469,3.54196395852903e-20,6.22578385077386e-19,GMDS,GMDS,1.76524163526085,0.0985519904192947,FALSE
105.341382422301,1.43325107784668,0.331684527879311,4.32112732846011,1.55234058786301e-05,4.65166824966376e-05,FASLG,FASLG,1.43325107784668,0.0986019165141463,FALSE
26.8131480107615,3.07251770895577,0.450065499002783,6.82682346405933,8.68154170917342e-12,6.10142215510983e-11,TAFA4,TAFA4,3.07251770895577,0.0986315331741946,FALSE
2230.13104154931,1.03037415650545,0.126083533923872,8.17215479641918,3.02929498241857e-16,3.54578501601728e-15,TPMT,TPMT,1.03037415650545,0.0987407927243399,FALSE
10332.8777695539,2.43986390825945,0.245076107475604,9.95553558195111,2.38534991660409e-23,5.70536195743171e-22,SLC2A1,SLC2A1,2.43986390825945,0.0990443708403618,FALSE
1997.90577488879,1.76714985104081,0.264926270823586,6.67034584961017,2.55201302659352e-11,1.68926672331674e-10,KRTCAP3,KRTCAP3,1.76714985104081,0.0994094781769118,FALSE
263.358612876563,3.63795205096418,0.317227320941942,11.4679657482276,1.91098789559503e-30,7.93212125389741e-29,SMC1B,SMC1B,3.63795205096418,0.099575632390937,FALSE
1751.11478387806,2.54083834637278,0.243573035085864,10.4315255811346,1.78007027725816e-25,5.14995470780116e-24,SLC39A4,SLC39A4,2.54083834637278,0.0996564397802259,FALSE
206.549580910514,2.28573673771888,0.345866387321048,6.60872759398029,3.87637244298543e-11,2.50982117415055e-10,PNMA3,PNMA3,2.28573673771888,0.0997935572834364,FALSE
472.698269034189,2.62803154178193,0.293131728400938,8.96536023622586,3.09268266663501e-19,5.01973593220266e-18,B4GALNT1,B4GALNT1,2.62803154178193,0.0999230549598917,FALSE
2201.59210503394,1.06382782880254,0.228799857823773,4.64960004311684,3.32579333012367e-06,1.10917930829495e-05,FPR3,FPR3,1.06382782880254,0.0999782533935685,FALSE
90.876050726418,1.15858864676543,0.473322663433862,2.44777767107136,0.0143740321175089,0.0251164965281609,C2CD4A,C2CD4A,1.15858864676543,0.100055879188099,FALSE
347.709666232123,2.21073058487102,0.309572407640014,7.14123911017857,9.24932921820033e-13,7.30170395914076e-12,TNFRSF18,TNFRSF18,2.21073058487102,0.100434258449918,FALSE
4361.24724494929,1.18827418776742,0.175475036619903,6.77175631734641,1.27228307505785e-11,8.73902580172147e-11,GNB4,GNB4,1.18827418776742,0.100486914628189,FALSE
392.563779637104,1.53172878060166,0.275553428413294,5.5587360658938,2.71735247247979e-08,1.21874099965813e-07,SOCS1,SOCS1,1.53172878060166,0.100921251993045,FALSE
137.591898734101,2.24939394269038,0.511005831632877,4.40189485803445,1.07309559392733e-05,3.29901908797073e-05,KBTBD12,KBTBD12,2.24939394269038,0.101384987329569,FALSE
12.3081366406534,1.70861762728675,0.599812512489217,2.84858616936149,0.00439139596576962,0.00854257601788931,HS3ST6,HS3ST6,1.70861762728675,0.101749328689627,FALSE
18543.4069958428,1.6649609268107,0.142573423708363,11.6779192328046,1.65292248858785e-31,7.44157694473565e-30,PDIA4,PDIA4,1.6649609268107,0.101883183255084,FALSE
41.7911656963576,1.25908517547671,0.307463445371365,4.09507274582169,4.22035851191264e-05,0.000117861672734119,DNASE1L2,DNASE1L2,1.25908517547671,0.102150575008449,FALSE
314.64546207579,1.04010821876335,0.255759929220518,4.06673641931828,4.7676115283968e-05,0.000132013309656596,SDCBP2,SDCBP2,1.04010821876335,0.10237932852468,FALSE
133.8641912944,1.22886882954406,0.413595124785691,2.97118789826358,0.00296650221915053,0.00597495080718566,POPDC3,POPDC3,1.22886882954406,0.102549699729674,FALSE
97.9837405507359,4.10376564259079,0.439879399054354,9.32929719239637,1.06575232023879e-20,2.00006952711767e-19,HTR1D,HTR1D,4.10376564259079,0.102643562246708,FALSE
127.947968934671,2.012620265035,0.38452063352301,5.23410212501527,1.65788774681315e-07,6.67327978631538e-07,STEAP1B,STEAP1B,2.012620265035,0.102874497308709,FALSE
577.971930558506,2.10162482078239,0.302825727675145,6.94004712517985,3.91969165751853e-12,2.86363796066523e-11,ATP6V1C2,ATP6V1C2,2.10162482078239,0.102898889418868,FALSE
189.289123861588,2.07785627020732,0.32659572269818,6.36216620671285,1.98928008258768e-10,1.1769079417343e-09,ECEL1,ECEL1,2.07785627020732,0.103093548190499,FALSE
421.197223986299,1.14971920993321,0.436517892447499,2.63384211695627,0.00844247350620364,0.015505527857832,CLGN,CLGN,1.14971920993321,0.103129518870317,FALSE
1256.89100499185,1.30386505671158,0.136906968933931,9.52373036131426,1.67071611540579e-21,3.36038248304652e-20,TLCD3A,TLCD3A,1.30386505671158,0.103186378129328,FALSE
189.965109490139,2.00816360703942,0.305014769505591,6.58382415479266,4.58499365083844e-11,2.93653635126304e-10,ZNF280B,ZNF280B,2.00816360703942,0.103204059587798,FALSE
2056.99550490586,1.07627960005879,0.143475681913439,7.50147750270404,6.31024616198525e-14,5.69758180479631e-13,NAT9,NAT9,1.07627960005879,0.103433838054909,FALSE
113.992354269823,1.53798997585691,0.353330685369272,4.35283443963983,1.34388638364156e-05,4.0639311325272e-05,GPR55,GPR55,1.53798997585691,0.103527476668433,FALSE
2364.36116433655,1.75906417082493,0.1404959914419,12.5203869005214,5.77529394290707e-36,3.52563436088428e-34,BAIAP2L1,BAIAP2L1,1.75906417082493,0.103650391495063,FALSE
5321.57973127076,1.95621381336793,0.263000373744191,7.43806476591038,1.02170969168663e-13,8.97940206783388e-13,FOXC1,FOXC1,1.95621381336793,0.103816130275164,FALSE
64.220858736329,1.56989591275392,0.264679318786746,5.93131310731078,3.00521502292549e-09,1.52436154899005e-08,CBARP,CBARP,1.56989591275392,0.103848324125194,FALSE
5639.69518638656,1.2929550304098,0.308997140574444,4.18435920800471,2.85971616796999e-05,8.21242936548128e-05,FNDC1,FNDC1,1.2929550304098,0.104096729585916,FALSE
15.1904556173789,3.22688240211992,0.456012599926577,7.07630096764757,1.4805313686376e-12,1.13938302245825e-11,GAL3ST2,GAL3ST2,3.22688240211992,0.104238197861359,FALSE
833.355359596792,1.23373478239033,0.224516352408397,5.49507761530954,3.90538612470388e-08,1.71181604359603e-07,FAXC,FAXC,1.23373478239033,0.104402507577039,FALSE
226.900648271345,2.92149556722776,0.377666443679414,7.73565037646741,1.02875820203415e-14,1.01462883285752e-13,DNAH11,DNAH11,2.92149556722776,0.104820298728603,FALSE
541.073124920262,2.99499447587584,0.272067466972739,11.0082786053062,3.48600502369419e-28,1.23464256729126e-26,HES6,HES6,2.99499447587584,0.105147323404284,FALSE
8242.55541477828,1.05203595786016,0.129920468450355,8.09753821248084,5.60824908577264e-16,6.3699446151998e-15,ZMIZ2,ZMIZ2,1.05203595786016,0.105235564437265,FALSE
4768.44408837448,1.73167923894672,0.256725529234901,6.74525530868517,1.52758172695806e-11,1.03913029427494e-10,PKP3,PKP3,1.73167923894672,0.105626179076443,FALSE
471.27047530628,1.76739709501756,0.269215542174354,6.56498908177051,5.20366749840662e-11,3.31485827666093e-10,RBBP8NL,RBBP8NL,1.76739709501756,0.105777986442544,FALSE
917.918231090322,1.85485813558288,0.183347092496696,10.1166487579633,4.66102114772436e-24,1.18419920329172e-22,E2F5,E2F5,1.85485813558288,0.105958565677635,FALSE
440.273727024395,1.60093348488756,0.289839750195813,5.5235125058105,3.3228862838696e-08,1.47308974084403e-07,IL2RA,IL2RA,1.60093348488756,0.105971071203017,FALSE
461.322531627605,1.93153286826849,0.248959306361073,7.75842805999442,8.59884969710921e-15,8.56173472324468e-14,GPR37,GPR37,1.93153286826849,0.106201104131416,FALSE
6882.04862320801,1.2986528282539,0.242765451262022,5.34941368923305,8.82396307962421e-08,3.67963918727506e-07,VWA1,VWA1,1.2986528282539,0.10621232753749,FALSE
698.296539409064,1.48501218036244,0.176206686516066,8.42767212597828,3.52609390384095e-17,4.57059621041383e-16,SAMD10,SAMD10,1.48501218036244,0.106267107663041,FALSE
39.3601581234259,4.59007797091408,0.474121168173866,9.68123399466283,3.6231607429662e-22,7.76685288543585e-21,TMEM151A,TMEM151A,4.59007797091408,0.106510398160581,FALSE
289.186323820383,5.00108493444057,0.559224600544095,8.94289151366873,3.79117866191906e-19,6.10028729507681e-18,ORM2,ORM2,5.00108493444057,0.106516157380065,FALSE
15673.9256404592,3.97364219313765,0.561344162419886,7.07879846119315,1.45409673081103e-12,1.11976187539294e-11,KRT81,KRT81,3.97364219313765,0.106554075590126,FALSE
173.635490255481,4.54871440034888,0.400749888762037,11.3505069568463,7.37339435832369e-30,2.95241583315551e-28,WT1,WT1,4.54871440034888,0.106731895647345,FALSE
6.19416187523902,2.78451818928183,0.481055016631989,5.78835703403965,7.10782073599095e-09,3.43938301698675e-08,SNCB,SNCB,2.78451818928183,0.106837874253182,FALSE
715.935149485949,1.06948628582698,0.349752134204163,3.05784062836535,0.00222938107635748,0.00459175699410639,ESPN,ESPN,1.06948628582698,0.10686135202706,FALSE
14.8252761707489,3.95988199393446,0.492336505329505,8.04303956962167,8.76370133152626e-16,9.77507071497197e-15,CCDC185,CCDC185,3.95988199393446,0.106927147540437,FALSE
60.4778677003013,1.19229610267324,0.22086679012232,5.39825884196049,6.72907389470476e-08,2.85075197811261e-07,RAB33A,RAB33A,1.19229610267324,0.107238503326671,FALSE
19.6710211402478,3.72047398356601,0.571969387497111,6.50467326555096,7.78624263491778e-11,4.84327977089569e-10,LRTM2,LRTM2,3.72047398356601,0.107527606245168,FALSE
2.03806595500731,1.28212432672014,0.53397740844501,2.40108346615974,0.0163466074659365,0.028191003428023,AKAP14,AKAP14,1.28212432672014,0.107536899162914,FALSE
4512.0243086318,1.40526763872221,0.170547746783843,8.23973148412972,1.72597569272279e-16,2.0771472013945e-15,PRPS2,PRPS2,1.40526763872221,0.107677215166139,FALSE
32.5456470955995,1.82378086750115,0.196705084813028,9.2716508535338,1.83286770947801e-20,3.31327063682131e-19,MFSD2B,MFSD2B,1.82378086750115,0.107862793819151,FALSE
373.104459943067,1.0964199384073,0.222822072730311,4.92060739303117,8.62760436574918e-07,3.14363660891786e-06,CABYR,CABYR,1.0964199384073,0.10802368462689,FALSE
479.936152950996,2.37309441272747,0.483765680497251,4.90546251707691,9.32074397370411e-07,3.38013123487124e-06,CR2,CR2,2.37309441272747,0.108049243133666,FALSE
11471.5577511754,2.4632152139578,0.479084947387617,5.14149991017119,2.72553783485121e-07,1.06450392269734e-06,KRT6B,KRT6B,2.4632152139578,0.108058862295668,FALSE
344.803748507233,3.07231797541997,0.295871191146677,10.3839713610267,2.93314028224779e-25,8.30164687701988e-24,F12,F12,3.07231797541997,0.108211915142267,FALSE
10.5417614728455,2.2434960777409,0.358702009872866,6.25448426825391,3.98831661004245e-10,2.2615499037193e-09,FOXH1,FOXH1,2.2434960777409,0.10847972387026,FALSE
29.5860840088988,3.39149382040863,0.508757894316095,6.66622347937755,2.62469501207502e-11,1.7356145327184e-10,PGPEP1L,PGPEP1L,3.39149382040863,0.108570024868574,FALSE
380.08938740531,2.08556022491455,0.387957154971818,5.3757488376933,7.62650426364858e-08,3.2054190042007e-07,DPYSL4,DPYSL4,2.08556022491455,0.108851991167226,FALSE
1524.98077971525,1.07815589258447,0.27202712767123,3.96341314123463,7.38857535475711e-05,0.000198595580297436,GLB1L2,GLB1L2,1.07815589258447,0.109178869032686,FALSE
107.363374993195,1.15502705262683,0.403892679478438,2.85973752759857,0.00423991767341189,0.00827383844833267,SRMS,SRMS,1.15502705262683,0.109282062737082,FALSE
243.282546200299,1.95082898219609,0.4325548434166,4.51001534692611,6.48229359954883e-06,2.06974457691621e-05,NEURL1,NEURL1,1.95082898219609,0.109300768235068,FALSE
2220.29145915341,1.26164757963289,0.173124910928688,7.28749879416585,3.15762131029168e-13,2.6297033449001e-12,CCHCR1,CCHCR1,1.26164757963289,0.109320190294579,FALSE
45.3616466434847,1.39172180127955,0.266168106698709,5.2287323922506,1.70676200559267e-07,6.854131135385e-07,DRD4,DRD4,1.39172180127955,0.109334663360471,FALSE
72.5861212236566,2.5637474691903,0.438574926245435,5.84563164870849,5.04649640006497e-09,2.4918928141787e-08,JPH3,JPH3,2.5637474691903,0.109375414212693,FALSE
40.1300231115985,1.6277203959074,0.436987208988159,3.72486965848812,0.000195416164601641,0.00049069580605635,C11orf16,C11ORF16,1.6277203959074,0.1094461782663,FALSE
175.565492779338,1.37891927985339,0.295950595399194,4.65928875052077,3.17303842240276e-06,1.06122135689983e-05,GPR63,GPR63,1.37891927985339,0.109567973723711,FALSE
213324.803651398,2.37806747900844,0.263957925801849,9.00926718447406,2.07437939871805e-19,3.42666969495458e-18,FN1,FN1,2.37806747900844,0.109955223953169,FALSE
241.053676454554,2.5213979268966,0.289460258915557,8.71068773427774,3.02036647801285e-18,4.41109625303294e-17,PACSIN1,PACSIN1,2.5213979268966,0.110383826986669,FALSE
1334.16747500186,4.20025836983758,0.422508459482329,9.94124088067697,2.75375182948527e-23,6.5674335717468e-22,COL22A1,COL22A1,4.20025836983758,0.11040554513265,FALSE
12.0819500901386,1.49859309236474,0.27369620911029,5.47538856031746,4.36552624862845e-08,1.8975516545439e-07,CAGE1,CAGE1,1.49859309236474,0.110468500429819,FALSE
133.112675190995,1.75931863692847,0.429857653856851,4.09279355885181,4.26207147654266e-05,0.000118911931048954,SLC6A20,SLC6A20,1.75931863692847,0.110617151295501,FALSE
2242.02536006075,1.51199784549794,0.177116620934141,8.53673606420121,1.38066443301591e-17,1.87936186816845e-16,TRABD,TRABD,1.51199784549794,0.110621781884513,FALSE
14.8230447569027,1.32332605894347,0.347723213915669,3.80568798971358,0.000141410558657493,0.000363346380731876,CRYBB2,CRYBB2,1.32332605894347,0.111042740300805,FALSE
60.8546919199564,4.17306809154228,0.565987309169166,7.3730771413728,1.66733941410014e-13,1.43298834511535e-12,FABP6,FABP6,4.17306809154228,0.111276836542907,FALSE
7.63426353679497,1.09853200295639,0.347081791772294,3.16505224128003,0.00155055108813894,0.00328897511713873,APOA1,APOA1,1.09853200295639,0.111303133332914,FALSE
28903.2901630574,1.68532365017355,0.207659232492901,8.1158137297419,4.82540365978207e-16,5.53382301801756e-15,MMP14,MMP14,1.68532365017355,0.111650142547857,FALSE
488.323119291981,4.44795927738881,0.457722727917773,9.71758448094336,2.53728997195348e-22,5.54238600606238e-21,SLC15A1,SLC15A1,4.44795927738881,0.111662290342837,FALSE
4846.39182008562,3.20741168739232,0.55661709033805,5.76233059147423,8.29602975586846e-09,3.96720982656803e-08,FABP7,FABP7,3.20741168739232,0.111865817448285,FALSE
417.885758836305,2.74188218391017,0.404277592768058,6.78217698175334,1.18378327869921e-11,8.1526231772397e-11,KCNH2,KCNH2,2.74188218391017,0.11188700084992,FALSE
99.2307616345083,2.87191317809707,0.453446948579567,6.33351528132101,2.396375607431e-10,1.40279189218288e-09,MNX1,MNX1,2.87191317809707,0.111935188612161,FALSE
110.836437809475,1.44683490403227,0.429082635174936,3.37192602409185,0.000746444948239123,0.00168051677117717,SLC30A2,SLC30A2,1.44683490403227,0.112044588517581,FALSE
19592.0523678195,1.07316875982701,0.232580569366736,4.61418063748406,3.94649086114357e-06,1.30169780181487e-05,TRPS1,TRPS1,1.07316875982701,0.112146624881204,FALSE
1308.03490398402,3.56932398631661,0.208193720952085,17.1442441683344,6.93953291809379e-66,1.43565717917421e-63,RAD51AP1,RAD51AP1,3.56932398631661,0.112231587197207,FALSE
6.92479552604843,1.99943777598843,0.665338215730433,3.00514494540702,0.00265454316137006,0.00538657765743682,GATA4,GATA4,1.99943777598843,0.11250019933569,FALSE
1247.29596472513,1.73456436426904,0.194783194688487,8.90510275818762,5.33366170657809e-19,8.4621156241857e-18,EBP,EBP,1.73456436426904,0.112774374651523,FALSE
1321.6492393416,2.18888069627799,0.154626046212454,14.1559636936619,1.71569513603793e-45,1.66876959369779e-43,CDCA4,CDCA4,2.18888069627799,0.112865554295028,FALSE
167.953165463117,6.97804986214099,0.434665764218032,16.0538290258368,5.37436428424088e-58,8.43937071068115e-56,IBSP,IBSP,6.97804986214099,0.113179864117808,FALSE
362.39227206756,3.18249396600712,0.434540581568505,7.32381301309002,2.41022468955778e-13,2.04015632153699e-12,NPTX2,NPTX2,3.18249396600712,0.113339813495989,FALSE
222.336362520693,2.14967691203219,0.216469623850374,9.93061693273911,3.063541748975e-23,7.27298203738902e-22,CFAP20DC,CFAP20DC,2.14967691203219,0.113498466233171,FALSE
606.229338857221,1.32085811813654,0.230783982955036,5.72335264009153,1.04442160703122e-08,4.93831634871809e-08,TLR6,TLR6,1.32085811813654,0.113849513032232,FALSE
14160.0980729833,1.35476955715699,0.144060653951181,9.40416081698544,5.24470409846946e-21,1.00799155437195e-19,PDIA6,PDIA6,1.35476955715699,0.113911499188692,FALSE
1031.86202733785,3.83504480044847,0.199811274268555,19.193335383538,4.20748557747632e-82,1.42437047465033e-79,HMMR,HMMR,3.83504480044847,0.113919423257731,FALSE
1231.87833904164,1.23666673595709,0.146282195611101,8.45397986262685,2.81537896149945e-17,3.69157361113714e-16,RAVER1,RAVER1,1.23666673595709,0.113966401361676,FALSE
102.999189941343,2.41135405150131,0.346711488275197,6.95492977027438,3.52737714065953e-12,2.59081825656725e-11,ILDR2,ILDR2,2.41135405150131,0.11397124710169,FALSE
6325.96361279254,1.11708880172701,0.134127165153464,8.32857982533871,8.18178943826381e-17,1.02388240656372e-15,HSF1,HSF1,1.11708880172701,0.114147758388965,FALSE
1030.4717688043,1.41018516859705,0.324377601074599,4.34735679629352,1.37787975478422e-05,4.15804486778887e-05,SLC4A11,SLC4A11,1.41018516859705,0.114159416246841,FALSE
315.503557946493,4.99034891231292,0.315962131946908,15.7941360933451,3.41438814091353e-56,4.91728484360182e-54,PLPP4,PLPP4,4.99034891231292,0.114402179921873,FALSE
571.34944307472,1.92477091176217,0.241290438383592,7.97698791819615,1.49947496660347e-15,1.63406412853062e-14,SLC11A1,SLC11A1,1.92477091176217,0.114883744747079,FALSE
52.227608644711,3.78917869954462,0.579771669989389,6.53563962449901,6.33382606546318e-11,3.98512778296956e-10,ADGRF4,ADGRF4,3.78917869954462,0.114916274876599,FALSE
44.0823030839681,1.05683048305632,0.216955234189164,4.87119145572153,1.10927284820539e-06,3.97462753734293e-06,TEX22,TEX22,1.05683048305632,0.114922739630953,FALSE
2959.29240930789,1.00071085785948,0.13541655886843,7.38987067919632,1.4697168644035e-13,1.26857978491411e-12,CHRAC1,CHRAC1,1.00071085785948,0.115208830253928,FALSE
1013.18897399383,1.17297405296232,0.149601430671383,7.84066066546442,4.48182079516963e-15,4.61404512905556e-14,RCCD1,RCCD1,1.17297405296232,0.115518102846244,FALSE
268.594457959289,1.66278330596664,0.288876485896815,5.75603549317814,8.61122876798727e-09,4.10814239193126e-08,KMO,KMO,1.66278330596664,0.11569817820425,FALSE
869.480086250073,2.24274096425727,0.137199012275706,16.3466261677628,4.59740128649679e-60,7.98936395567412e-58,CENPO,CENPO,2.24274096425727,0.115753181977925,FALSE
23.0867403478628,4.39020617850371,0.628830435648336,6.98154212904362,2.91957326310109e-12,2.16451980231104e-11,PRSS1,PRSS1,4.39020617850371,0.116275375327873,FALSE
68.0449475303348,1.04321699314845,0.39916458052258,2.61350090677555,0.00896198458837444,0.0163616789652022,GRIK2,GRIK2,1.04321699314845,0.116479176404034,FALSE
515.459350660223,1.81466573612929,0.273060284150506,6.6456597369139,3.01861885299441e-11,1.98352250166386e-10,NGEF,NGEF,1.81466573612929,0.116634738851046,FALSE
126.820282446819,1.05190392346316,0.197498235930881,5.32614338809234,1.00319948102449e-07,4.15085728124847e-07,MC1R,MC1R,1.05190392346316,0.116903640766534,FALSE
1994.99035444311,1.24838337512275,0.158750118754328,7.86382640163358,3.725737902946e-15,3.87854672188871e-14,GALNS,GALNS,1.24838337512275,0.117010054379608,FALSE
11.8361588554265,1.54247049453338,0.388226928282021,3.97311567582164,7.09385766995006e-05,0.000191206274307298,MIA,MIA,1.54247049453338,0.117146068492336,FALSE
849.907328557082,1.47894384456499,0.25660532891387,5.76349622521442,8.23890967385006e-09,3.94408575491237e-08,CD6,CD6,1.47894384456499,0.117180519804261,FALSE
69.9595808366415,4.16859085819723,0.515349232005124,8.08886595596165,6.02228026538611e-16,6.83127848902609e-15,SLURP1,SLURP1,4.16859085819723,0.117613389106852,FALSE
917.884070408814,2.06352934116567,0.221459575400423,9.31786009900264,1.1871026073147e-20,2.20714719435608e-19,SEMA7A,SEMA7A,2.06352934116567,0.117638902005084,FALSE
390.735679383796,2.30483896766235,0.157729287685459,14.6126252231521,2.33350085989972e-48,2.5557717191179e-46,PARPBP,PARPBP,2.30483896766235,0.117652250609765,FALSE
5108.79507482675,1.10352969644689,0.136504470277865,8.08420188877754,6.25726038524005e-16,7.0793405582488e-15,ARFGAP1,ARFGAP1,1.10352969644689,0.118493949339351,FALSE
1173.39894964925,1.50797014979644,0.313670377162143,4.80749939933582,1.52829878107098e-06,5.35459197932488e-06,HLA-DQB2,HLA-DQB2,1.50797014979644,0.119565754189677,FALSE
22899.2399431736,1.1336145563833,0.158027256419158,7.17353817354426,7.30838615299293e-13,5.84917721369563e-12,CALU,CALU,1.1336145563833,0.11996436935558,FALSE
803.420586480646,1.86538433224385,0.175801517949373,10.61074076039,2.65634651845225e-26,8.25303750852143e-25,DNAH14,DNAH14,1.86538433224385,0.121011163655801,FALSE
42.189969294615,1.96413011817785,0.344408017572658,5.70291636071884,1.17774780212858e-08,5.52363295395568e-08,CACNA1E,CACNA1E,1.96413011817785,0.121080594930908,FALSE
32.0588608210604,1.04126184436189,0.242584842849066,4.29236151827405,1.76782806699192e-05,5.2485164262276e-05,QRFP,QRFP,1.04126184436189,0.121271706163583,FALSE
4410.40590337114,1.51524464511106,0.272000171576892,5.57074885771795,2.53646732248752e-08,1.14252797123349e-07,ICAM1,ICAM1,1.51524464511106,0.121646388829727,FALSE
1100.44937288756,2.66053793804098,0.381423836517527,6.9752796844901,3.0526291079266e-12,2.2593095671869e-11,CHRM3,CHRM3,2.66053793804098,0.121727383970079,FALSE
94.6071862124929,1.11199647383745,0.245872715200539,4.52265096975273,6.10698985813247e-06,1.9587905085756e-05,BRICD5,BRICD5,1.11199647383745,0.121884513058112,FALSE
295.825883904238,2.6923997614728,0.319064777120114,8.43841111442779,3.21680446172942e-17,4.19262209519504e-16,BAIAP2L2,BAIAP2L2,2.6923997614728,0.122032777189609,FALSE
5260.7178004827,1.15651912500606,0.139564352944188,8.28663695713585,1.16495533420802e-16,1.43443035884744e-15,BZW2,BZW2,1.15651912500606,0.122114452202125,FALSE
3242.1427978922,1.66864290621233,0.171556982292131,9.72646454791873,2.32534711209699e-22,5.08940580781127e-21,RBM38,RBM38,1.66864290621233,0.122176843573305,FALSE
1469.75319225426,2.28955902616952,0.266395664177941,8.59458067095337,8.35694027020227e-18,1.1618152641246e-16,PLCH1,PLCH1,2.28955902616952,0.122312823380678,FALSE
1170.46909881248,1.88965760785201,0.299224931632407,6.31517433237623,2.69857096713768e-10,1.57008920606941e-09,VASH2,VASH2,1.88965760785201,0.122677644002627,FALSE
811.015420176435,1.59656403871464,0.312739491552679,5.10509251897822,3.30632711494905e-07,1.27701924589386e-06,PRSS22,PRSS22,1.59656403871464,0.122732695910645,FALSE
26.5519982311366,1.9130127461711,0.387668334247788,4.93466341501174,8.02890982228525e-07,2.94235332964304e-06,TTLL2,TTLL2,1.9130127461711,0.123036326917417,FALSE
59.2295185964773,1.76408031395183,0.397971695445271,4.4326778364931,9.30698805078652e-06,2.89539631841332e-05,STK31,STK31,1.76408031395183,0.123274370450391,FALSE
7224.6148923102,1.50381637465807,0.168858255543427,8.90579124969889,5.30065926649482e-19,8.41487728987336e-18,PLOD3,PLOD3,1.50381637465807,0.123713875507506,FALSE
17527.0615324185,1.31160318063723,0.292629046709089,4.48213598543118,7.38996268769062e-06,2.33694234356462e-05,TGFBI,TGFBI,1.31160318063723,0.123817950200576,FALSE
201.870288771608,1.01037614003579,0.373161303606182,2.70761231207964,0.00677691362135105,0.0126851793313053,TNNI2,TNNI2,1.01037614003579,0.124494996402724,FALSE
964.635418861762,1.654369477651,0.527809496675484,3.13440642518065,0.001722021664162,0.00361941128202798,PI3,PI3,1.654369477651,0.124542615029259,FALSE
6614.20450412711,2.91620015110878,0.211796517636542,13.768876767432,3.92264526602244e-43,3.57523056466458e-41,SQLE,SQLE,2.91620015110878,0.124616353452587,FALSE
19256.8490040502,1.3293204728282,0.149019437494401,8.92045021226273,4.64396471082339e-19,7.41299621047357e-18,MAGED1,MAGED1,1.3293204728282,0.124801628454058,FALSE
312.791376763056,2.75388905160371,0.35469803377911,7.76403810943792,8.22671616134375e-15,8.21631456619722e-14,AIM2,AIM2,2.75388905160371,0.125149398812933,FALSE
2931.47085302668,1.76572004847805,0.161258141813902,10.9496489827829,6.67056084419137e-28,2.29698163177723e-26,RIPK2,RIPK2,1.76572004847805,0.125248344878865,FALSE
8.18105950972881,1.92725523171061,0.369774434307831,5.211975336581,1.86840393750677e-07,7.46187918476925e-07,JAKMIP1,JAKMIP1,1.92725523171061,0.125392402969421,FALSE
3517.32741062879,1.12631877869735,0.218334080529673,5.15869430903743,2.48677941314394e-07,9.76836632947905e-07,HELZ2,HELZ2,1.12631877869735,0.125424483606281,FALSE
58.6612339602934,4.35964370015709,0.53805970636426,8.10252774662457,5.38288605592072e-16,6.12464822434245e-15,HTR3A,HTR3A,4.35964370015709,0.125936324496125,FALSE
173.805342070544,1.69499800167329,0.386945421097758,4.38045757684536,1.18430348998099e-05,3.61532252878961e-05,TMPRSS5,TMPRSS5,1.69499800167329,0.126272417699489,FALSE
547.169382852239,2.80888802222857,0.284253226021962,9.8816399079726,5.00077307834071e-23,1.15974334371092e-21,CILP2,CILP2,2.80888802222857,0.126340517478723,FALSE
6.98588189784573,1.29550812993557,0.250855030937612,5.16436973615157,2.41250413811096e-07,9.49663928845339e-07,SPSB3,SPSB3,1.29550812993557,0.126478145291834,FALSE
2057.79160131841,1.24746016602545,0.184192943495155,6.77257305494041,1.26511884045601e-11,8.69210669851524e-11,TMUB1,TMUB1,1.24746016602545,0.126548170873685,FALSE
1690.08929101643,1.17498807673475,0.185185347194854,6.34493006349151,2.22526512222581e-10,1.30968584197472e-09,ZNF787,ZNF787,1.17498807673475,0.12688040776979,FALSE
97.1587343693375,5.05122436341761,0.494319544835368,10.2185406508657,1.63788025881286e-24,4.34329854592827e-23,LHX2,LHX2,5.05122436341761,0.127525707426378,FALSE
72.3756275271093,1.82889529732699,0.51677932719262,3.53902565581016,0.00040160681906539,0.000952564599870567,EN2,EN2,1.82889529732699,0.127757404862644,FALSE
577.746825766472,1.88881469948425,0.301709047223706,6.26038468804603,3.84028951949826e-10,2.18320922363761e-09,SLC17A9,SLC17A9,1.88881469948425,0.127759534640377,FALSE
140.58226657282,1.55618660734149,0.478933560100467,3.2492745069171,0.00115699767881444,0.00251307878457261,KLK13,KLK13,1.55618660734149,0.127896783907095,FALSE
585.866211058038,3.78591447866831,0.44446892851126,8.51783833652705,1.62558900521395e-17,2.20240273383119e-16,PCSK1N,PCSK1N,3.78591447866831,0.127961129191658,FALSE
19.1597329155016,7.01061652420635,1.19924846323185,5.84584157424182,5.04013560191022e-09,2.48969518163717e-08,MAGEC2,MAGEC2,7.01061652420635,0.127972567743963,FALSE
3610.75553225844,1.22337678154351,0.200102828486413,6.11374057426966,9.73224725568946e-10,5.23937400276863e-09,NXN,NXN,1.22337678154351,0.128042491085204,FALSE
608.442073030232,2.37621909125008,0.422014522824402,5.63065715214452,1.79524277903359e-08,8.23448768626932e-08,FREM2,FREM2,2.37621909125008,0.128145035359308,FALSE
498.781840112204,1.62733640166694,0.300957090568316,5.40720405887079,6.40161950497179e-08,2.72309098622878e-07,HES4,HES4,1.62733640166694,0.1282649856564,FALSE
1957.38748987547,1.13583837580954,0.131692192432808,8.62494848651771,6.41215106967225e-18,9.02026669903651e-17,B3GALNT2,B3GALNT2,1.13583837580954,0.128749805772111,FALSE
440.986981154975,1.04929333016696,0.269620186183705,3.89174618198664,9.95253337009101e-05,0.00026231818741978,CD274,CD274,1.04929333016696,0.12899907110384,FALSE
455.050643962005,1.32346706009517,0.274407141016982,4.82300517103987,1.41411303277654e-06,4.98130870613326e-06,RGS4,RGS4,1.32346706009517,0.129314721574821,FALSE
2083.11447971276,2.29109781515366,0.208260876864324,11.0010955953395,3.77517042859671e-28,1.33343316479987e-26,SLC35F2,SLC35F2,2.29109781515366,0.129318907799271,FALSE
2076.14311131507,2.06616159770649,0.426417025249761,4.84540127471762,1.26356032211993e-06,4.48797205568881e-06,CXCL13,CXCL13,2.06616159770649,0.129638262339529,FALSE
54.022088763658,1.4295411414729,0.271408704398232,5.26711604420528,1.38583610505706e-07,5.63742037305281e-07,INHA,INHA,1.4295411414729,0.130258556707086,FALSE
740.216688254845,4.42999048745591,0.400575037497035,11.0590777576566,1.98124131961481e-28,7.10385384847308e-27,ZIC1,ZIC1,4.42999048745591,0.130394110785098,FALSE
3722.82823637625,1.02348890845729,0.138416811242732,7.39425290373482,1.42205529047767e-13,1.23029257407506e-12,SMYD2,SMYD2,1.02348890845729,0.131351088109327,FALSE
27.9183697726906,2.74990286353887,0.656073833063349,4.19145334710117,2.77173187922681e-05,7.9746948008615e-05,GATA5,GATA5,2.74990286353887,0.131621790728994,FALSE
53.0335756717811,2.01329020602764,0.378993414639089,5.3122036643958,1.08307459598988e-07,4.46575537704338e-07,DYDC2,DYDC2,2.01329020602764,0.131667263975181,FALSE
26.9879779795051,1.61391304183141,0.258635780904769,6.24009963426391,4.37292267778644e-10,2.46196491235117e-09,NHLH1,NHLH1,1.61391304183141,0.132211059882722,FALSE
2598.37520154716,1.17228960686817,0.29986352156769,3.90941052362563,9.25216168277062e-05,0.000244923427018159,BCAT1,BCAT1,1.17228960686817,0.13303804686405,FALSE
4138.80032786528,1.22207619012344,0.146976588976298,8.31476766902323,9.19321878488694e-17,1.14277364838173e-15,MAGEF1,MAGEF1,1.22207619012344,0.133100676604306,FALSE
1250.89924190757,1.30313874988253,0.144925316342787,8.99179510362607,2.43224828547129e-19,3.98000100799624e-18,RGS19,RGS19,1.30313874988253,0.133168704253591,FALSE
160.404700706722,3.18656937701185,0.592895495006465,5.3745886144355,7.67577271721475e-08,3.2256064391365e-07,ZIC2,ZIC2,3.18656937701185,0.133184753388799,FALSE
76.1084911279588,1.7156611701341,0.531234554377664,3.22957374665505,0.00123974902982441,0.0026765395031003,GABRG3,GABRG3,1.7156611701341,0.133412753433441,FALSE
25.5853214237354,2.92764013352605,0.392245753887993,7.46379050507719,8.40682296754476e-14,7.48431196362669e-13,H1-3,H1-3,2.92764013352605,0.133439742528935,FALSE
379.236984261805,1.28437323271832,0.238772099708478,5.37907583962464,7.48691669813476e-08,3.1518323251014e-07,VEPH1,VEPH1,1.28437323271832,0.133766890327393,FALSE
15203.705601005,1.36779420572625,0.178990454530123,7.64171591896851,2.14345697244409e-14,2.03398226795414e-13,DEK,DEK,1.36779420572625,0.133794936126048,FALSE
1658.36744481535,2.2428377598017,0.152777765769844,14.6803937634516,8.60890726066695e-49,9.59010194717117e-47,CCNF,CCNF,2.2428377598017,0.133813619415075,FALSE
649.322095027468,3.03768161680552,0.590772743281414,5.14187841492633,2.72005131534393e-07,1.06302215347931e-06,LY6D,LY6D,3.03768161680552,0.133814174230996,FALSE
376.229072309253,1.34083527989446,0.284846794201304,4.70721562324089,2.51123243376519e-06,8.53570163658329e-06,SP140,SP140,1.34083527989446,0.134595219059125,FALSE
2116.59328167217,1.44359108640923,0.286438983760539,5.03978567252583,4.66053479188245e-07,1.76527405434466e-06,ARNT2,ARNT2,1.44359108640923,0.134789105313223,FALSE
22.0092386604673,5.03273206261454,0.960566835679579,5.23933564607609,1.61155697284989e-07,6.50688593731075e-07,GNGT1,GNGT1,5.03273206261454,0.13490507135477,FALSE
1924.0987736681,1.81461062910099,0.182083689263024,9.96580548453049,2.1512293636546e-23,5.15879446388081e-22,ATAD3A,ATAD3A,1.81461062910099,0.135190922386927,FALSE
66.7169492754198,1.10869651450758,0.369334373712141,3.00187741358647,0.0026832020228604,0.00544092004122146,LILRA4,LILRA4,1.10869651450758,0.135250187384591,FALSE
166.307178840446,1.84602721984241,0.383751892756372,4.81047065744214,1.50575308219023e-06,5.27985816430627e-06,FBXL13,FBXL13,1.84602721984241,0.135365384930999,FALSE
363.248710755527,1.18686824944908,0.276269423067862,4.29605359966868,1.7386556073635e-05,5.16956036467942e-05,CXCR6,CXCR6,1.18686824944908,0.135795814453937,FALSE
12.2254439729527,1.93306694078308,0.334729068937046,5.77501962085833,7.69441182984724e-09,3.70260722113029e-08,C19orf84,C19ORF84,1.93306694078308,0.136164938973423,FALSE
803.692174808266,1.13099731547671,0.252585733846032,4.4776769386593,7.54596784466651e-06,2.38251869921175e-05,CLDN23,CLDN23,1.13099731547671,0.136388648065942,FALSE
60.5264002145384,2.83315680820659,0.364322244210588,7.77651338403852,7.45506999182296e-15,7.50603744599649e-14,HTR6,HTR6,2.83315680820659,0.136741670628968,FALSE
4838.04146478047,5.80062801607215,0.579687365362507,10.0064765297148,1.4274616446832e-23,3.46781385759153e-22,MSLN,MSLN,5.80062801607215,0.136790413780333,FALSE
2561.82486907256,1.28285139125559,0.145406220651783,8.82253445213832,1.11897753696328e-18,1.71175982723133e-17,FBXO45,FBXO45,1.28285139125559,0.137033624785613,FALSE
107.962251159739,3.14794385378833,0.416840198070178,7.5519200604025,4.28887719913072e-14,3.93378472729559e-13,AMH,AMH,3.14794385378833,0.137389476034701,FALSE
1849.63079690486,1.13438326517788,0.170473095275281,6.65432432810626,2.84604459964173e-11,1.87437707374586e-10,ZDHHC12,ZDHHC12,1.13438326517788,0.137736021778093,FALSE
589.868771412878,1.28132480832327,0.240143396965815,5.33566537540763,9.51948195885318e-08,3.9513429334622e-07,LILRB1,LILRB1,1.28132480832327,0.137774842807222,FALSE
2079.41396913676,1.21908648761409,0.442759396328927,2.75338366101761,0.00589827294742475,0.011174524378263,SLC6A14,SLC6A14,1.21908648761409,0.137833620589871,FALSE
34.3476752666559,3.71319282306493,0.573962771794322,6.46939663256687,9.8395012039685e-11,6.04931570096824e-10,FCAMR,FCAMR,3.71319282306493,0.137925056573144,FALSE
2338.06068612022,1.48441007974034,0.282070034554747,5.26255857728211,1.42064379845376e-07,5.77630976357733e-07,RSAD2,RSAD2,1.48441007974034,0.138384448216121,FALSE
15.4471292760916,1.51619629570348,0.400554263297895,3.78524568237056,0.000153556799412474,0.000392081995326178,UTS2,UTS2,1.51619629570348,0.138826090481439,FALSE
2158.69952504714,1.35074853260802,0.147319744930706,9.16882209674859,4.78215702961197e-20,8.31597647037327e-19,CAPN15,CAPN15,1.35074853260802,0.138892621856777,FALSE
6.30767489345069,2.51582254862468,0.504960731432153,4.98221424364898,6.28607801048542e-07,2.34017702798234e-06,LKAAEAR1,LKAAEAR1,2.51582254862468,0.139015101519176,FALSE
74.7833304134959,3.8561522355164,0.74097383922877,5.20416785500822,1.94867813357553e-07,7.75988281514106e-07,ZIC5,ZIC5,3.8561522355164,0.139195149199656,FALSE
685.1755270318,1.10589541518598,0.297233485919875,3.72062862218727,0.000198727496955354,0.0004983385919322,NKG7,NKG7,1.10589541518598,0.139230939080213,FALSE
84.9416119015807,2.54513714147845,0.384902238695971,6.61242488508574,3.78074973724114e-11,2.45278256348096e-10,CALHM6,CALHM6,2.54513714147845,0.139280969894139,FALSE
14.0582787921682,2.00053344534346,0.567127620879385,3.52748371211657,0.000419529571932244,0.000991556564652987,SORCS3,SORCS3,2.00053344534346,0.139473251538894,FALSE
410.615550717989,1.56367553749452,0.24345061294041,6.42296816840329,1.33642446805783e-10,8.08273239184768e-10,ULBP3,ULBP3,1.56367553749452,0.139618237177821,FALSE
194.674629134266,1.88141946203911,0.190349600637486,9.88402106302394,4.88331222592196e-23,1.13553345042915e-21,AGMAT,AGMAT,1.88141946203911,0.139933791574611,FALSE
3361.40475751507,1.06111900994829,0.195684027240783,5.42261432836631,5.87336247913134e-08,2.50944008758428e-07,TCIRG1,TCIRG1,1.06111900994829,0.140136244085489,FALSE
827.44668076788,1.40959026542291,0.210289195535371,6.70310360850573,2.04038682717511e-11,1.36691758992479e-10,FAM241B,FAM241B,1.40959026542291,0.140470990290537,FALSE
58.6010214584389,1.83417698618291,0.399271327450008,4.59381092526,4.35223747937231e-06,1.42650288412923e-05,NETO1,NETO1,1.83417698618291,0.14141275180656,FALSE
4717.12499550595,1.30723024485405,0.418988733365502,3.1199651464463,0.00180872439908539,0.00378516529471411,SERPINB5,SERPINB5,1.30723024485405,0.141572517824541,FALSE
75.4973325638182,1.40518609535695,0.420015851189625,3.34555491507522,0.000821180962405952,0.00183598285848151,DIPK1C,DIPK1C,1.40518609535695,0.142101054568141,FALSE
77.7500113544005,3.49024877611312,0.539811414620776,6.46568168360254,1.00843159309285e-10,6.19095297624855e-10,TYRP1,TYRP1,3.49024877611312,0.142531849320538,FALSE
2376.63485459531,1.52891640919667,0.201336722307905,7.59382785053238,3.10590969830392e-14,2.9018547708132e-13,SOX12,SOX12,1.52891640919667,0.14254751918165,FALSE
1436.06293893218,1.17554713657703,0.13798629878702,8.51930334323609,1.60515915916746e-17,2.17585459188862e-16,LCLAT1,LCLAT1,1.17554713657703,0.142699964717185,FALSE
3595.90688640848,1.01705388245221,0.237796938323425,4.27698476533338,1.89441761797542e-05,5.59440172740063e-05,GALNT3,GALNT3,1.01705388245221,0.14276315967224,FALSE
4154.02447280808,1.05057194126332,0.136483736806563,7.69741484109779,1.38846562093799e-14,1.35049005003696e-13,CHPF2,CHPF2,1.05057194126332,0.14293978953757,FALSE
31.4060694961853,3.24515588968396,0.436053375262723,7.4421070304266,9.90918833461245e-14,8.72055409582521e-13,KIR2DL4,KIR2DL4,3.24515588968396,0.143136830747112,FALSE
17.8376585754473,1.32950179019849,0.379700730902449,3.5014464866544,0.000462739891204291,0.00108531948389619,HGFAC,HGFAC,1.32950179019849,0.143175082639089,FALSE
645.882426826921,1.04415997898531,0.33183431383713,3.1466305184394,0.00165163528034703,0.00348185821696773,ATP2C2,ATP2C2,1.04415997898531,0.143192470179618,FALSE
66.6056999102925,1.66427919258288,0.246424993678671,6.7536947764034,1.44126792993039e-11,9.83238187110586e-11,SOWAHD,SOWAHD,1.66427919258288,0.143304417418673,FALSE
1919.48859156708,1.34098296754447,0.248404090852954,5.39839325085142,6.72403564540541e-08,2.84954376798542e-07,KHDRBS3,KHDRBS3,1.34098296754447,0.143401293863451,FALSE
1.58133669964363,1.78177852216134,0.695252506228171,2.56277899928431,0.0103838121390661,0.0187046390041487,EIF4E1B,EIF4E1B,1.78177852216134,0.143745508763953,FALSE
1842.34503896159,1.25922643700167,0.141444133648385,8.90264166156206,5.45330108499063e-19,8.64141029680553e-18,ZDHHC13,ZDHHC13,1.25922643700167,0.144122945234855,FALSE
112.35477281442,5.09337016374572,0.669687909766454,7.60558775134819,2.83611989571152e-14,2.65981492655458e-13,IVL,IVL,5.09337016374572,0.144225846936732,FALSE
559.288639586097,2.17516209512819,0.25058815627426,8.68022706048228,3.94979491874762e-18,5.6978032178746e-17,SDS,SDS,2.17516209512819,0.145022796767164,FALSE
75.740715159809,2.99113554136739,0.305340828863181,9.79605496095539,1.17068880862109e-22,2.62619149520877e-21,DEUP1,DEUP1,2.99113554136739,0.145074453086733,FALSE
618.163310515032,1.49554574474529,0.284764307952561,5.25187217280906,1.50560941141592e-07,6.09894646890114e-07,QRICH2,QRICH2,1.49554574474529,0.145285601909976,FALSE
113.373662161061,3.66806212281985,0.488977625573408,7.50149276977332,6.30951109730205e-14,5.69758180479631e-13,HMGA2,HMGA2,3.66806212281985,0.145346986006715,FALSE
238.560790881247,3.3861993643771,0.563012581200433,6.01442929953214,1.8052153077037e-09,9.41884456083116e-09,SERPINB2,SERPINB2,3.3861993643771,0.145603984640527,FALSE
300.11182138581,2.02890260879135,0.341470569351453,5.94166171522424,2.82147205056998e-09,1.43647093637124e-08,CLIC3,CLIC3,2.02890260879135,0.146020487394145,FALSE
29.1714514158165,3.23126056527033,0.749302703779898,4.31235674043355,1.61523539416423e-05,4.82847947473383e-05,SERPINB3,SERPINB3,3.23126056527033,0.146136016682129,FALSE
14.1995386146817,4.01194602447636,0.985253418047295,4.07199401797333,4.66123767743476e-05,0.000129342646942402,MAGEC1,MAGEC1,4.01194602447636,0.14624736554252,FALSE
13.628003717708,1.82360584992844,0.597352556185353,3.05281333618766,0.00226706911339198,0.00466054342104013,KCNQ2,KCNQ2,1.82360584992844,0.146478739598376,FALSE
1221.64561450714,1.3264912799448,0.154303214583531,8.59665356632421,8.20742733607323e-18,1.14163825170449e-16,AMER1,AMER1,1.3264912799448,0.146826062905033,FALSE
1527.47157819376,3.28567826650383,0.316591581539486,10.3782869099886,3.113110829767e-25,8.78240909085891e-24,TMEM158,TMEM158,3.28567826650383,0.147131891017252,FALSE
220.083174353543,1.49910038156943,0.196264022503156,7.638182293677,2.20309795482012e-14,2.0890561800035e-13,CTU1,CTU1,1.49910038156943,0.147368476719496,FALSE
706.655975366685,1.77534709293113,0.321501806154179,5.5220439168536,3.35078705990035e-08,1.48444878127842e-07,FAM83B,FAM83B,1.77534709293113,0.147874617868148,FALSE
1639.10904092982,4.17151034386965,0.411793429975367,10.1301041741224,4.06216435944763e-24,1.03710517490422e-22,A2ML1,A2ML1,4.17151034386965,0.149253074744362,FALSE
660.393694334331,2.30214511841022,0.289008122256821,7.96567619080431,1.64322718435798e-15,1.78029937716789e-14,SLC38A5,SLC38A5,2.30214511841022,0.149280709996031,FALSE
1320.01655923323,1.23901557834497,0.206504110807184,5.99995599846365,1.97371005702401e-09,1.02446634919245e-08,FHDC1,FHDC1,1.23901557834497,0.149714006606274,FALSE
6.30808856902685,2.52565443475519,0.646268534232538,3.90805725634543,9.30412597352852e-05,0.000246174027356849,C6orf118,C6ORF118,2.52565443475519,0.150078859399157,FALSE
7.98945370779136,5.1013277325066,0.824805395699407,6.18488647031806,6.21471796768785e-10,3.42637591505328e-09,HMX2,HMX2,5.1013277325066,0.150693144574953,FALSE
2228.79110926493,1.0116624580279,0.122456490172759,8.26140334906443,1.43969698120184e-16,1.75367201911161e-15,SPATS2,SPATS2,1.0116624580279,0.150854315429466,FALSE
1722.95180648147,3.25512640551648,0.221678244880358,14.6840137933847,8.16129661524177e-49,9.16984995127186e-47,CDCA7,CDCA7,3.25512640551648,0.150941584462137,FALSE
493.787036255377,2.60995154703024,0.217265619073397,12.0127222989135,3.04648454774507e-33,1.53900606019517e-31,BMP8A,BMP8A,2.60995154703024,0.151227236517619,FALSE
6032.36568487813,1.38638743350579,0.213445274729854,6.4952828553383,8.28775477179717e-11,5.1388416659476e-10,PLPP2,PLPP2,1.38638743350579,0.151569111172716,FALSE
2429.73558663741,1.96105746943415,0.269130329490313,7.28664611360622,3.17766137827235e-13,2.64470303791268e-12,PLEKHG4B,PLEKHG4B,1.96105746943415,0.151675258220113,FALSE
307.386860716178,3.50071731831365,0.533447139596082,6.56244463315398,5.29326975481608e-11,3.36535877446706e-10,TMPRSS4,TMPRSS4,3.50071731831365,0.151877049953954,FALSE
21287.3725774433,1.77921236913549,0.191939206815632,9.26966615447423,1.86729457366808e-20,3.3708287847511e-19,PLOD1,PLOD1,1.77921236913549,0.152364924475724,FALSE
790.535536230212,2.6700088196906,0.453022940296805,5.89376073966872,3.77503664827905e-09,1.89693870522616e-08,PPP2R2C,PPP2R2C,2.6700088196906,0.152701958879518,FALSE
387.330069749259,1.20803759933274,0.313961260783204,3.8477282079935,0.000119218207948528,0.000310207728747681,TMEM200C,TMEM200C,1.20803759933274,0.152748056189202,FALSE
3485.85884776453,1.5233435333612,0.529710713515829,2.87580276270111,0.00403001448118571,0.00790209022725048,CAPN6,CAPN6,1.5233435333612,0.152868889705171,FALSE
466.907954762859,2.44589981043834,0.199060949124712,12.2871905373363,1.06130735779409e-34,5.93671650120567e-33,SH2D2A,SH2D2A,2.44589981043834,0.153285225443167,FALSE
20.0689222322903,1.50618288766671,0.444779848630218,3.38635595183837,0.00070827449380368,0.00160321215960234,NEU4,NEU4,1.50618288766671,0.153474362545227,FALSE
191.600716363811,1.07319702804967,0.271656540101332,3.95056576826514,7.79666688779564e-05,0.000208575241958302,TMEM121,TMEM121,1.07319702804967,0.153918285727159,FALSE
30.0979418153048,2.75026842488266,0.382448023786544,7.19122143096147,6.42142398805966e-13,5.16627342891207e-12,CHRNB4,CHRNB4,2.75026842488266,0.153995537638739,FALSE
1243.23534783014,1.24468193361981,0.226786678826924,5.48833793967993,4.05733273612892e-08,1.77364568895979e-07,UPP1,UPP1,1.24468193361981,0.15409813965184,FALSE
25.2792170363348,1.18844397386356,0.442286456894676,2.68704581688463,0.00720870639705841,0.0134230551933796,BIRC7,BIRC7,1.18844397386356,0.154203320289512,FALSE
7147.95738870349,1.28673629827413,0.224828139934977,5.72319950094445,1.04536387706991e-08,4.94187525998935e-08,ITGB2,ITGB2,1.28673629827413,0.154323549794094,FALSE
683.718578667139,1.33501820870407,0.281520071441108,4.74217771354659,2.11433022270333e-06,7.26909073004586e-06,MTCL1,MTCL1,1.33501820870407,0.154498324939277,FALSE
1191.4374553799,1.60181792080864,0.181418257840746,8.82941959576504,1.05220292249707e-18,1.61815773337647e-17,NUDT1,NUDT1,1.60181792080864,0.15507358073504,FALSE
779.85582545825,2.90642583474769,0.469269053670162,6.19351694303402,5.88363607583126e-10,3.2527853843618e-09,NEFH,NEFH,2.90642583474769,0.155232383912498,FALSE
1167.00392333807,2.7207280278626,0.261374179984698,10.4093220991526,2.24816820246771e-25,6.42576760238222e-24,CCN4,CCN4,2.7207280278626,0.155579865868585,FALSE
107.636401106236,3.44798342226461,0.471980270821195,7.30535498076115,2.76535690720494e-13,2.3245584811387e-12,LRRC14B,LRRC14B,3.44798342226461,0.155670849576849,FALSE
74.9449301629397,2.04048545218121,0.272443977928649,7.48955975351231,6.91050176203003e-14,6.21158791140816e-13,TREX2,TREX2,2.04048545218121,0.156115246483703,FALSE
25758.4816367038,1.2742130158112,0.194783230589381,6.54169772190163,6.0824348630186e-11,3.83621653942187e-10,CTSD,CTSD,1.2742130158112,0.156440614079048,FALSE
8799.68899862019,1.48766310870383,0.180474296583248,8.24307470298194,1.67840709191046e-16,2.02644917391524e-15,EFNA1,EFNA1,1.48766310870383,0.156533777737331,FALSE
43.9182038593475,1.08499661135377,0.289983747834498,3.74157731064641,0.000182868903222658,0.000461456311742983,WFIKKN1,WFIKKN1,1.08499661135377,0.156718428271117,FALSE
1115.3248125627,1.48530318200717,0.259450327644412,5.72480750166114,1.03551087301923e-08,4.89884971451765e-08,CGREF1,CGREF1,1.48530318200717,0.157381825518617,FALSE
190.219865085013,1.00771363926302,0.174059857947189,5.78946605580227,7.06105241626489e-09,3.41929134933637e-08,OTUB2,OTUB2,1.00771363926302,0.157395636775216,FALSE
544.334842368259,4.15412175355539,0.279607207876328,14.8569909377757,6.26778292911276e-50,7.39286414539287e-48,E2F7,E2F7,4.15412175355539,0.157540782401517,FALSE
1563.0789811321,1.15201108595343,0.237470737464123,4.85117070951731,1.22734848675247e-06,4.37305809242436e-06,SORD,SORD,1.15201108595343,0.157850931445395,FALSE
1433.73440355007,1.10678300187602,0.162413285084026,6.81460880064964,9.4520617058286e-12,6.6073181143962e-11,SMYD3,SMYD3,1.10678300187602,0.157928339644284,FALSE
2232.34963317532,1.76953622351009,0.178953246929458,9.88825994427266,4.68093152990175e-23,1.09139393729829e-21,ACOT7,ACOT7,1.76953622351009,0.15839353828712,FALSE
2128.47512975065,1.14025566583871,0.159237274066152,7.16073339314399,8.02465804518807e-13,6.38908861526932e-12,KIF3C,KIF3C,1.14025566583871,0.158399458012527,FALSE
613.470476825566,1.67109943850765,0.180789478822278,9.24334452089654,2.38910245582183e-20,4.27138091329956e-19,PUSL1,PUSL1,1.67109943850765,0.158838895274051,FALSE
200.212300678387,3.04841582169098,0.423268211277237,7.20209016522219,5.92964581078867e-13,4.79280859999468e-12,BRSK2,BRSK2,3.04841582169098,0.159072322258676,FALSE
1992.43871530503,1.63257982130512,0.248742965182645,6.56332057514216,5.26225458097083e-11,3.34808860537385e-10,IRF7,IRF7,1.63257982130512,0.159640687526062,FALSE
1642.40168477337,1.15643532287244,0.131742945737463,8.77796770369005,1.6645505356413e-18,2.49366889727367e-17,MEX3D,MEX3D,1.15643532287244,0.16029273863231,FALSE
60.1239300570619,3.68043376921102,0.456189987132174,8.06776534563586,7.15964817028633e-16,8.04442020926094e-15,NLRP7,NLRP7,3.68043376921102,0.160309953090691,FALSE
1045.32485454011,1.27676576644186,0.403738026370948,3.16236193533276,0.00156494924633152,0.00331600812909476,PTX3,PTX3,1.27676576644186,0.160442587054641,FALSE
369.960331329802,2.75259038785755,0.483372229848242,5.69455632302614,1.23693149453628e-08,5.78766707378878e-08,KLK14,KLK14,2.75259038785755,0.160470067617552,FALSE
1847.15183658253,1.13569999912214,0.324990874371987,3.49455965899587,0.00047484447169546,0.00111121023823373,ADORA1,ADORA1,1.13569999912214,0.160592190372498,FALSE
754.52308529653,1.70959041170317,0.364508906137286,4.69011972799173,2.7304523249904e-06,9.22190991908846e-06,PTK6,PTK6,1.70959041170317,0.16064182449824,FALSE
4489.45552189758,2.03002154224026,0.254918858963323,7.9634027489992,1.67371566415903e-15,1.81182500903793e-14,IL32,IL32,2.03002154224026,0.161337273031292,FALSE
250.882405314497,4.55255043538442,0.31436876178157,14.4815611118118,1.58456971184231e-47,1.67226634326289e-45,ULBP1,ULBP1,4.55255043538442,0.162099923560392,FALSE
2975.73335570741,1.95889920897137,0.283981836947873,6.89797358177854,5.27495528223198e-12,3.80365862633309e-11,HR,HR,1.95889920897137,0.162366146234416,FALSE
6387.92563073832,1.49500798827194,0.151093940955305,9.89455949603021,4.39541176310113e-23,1.02758025496643e-21,LPCAT1,LPCAT1,1.49500798827194,0.162420593519337,FALSE
1646.5435438193,2.19529229169257,0.177740582507168,12.351103280558,4.80479440678051e-35,2.76482507288184e-33,SLC12A8,SLC12A8,2.19529229169257,0.162439514515275,FALSE
615.113602803567,1.37100644686608,0.226392274703338,6.05588882687201,1.39644424563163e-09,7.37611188467674e-09,TEDC1,TEDC1,1.37100644686608,0.162495302589282,FALSE
15654.5826797678,1.16270246648928,0.147905650372088,7.86110918389023,3.80746718313878e-15,3.95888500450254e-14,MLF2,MLF2,1.16270246648928,0.162561927669244,FALSE
47.3120558619857,1.6781664317426,0.356535546665606,4.70686989680877,2.51549335787131e-06,8.54906979916969e-06,CHRNA3,CHRNA3,1.6781664317426,0.162785533248701,FALSE
15367.1516231785,1.94985086326944,0.301120180858548,6.47532442930282,9.46084385009241e-11,5.82740587524478e-10,PADI2,PADI2,1.94985086326944,0.163444084641579,FALSE
48.3488409582898,2.74853073061883,0.424570764502444,6.47366931597339,9.56511179168107e-11,5.88884669517597e-10,IFNG,IFNG,2.74853073061883,0.163497461763461,FALSE
1000.2304361016,1.29874289016586,0.253886376571174,5.11544931124642,3.12994994901946e-07,1.21266952023024e-06,GNA15,GNA15,1.29874289016586,0.163558724241226,FALSE
8689.90631246246,2.04714382276909,0.416813525703028,4.91141408934903,9.0421903671171e-07,3.28505611567444e-06,CP,CP,2.04714382276909,0.163825118273665,FALSE
211.586178478375,1.55228160469404,0.374877913389794,4.14076569797804,3.4614839743971e-05,9.81513137828882e-05,PNPLA3,PNPLA3,1.55228160469404,0.164083027495233,FALSE
20.8441305420752,5.27602557780377,1.0435349413773,5.05591654730816,4.28328618358048e-07,1.63139130548499e-06,NKX2-2,NKX2-2,5.27602557780377,0.164393935641157,FALSE
1451.10674915927,1.33809635747028,0.184348159005136,7.25852845339781,3.91324080816734e-13,3.22601037781461e-12,ACAT2,ACAT2,1.33809635747028,0.164991818950994,FALSE
1955.1979481015,1.96717923105245,0.221523810604189,8.88021574605058,6.67308081684506e-19,1.04913870719361e-17,ADAM19,ADAM19,1.96717923105245,0.165460503066005,FALSE
432.019739758681,3.05244389923316,0.341805932065708,8.93034208267154,4.24693498346816e-19,6.80005247015138e-18,RASGRF1,RASGRF1,3.05244389923316,0.166458853888805,FALSE
251.466814580208,2.37014783415561,0.36982844225368,6.40877651192073,1.46692037632672e-10,8.828957157633e-10,PSCA,PSCA,2.37014783415561,0.16682194678598,FALSE
5231.90797845627,1.0692373474435,0.141570680337736,7.55267506585891,4.26407898260082e-14,3.91241629142751e-13,MBOAT7,MBOAT7,1.0692373474435,0.166945362480383,FALSE
24.4230559328447,4.97158400240531,0.641449741145001,7.75054331385484,9.15002014382295e-15,9.08623143196316e-14,C1orf105,C1ORF105,4.97158400240531,0.166988748795014,FALSE
72.0840113959642,2.68874161760528,0.410384224592802,6.55176650679773,5.68604000470166e-11,3.59927160763862e-10,SIGLEC12,SIGLEC12,2.68874161760528,0.167238870570763,FALSE
12.1535373536712,1.34617223164033,0.451004970266518,2.98482792960091,0.0028373788490389,0.00573170756803294,VSX1,VSX1,1.34617223164033,0.167665301119585,FALSE
8711.64104681408,1.29200766364789,0.346092227182165,3.73313111989609,0.000189114081856544,0.000476155391843383,CYP1B1,CYP1B1,1.29200766364789,0.168726001542065,FALSE
57.5517626229645,3.94779255674287,0.369519345245365,10.683588308811,1.21483172721327e-26,3.83377949555306e-25,H2BC7,H2BC7,3.94779255674287,0.168844756149327,FALSE
25.0075009712263,2.57892981219399,0.341186073581304,7.55871945511703,4.07056781388059e-14,3.748056912908e-13,ENTHD1,ENTHD1,2.57892981219399,0.168878727037123,FALSE
77.3973299031588,1.31527163809148,0.30236816120754,4.34990123576106,1.36198860778689e-05,4.11342336220378e-05,KEL,KEL,1.31527163809148,0.169313753576609,FALSE
2563.06343340394,1.23867775789401,0.148792491437418,8.32486737689311,8.44232076817082e-17,1.05446083116391e-15,PDIA5,PDIA5,1.23867775789401,0.171552265497472,FALSE
22.868249019896,1.58498997375235,0.483148212775899,3.28054607642216,0.00103606340268422,0.00226969196720476,P2RX2,P2RX2,1.58498997375235,0.17249475572871,FALSE
3763.15052457419,1.49928610183561,0.133077855605346,11.2662328004584,1.92636838170915e-29,7.45024400682676e-28,PGAM5,PGAM5,1.49928610183561,0.172861727195871,FALSE
4440.50612420548,1.40888896107381,0.258370421875392,5.45298084373332,4.95324069233693e-08,2.13485656625573e-07,SERTAD4,SERTAD4,1.40888896107381,0.173106485147282,FALSE
6779.64015765032,1.33462855271096,0.163010259519864,8.18738990197317,2.66952245623136e-16,3.1425576575984e-15,DUS1L,DUS1L,1.33462855271096,0.173939888381622,FALSE
1500.13525835765,1.02820454650973,0.173375058063479,5.93052171398992,3.01973643885501e-09,1.5308337174569e-08,C8orf82,C8ORF82,1.02820454650973,0.174207064551026,FALSE
10.5141028116373,1.10163822648617,0.463048433002583,2.379099351104,0.0173549976890294,0.0297587636337277,SLC6A3,SLC6A3,1.10163822648617,0.174633575571281,FALSE
97.0194199035598,1.11409599908952,0.315287674368214,3.53358564150021,0.000409963246407714,0.00097070687111544,GRIN2C,GRIN2C,1.11409599908952,0.174958184270773,FALSE
274.674332310295,1.39005601353164,0.301961903487844,4.60341519070999,4.15618489185659e-06,1.36619510184143e-05,ADAMTS17,ADAMTS17,1.39005601353164,0.175379077661991,FALSE
1708.43447477053,1.4994131519497,0.2482620358695,6.03963931375263,1.54459104487265e-09,8.11751104167248e-09,LILRB4,LILRB4,1.4994131519497,0.175469587809915,FALSE
40.1339456328589,2.35728718924295,0.308084286020492,7.6514359745247,1.98747262631866e-14,1.89147312706274e-13,MEIG1,MEIG1,2.35728718924295,0.175974898676229,FALSE
289.557459721735,2.47640392377552,0.406780502440048,6.08781371998157,1.14462936458191e-09,6.10539260211921e-09,FOXQ1,FOXQ1,2.47640392377552,0.176182764514058,FALSE
334.951610461039,1.32402517310644,0.207051579407799,6.39466347899095,1.60901321069546e-10,9.62859214031189e-10,AKR1E2,AKR1E2,1.32402517310644,0.176527516668252,FALSE
13289.2880626695,1.42438526188911,0.319624491329632,4.4564334102299,8.33344701945126e-06,2.61248302412551e-05,IFI27,IFI27,1.42438526188911,0.17684097437533,FALSE
379.775538021709,1.84910150786882,0.231828020331986,7.97617779430133,1.50934478680961e-15,1.64344572087578e-14,OSCAR,OSCAR,1.84910150786882,0.176874696894375,FALSE
4077.12875415678,7.54406858272536,0.467784882622829,16.1272175800689,1.6425561162902e-58,2.67603189270854e-56,MMP1,MMP1,7.54406858272536,0.177530508385965,FALSE
45.8578781343909,1.31763184020199,0.535376367297531,2.46113187037583,0.0138499449404445,0.0242804838766942,ADAMTS19,ADAMTS19,1.31763184020199,0.178077180933412,FALSE
818.951373167861,1.25395506459222,0.25422968261477,4.93237080617498,8.1237510559184e-07,2.97460062894543e-06,ANO9,ANO9,1.25395506459222,0.178489673298085,FALSE
6920.2635984164,2.33529563637051,0.163039878220417,14.3234628353523,1.56144860641142e-46,1.60245200091837e-44,LMNB2,LMNB2,2.33529563637051,0.178490538771109,FALSE
1348.31746892941,1.14043564883595,0.150513255396511,7.57697815937606,3.5369629490193e-14,3.2834050282082e-13,AMMECR1,AMMECR1,1.14043564883595,0.178717960884182,FALSE
431.220407152524,1.29965069715105,0.185978527986312,6.98817606109188,2.78482789974952e-12,2.06815124965159e-11,KLHL17,KLHL17,1.29965069715105,0.179318107851538,FALSE
123.944242299405,1.15321665226129,0.342325592645818,3.36877135988618,0.000755040330623616,0.00169844980137779,CCNB3,CCNB3,1.15321665226129,0.179582600530632,FALSE
4731.87038500466,1.49776642206566,0.230208182124051,6.50613895755698,7.71069060772921e-11,4.80159035049396e-10,FCGR3A,FCGR3A,1.49776642206566,0.179744596561658,FALSE
69.2361377066886,4.35306740988182,0.526241850928232,8.27199015472352,1.31741184894755e-16,1.61300961326988e-15,PSORS1C2,PSORS1C2,4.35306740988182,0.180546626074582,FALSE
1470.04691917202,1.84165573559011,0.197685362280018,9.31609560945352,1.20700310840159e-20,2.24254811309366e-19,ARHGAP39,ARHGAP39,1.84165573559011,0.180949076749361,FALSE
2724.41279822404,1.00626931394554,0.164940602203369,6.10079810855076,1.0554014605264e-09,5.64856548648156e-09,AGPAT5,AGPAT5,1.00626931394554,0.18114237155253,FALSE
260.138391304216,1.03727309292995,0.315108482110895,3.29179679956983,0.000995495115703396,0.00219002204245425,SH2D1A,SH2D1A,1.03727309292995,0.181244383260811,FALSE
1255.89706258266,2.99704761310225,0.246323016668039,12.1671439950789,4.65071789419938e-34,2.46904813336243e-32,ADM2,ADM2,2.99704761310225,0.1814424476223,FALSE
120.24716270841,1.96988502543287,0.463568477210205,4.24939382696556,2.14349776313192e-05,6.27804002152358e-05,BLK,BLK,1.96988502543287,0.182592405888927,FALSE
3.42860327659581,2.02794711329882,0.585729484121644,3.46225888959631,0.000535661625226668,0.00124105338056915,FAM216B,FAM216B,2.02794711329882,0.183000053676186,FALSE
3458.40981226146,4.12291583665615,0.460044055096152,8.96200220605923,3.18835476667165e-19,5.16216420514472e-18,KLHDC7B,KLHDC7B,4.12291583665615,0.183144203553657,FALSE
14.4397140393068,1.68433846715024,0.302349623446934,5.57083037824873,2.53528066498141e-08,1.14219082430125e-07,KCNG2,KCNG2,1.68433846715024,0.184195936809032,FALSE
1092.91093989065,1.39594150977653,0.175085307339399,7.97292206290348,1.54965909126805e-15,1.68523001802605e-14,CCDC77,CCDC77,1.39594150977653,0.184220105216425,FALSE
6.4236293384053,1.37898597886561,0.321134681616734,4.29410480339022,1.75399610273865e-05,5.20982411236193e-05,MYADML2,MYADML2,1.37898597886561,0.18480913067797,FALSE
3080.92781613446,1.56395246823671,0.209750510870886,7.45625105628189,8.90190498376005e-14,7.89271963305011e-13,ST3GAL4,ST3GAL4,1.56395246823671,0.184829580844884,FALSE
698.932901684766,8.07145344690014,0.662395788994894,12.1852426917562,3.72542660406243e-34,2.0064193241342e-32,ACTL8,ACTL8,8.07145344690014,0.184871639865993,FALSE
1719.94554748312,1.36612019011907,0.133498139787458,10.2332526302918,1.40712313135743e-24,3.75429669038834e-23,TRIM11,TRIM11,1.36612019011907,0.186720145493449,FALSE
2108.42337430452,1.58064765183626,0.222036624721471,7.11886002509304,1.08823356144961e-12,8.51350067416177e-12,TRIB3,TRIB3,1.58064765183626,0.187098275050236,FALSE
755.237789534918,1.383756051764,0.231159116590504,5.98616257136556,2.1484962813892e-09,1.1094463662237e-08,PMAIP1,PMAIP1,1.383756051764,0.187625171496217,FALSE
593.421928555476,2.75535440795469,0.427512200344746,6.44508953366191,1.1553219318748e-10,7.03475281433789e-10,SHISAL1,SHISAL1,2.75535440795469,0.188529967350527,FALSE
92.8174321761103,2.57199233574534,0.303224223487333,8.48214666415917,2.21076645948633e-17,2.94170746806689e-16,SCX,SCX,2.57199233574534,0.189191810980707,FALSE
171.824449982713,1.10967213567,0.302041007184003,3.67391218171243,0.000238864857561967,0.000589239163629014,ADAP1,ADAP1,1.10967213567,0.189781492192802,FALSE
16636.7401544818,1.25134475638428,0.126194824750002,9.91597523007188,3.54774634406895e-23,8.37673043033019e-22,PRDX1,PRDX1,1.25134475638428,0.190358489356055,FALSE
533.753563103381,4.30995129845543,0.227378350885548,18.9549765035672,4.01733320020903e-80,1.24666457773629e-77,E2F8,E2F8,4.30995129845543,0.190706360367671,FALSE
136.975885141356,3.05320929899117,0.518475525151084,5.88882049562794,3.88961637932918e-09,1.95094535616651e-08,KRT6C,KRT6C,3.05320929899117,0.190740910325516,FALSE
24.8142114721293,2.37084990405965,0.423508943660247,5.59811059376734,2.16700503609778e-08,9.83585587253366e-08,GDNF,GDNF,2.37084990405965,0.191328842709637,FALSE
1215.77843956797,1.91942332729872,0.249254215759314,7.70066544893333,1.35359453391522e-14,1.31854068443827e-13,UBASH3B,UBASH3B,1.91942332729872,0.19195352986856,FALSE
6.76231657347335,1.01388185072587,0.3822874822385,2.65214504223117,0.00799821756682916,0.0147603212258078,TRIM34,TRIM34,1.01388185072587,0.193713994909752,FALSE
764.04170363394,1.57263608708868,0.181093980478925,8.6840881344021,3.81792689376802e-18,5.52285795448673e-17,LRRC61,LRRC61,1.57263608708868,0.194134082901836,FALSE
6.4033348296597,2.73326777322487,0.510454434609231,5.35457738812137,8.57566122999556e-08,3.58182600997107e-07,TCF24,TCF24,2.73326777322487,0.194750271651656,FALSE
1020.7813479024,1.36736109894751,0.233364520885682,5.85933583116234,4.6472204508351e-09,2.3060935749461e-08,ABCC4,ABCC4,1.36736109894751,0.194929082045254,FALSE
1285.22169007411,1.42301682502816,0.229672565895592,6.19585025089612,5.79712239456916e-10,3.21108349892126e-09,CNKSR3,CNKSR3,1.42301682502816,0.195623469697858,FALSE
532.955542281611,3.36508179467011,0.303003002615171,11.105770456486,1.17598727768176e-28,4.34199155344624e-27,SLC6A11,SLC6A11,3.36508179467011,0.195692511261076,FALSE
6777.38197871175,2.26902067671973,0.273514514430834,8.29579622654182,1.07860289486318e-16,1.33124723770827e-15,SERPINE2,SERPINE2,2.26902067671973,0.19663914079458,FALSE
1612.22014915359,1.94811310123817,0.200518323840444,9.71538692288447,2.59262460908121e-22,5.65539294434476e-21,RPP25,RPP25,1.94811310123817,0.197627269483725,FALSE
4161.8513258926,1.41772530637238,0.18593268294206,7.62493868178179,2.44150412222574e-14,2.30505932466709e-13,MBOAT2,MBOAT2,1.41772530637238,0.198146536298944,FALSE
1959.18805305999,3.13063797654311,0.319303444627482,9.80458566676439,1.07587625233988e-22,2.42183646543554e-21,MYBL1,MYBL1,3.13063797654311,0.198262846424091,FALSE
33.8128563791479,5.80919441638321,0.586574137838242,9.90359792846032,4.01562802063461e-23,9.43021401926869e-22,DMRT1,DMRT1,5.80919441638321,0.198750971649018,FALSE
1544.55184968372,3.00840336794076,0.461939270193017,6.51255167520988,7.38847835915692e-11,4.60644499852053e-10,SOX8,SOX8,3.00840336794076,0.198822360374564,FALSE
2049.65753061746,1.24182170737552,0.199917046357554,6.2116849463377,5.24194459710007e-10,2.92156873663903e-09,IQCG,IQCG,1.24182170737552,0.199144365619762,FALSE
185.888745276209,3.43269232816166,0.428148561213711,8.01752624937172,1.07896031395612e-15,1.19124347750505e-14,CLPSL1,CLPSL1,3.43269232816166,0.19943650522274,FALSE
1416.85786821566,2.17739750247,0.228642761907915,9.52314205925721,1.68020445380369e-21,3.37686117943722e-20,ABTB2,ABTB2,2.17739750247,0.200812292476473,FALSE
59.4185117746752,2.42554829036319,0.4442793415905,5.45951176050598,4.77445711760075e-08,2.06325884755469e-07,GCNT3,GCNT3,2.42554829036319,0.201609006221797,FALSE
10.4928444193859,1.74597072458759,0.495834149692998,3.52127969739202,0.000429469359622373,0.0010130284858634,C10orf67,C10ORF67,1.74597072458759,0.201811388020672,FALSE
169.108252792227,2.82231166226915,0.396295731305827,7.12173117022836,1.06579786938229e-12,8.35302256800609e-12,SULT4A1,SULT4A1,2.82231166226915,0.202212426533811,FALSE
198.818920740312,1.64753224105097,0.399228309919831,4.1267921139706,3.67858649073925e-05,0.000103810451503843,RASGEF1C,RASGEF1C,1.64753224105097,0.202442213306493,FALSE
4605.67791350727,1.12697869635607,0.126865923999876,8.8832261715697,6.49487259247668e-19,1.02173713861249e-17,WRNIP1,WRNIP1,1.12697869635607,0.202545724879919,FALSE
1267.3316112126,1.13228657886668,0.148751947812121,7.61191093979352,2.7007264424785e-14,2.53967662972897e-13,PTS,PTS,1.13228657886668,0.203594909265023,FALSE
10.7998370058579,1.30113502693546,0.467654496899212,2.78225706277315,0.00539822633575307,0.0103126412148356,SHH,SHH,1.30113502693546,0.203862968324586,FALSE
163.540902374318,3.27889406951337,0.405403946397174,8.08796781248162,6.06684322481813e-16,6.87584358005801e-15,NIPAL4,NIPAL4,3.27889406951337,0.204104781994099,FALSE
2432.0729039616,1.1623369052237,0.168013933890581,6.91809826904398,4.57746738969072e-12,3.32000118105365e-11,HSPBP1,HSPBP1,1.1623369052237,0.204492816974967,FALSE
12.2358901145159,1.79989827002842,0.460956413280741,3.90470382485428,9.43408516341564e-05,0.000249359458481804,CXCR5,CXCR5,1.79989827002842,0.204889883406364,FALSE
1481.75827814993,1.62643689348498,0.220056819214171,7.3909861066475,1.45743849147605e-13,1.25857095928691e-12,ACTR3B,ACTR3B,1.62643689348498,0.205679366609089,FALSE
422.551975006415,1.1521631145209,0.187307040570581,6.15120024859259,7.68987520496961e-10,4.18567502543209e-09,NHLRC1,NHLRC1,1.1521631145209,0.20588661732647,FALSE
997.425818181528,1.07460606816697,0.225604844028261,4.76322249549017,1.90525564078551e-06,6.58677702763341e-06,SLC52A3,SLC52A3,1.07460606816697,0.206586423595861,FALSE
28.1610734694648,1.12119715178229,0.293340373612529,3.82217128169092,0.000132281752743876,0.000341438602710625,SLC22A1,SLC22A1,1.12119715178229,0.207420309814215,FALSE
301.185932719751,6.18988764065567,0.612277253447014,10.1096155472177,5.008040990318e-24,1.26865504853857e-22,PRSS33,PRSS33,6.18988764065567,0.207545339379773,FALSE
5.67605274687895,1.23328372994234,0.458945079922079,2.68721418726556,0.00720507346143978,0.0134172488869375,HS3ST5,HS3ST5,1.23328372994234,0.207557659681563,FALSE
855.062212848948,1.59053922065224,0.244818344747653,6.49681388170357,8.20388503619768e-11,5.08925919177927e-10,ADAMTS7,ADAMTS7,1.59053922065224,0.20800738734648,FALSE
1308.0540957749,2.00767925535121,0.264709445125722,7.5844639937108,3.3386436703885e-14,3.11037971965751e-13,DIRAS1,DIRAS1,2.00767925535121,0.208215687166645,FALSE
87.4955600044387,1.31226744843231,0.309624181731735,4.23825891470353,2.2525990048366e-05,6.57321149211639e-05,KIRREL3,KIRREL3,1.31226744843231,0.209446234870518,FALSE
909.404228288915,2.62503411404052,0.166166634546588,15.7976005303552,3.23185707031238e-56,4.68026768065738e-54,TRIM59,TRIM59,2.62503411404052,0.210741243585649,FALSE
26.9358993139295,2.62956740569172,0.231055870945913,11.3806560938123,5.22054908237376e-30,2.10983027798817e-28,ACRV1,ACRV1,2.62956740569172,0.211380573039759,FALSE
38.4480456032024,2.38388718147147,0.255484177821967,9.33086033661416,1.05014978043343e-20,1.97363044892272e-19,CDHR2,CDHR2,2.38388718147147,0.211588023789621,FALSE
12603.702255175,1.32783311974469,0.112410518526227,11.8123565050087,3.36982103506e-32,1.57421370826002e-30,STIP1,STIP1,1.32783311974469,0.212669352891629,FALSE
37.2205505447789,3.53469963938676,0.298139378655703,11.8558630373638,2.00646187056147e-32,9.56168950272866e-31,TUBB3,TUBB3,3.53469963938676,0.214582993997314,FALSE
1677.30249524468,1.78174250879399,0.192370953176201,9.26201424578902,2.00611418467075e-20,3.60892880964889e-19,PYCR3,PYCR3,1.78174250879399,0.215990441853709,FALSE
84.2252143171059,1.25554681396692,0.386227723497062,3.25079412373273,0.0011508316097568,0.00250093602096962,TUBAL3,TUBAL3,1.25554681396692,0.217177241273579,FALSE
164.444121148319,1.17550024398735,0.460521472397362,2.55254166080026,0.0106940119420007,0.0192063393476734,SPSB4,SPSB4,1.17550024398735,0.218354186570893,FALSE
1614.27251502262,1.37649783268622,0.219493389037191,6.27124962042926,3.58161881469681e-10,2.04651595008114e-09,MOCOS,MOCOS,1.37649783268622,0.220299938275931,FALSE
2217.15873977048,1.9016127268859,0.206238356861743,9.22046100357895,2.95825593398756e-20,5.23864520592757e-19,STK26,STK26,1.9016127268859,0.22089727998139,FALSE
70.8419089201257,2.67102120424514,0.743609229063777,3.59196887269409,0.000328189057624112,0.000789812508790431,TFF2,TFF2,2.67102120424514,0.221557818108246,FALSE
162.891453929023,1.5783266583922,0.239383333627054,6.59330219225347,4.30149755994876e-11,2.76788785226325e-10,C3orf80,C3ORF80,1.5783266583922,0.221666911150119,FALSE
1311.0189264745,2.40936702538224,0.258945385915888,9.30453739061743,1.34576889183406e-20,2.47916308858222e-19,CLEC7A,CLEC7A,2.40936702538224,0.222583548592084,FALSE
3907.66968414669,1.41678652551359,0.133858584726601,10.5842036833671,3.52767492626917e-26,1.07929462797017e-24,DNMT3A,DNMT3A,1.41678652551359,0.222815655732175,FALSE
324.876322022792,2.08263293216984,0.314845481355013,6.61477790059661,3.72109995248477e-11,2.4158882306705e-10,MORN3,MORN3,2.08263293216984,0.224056655601863,FALSE
487.425072006348,1.66137792608543,0.191085337727099,8.69442912704345,3.48577899493722e-18,5.05923168491251e-17,RANBP17,RANBP17,1.66137792608543,0.225171519853121,FALSE
9980.26573196848,1.74577603251585,0.219825737243088,7.94163619970181,1.99531446181166e-15,2.14836274580936e-14,TPD52,TPD52,1.74577603251585,0.22569910559747,FALSE
1137.15840609205,1.02561173889981,0.203048882111113,5.05105828821343,4.39368959696787e-07,1.67002488661653e-06,GPSM1,GPSM1,1.02561173889981,0.225779890224823,FALSE
2634.02007898412,1.4350393580238,0.217684711924825,6.59228360749272,4.33112205545851e-11,2.78557509547587e-10,LMO7,LMO7,1.4350393580238,0.226343054517242,FALSE
220.524656277967,2.5558966676309,0.267587647048962,9.5516242839238,1.27678542761207e-21,2.59609717172884e-20,C2CD4D,C2CD4D,2.5558966676309,0.226684565550075,FALSE
127.039566198345,5.60269471657597,0.669686261536081,8.36614850620481,5.95321575051341e-17,7.52947476800743e-16,GABRA3,GABRA3,5.60269471657597,0.227248666892484,FALSE
874.261644562224,1.08168715613543,0.221219021211146,4.88966613365039,1.01007144942281e-06,3.6401952816403e-06,NFAM1,NFAM1,1.08168715613543,0.22816804362167,FALSE
15.2528804022009,1.27419730313618,0.395140877431976,3.22466587465512,0.00126119770082158,0.00271766888214567,ALOX12B,ALOX12B,1.27419730313618,0.229494742492932,FALSE
371.851366995122,1.56211752421254,0.34282023183028,4.55666667008699,5.19718019960008e-06,1.6831270501053e-05,TAFA5,TAFA5,1.56211752421254,0.230848266768665,FALSE
1285.52664753455,1.04261428354189,0.478071778510418,2.18087394070924,0.0291927416595309,0.0475040387564138,SYT8,SYT8,1.04261428354189,0.231919375748662,FALSE
439.065147657825,1.40286922857459,0.177518779640152,7.90265250481299,2.73029968200197e-15,2.88842215141012e-14,TEX30,TEX30,1.40286922857459,0.232068260771134,FALSE
37.3432921927342,2.49091544390046,0.477097227513676,5.22098075665103,1.77978036408622e-07,7.1275979030013e-07,SLC39A12,SLC39A12,2.49091544390046,0.232321337943837,FALSE
1099.20347502053,1.70742543308112,0.133933688803073,12.7482894583125,3.18660694529802e-37,2.06630057818616e-35,CHEK2,CHEK2,1.70742543308112,0.232506525491869,FALSE
8476.24840129974,1.06960539733106,0.201575989880146,5.3062142865677,1.11925372843488e-07,4.60618676020084e-07,TSPO,TSPO,1.06960539733106,0.233207877012705,FALSE
401.414922685987,1.02245520054352,0.148302891489319,6.89437131181732,5.41035373310395e-12,3.89482714059157e-11,GK,GK,1.02245520054352,0.234981123230217,FALSE
324.002943396991,6.47794308275864,0.68104932875959,9.51170907775074,1.87555410002631e-21,3.7636696478357e-20,CT83,CT83,6.47794308275864,0.238436266615992,FALSE
5212.3434453892,1.33974418432988,0.134554073776304,9.95692026803441,2.35236963559769e-23,5.63595765543429e-22,CSK,CSK,1.33974418432988,0.23858006604094,FALSE
674.96032052311,3.50039016405572,0.358058691544491,9.77602344732017,1.4270762251474e-22,3.18762604635111e-21,NXPH4,NXPH4,3.50039016405572,0.239112929484112,FALSE
97.0320117070808,3.44184608014654,0.623317859220354,5.5218152812942,3.35515115220954e-08,1.48612956813332e-07,TMEM179,TMEM179,3.44184608014654,0.239564109639887,FALSE
6555.62248752778,1.48178075565039,0.134430778115163,11.0226302073546,2.97244471048229e-28,1.05418661589309e-26,TCF3,TCF3,1.48178075565039,0.239952776452762,FALSE
1067.41329354419,1.17366298891131,0.132972626961991,8.82635032281335,1.08146916740162e-18,1.65827392862694e-17,NTAQ1,NTAQ1,1.17366298891131,0.24106652860173,FALSE
1461.74608614404,1.3722159329686,0.150105964222616,9.1416483020856,6.15075827798021e-20,1.06180010617292e-18,ZMYND19,ZMYND19,1.3722159329686,0.241675213324453,FALSE
23111.7311537071,1.56578378310582,0.181219016235037,8.64028409179219,5.60734130256211e-18,7.95247909324737e-17,SERPINH1,SERPINH1,1.56578378310582,0.241996419169281,FALSE
40.9592382820256,1.22829627332525,0.225236610919003,5.45335977270126,4.94269254911121e-08,2.13066258769112e-07,ITGB1BP2,ITGB1BP2,1.22829627332525,0.242178734875728,FALSE
1690.71882768976,1.56863822427239,0.165409756230946,9.48334765745164,2.46253401716502e-21,4.86663185939655e-20,RPUSD1,RPUSD1,1.56863822427239,0.242349106317896,FALSE
100.73056546092,1.24944285502213,0.27760641495062,4.50077083141026,6.77074740068747e-06,2.15445645133936e-05,ASIC3,ASIC3,1.24944285502213,0.242885602941213,FALSE
60.6917237749729,4.28731112994535,0.705543259176208,6.07660986648957,1.22749913649396e-09,6.53662881694211e-09,SERPINB4,SERPINB4,4.28731112994535,0.244621651963184,FALSE
12.0986595999439,5.30395575950729,1.14986954650045,4.61265869302261,3.97550808057721e-06,1.31077117551741e-05,MAGEA1,MAGEA1,5.30395575950729,0.245141868233596,FALSE
779.656175011359,3.10505488544676,0.495398724919283,6.26778941740852,3.66209557512156e-10,2.08929405464421e-09,SCRG1,SCRG1,3.10505488544676,0.245874032157509,FALSE
476.145429992139,3.22928630497422,0.352383955162463,9.16411277433273,4.99562112343715e-20,8.67560665054204e-19,C5orf46,C5ORF46,3.22928630497422,0.246559559534433,FALSE
120.427614749531,1.13622873576594,0.418135893916897,2.71736713421633,0.00658035698316306,0.0123495938282681,PCDHB8,PCDHB8,1.13622873576594,0.250637468777736,FALSE
1878.40785470447,1.06206277870398,0.144859406744839,7.33167974776214,2.27285712419902e-13,1.93048441370139e-12,TMEM14A,TMEM14A,1.06206277870398,0.250699482173202,FALSE
670.525603815838,1.21132534164353,0.254485680395157,4.75989588004569,1.93692854799244e-06,6.68917812142541e-06,MAPK12,MAPK12,1.21132534164353,0.250919954821313,FALSE
4206.39572204441,2.37039596537984,0.194836351166041,12.1660868271946,4.71132650040934e-34,2.49614121719858e-32,ABRACL,ABRACL,2.37039596537984,0.251878457847881,FALSE
29288.6402092335,1.26474639106674,0.178747513224083,7.07560272170731,1.48800588650353e-12,1.14418434936541e-11,TMEM123,TMEM123,1.26474639106674,0.251994179636607,FALSE
3429.07815367727,6.15618258302622,0.332586622374698,18.5100126369201,1.71460427728002e-76,4.6556864266519e-74,COL10A1,COL10A1,6.15618258302622,0.253083848323998,FALSE
33.9238329591087,3.24851179512874,0.409564915670671,7.93161638322764,2.16311746283202e-15,2.31945631031025e-14,NTSR1,NTSR1,3.24851179512874,0.253302841780099,FALSE
958.859887086628,3.73559978309992,0.37135797976706,10.0592958455966,8.35940982221047e-24,2.08122956862999e-22,ADAMDEC1,ADAMDEC1,3.73559978309992,0.254708040310549,FALSE
336.654023198388,2.46504631677828,0.233299134438766,10.5660328432349,4.2822843807527e-26,1.29949134986124e-24,PLAAT1,PLAAT1,2.46504631677828,0.254723380884418,FALSE
4581.97726053766,1.08015238625296,0.113038142818396,9.55564519481094,1.22816243535324e-21,2.50113360955882e-20,CASP2,CASP2,1.08015238625296,0.254767425422075,FALSE
2252.44450888077,1.03172518929001,0.190094206469931,5.42744152201823,5.71675880036804e-08,2.44654000409118e-07,CPTP,CPTP,1.03172518929001,0.255481179788189,FALSE
3199.88692664134,1.49975684592618,0.157860822991749,9.50050061505487,2.08883663915796e-21,4.15012992933921e-20,MFSD12,MFSD12,1.49975684592618,0.257209767137017,FALSE
5.60845724759569,1.45122555889634,0.477667259160857,3.03815162346648,0.00238034154249249,0.00487801595818804,NSG2,NSG2,1.45122555889634,0.257270052958013,FALSE
1414.23442955372,2.43987532234358,0.223532450108993,10.9150833409374,9.76397063520464e-28,3.31402893942551e-26,ADAM8,ADAM8,2.43987532234358,0.260402204974014,FALSE
705.565550582416,1.5634102792777,0.206418028569745,7.57400063410377,3.61902646142201e-14,3.35600009853745e-13,SPIRE2,SPIRE2,1.5634102792777,0.261798986572233,FALSE
935.655571963636,1.05000568570473,0.170815717119508,6.14700862081742,7.89578393249449e-10,4.29148039550321e-09,SIRT6,SIRT6,1.05000568570473,0.261835287719567,FALSE
46.0941039695472,1.48430368599479,0.265707704138377,5.58622750818615,2.32055195143362e-08,1.0496239409686e-07,GPR141,GPR141,1.48430368599479,0.26272909333818,FALSE
67.7430950856826,1.61731879410747,0.319377010431831,5.06398000257026,4.10592737725931e-07,1.56681611686457e-06,ZNF732,ZNF732,1.61731879410747,0.263253786553756,FALSE
3252.47592268013,1.56082166702135,0.19831344060607,7.87047848220113,3.53287430154147e-15,3.68808307642297e-14,RGS10,RGS10,1.56082166702135,0.26755516692442,FALSE
608.395780581748,2.90967652138951,0.312552087778762,9.30941316715538,1.28540565384575e-20,2.37973502690321e-19,PANX2,PANX2,2.90967652138951,0.267657501450322,FALSE
5654.21657156621,1.53013132493566,0.145460771692214,10.5192025804271,7.04674357718396e-26,2.11377980237577e-24,TTLL12,TTLL12,1.53013132493566,0.26786080586315,FALSE
2192.31650644503,1.02088347846695,0.162396312983925,6.28637103705677,3.24972731484049e-10,1.86669550277538e-09,MFHAS1,MFHAS1,1.02088347846695,0.268567032466292,FALSE
1375.62190568855,2.13641995312501,0.181274780030643,11.7855332813746,4.63477284327521e-32,2.14209886629106e-30,RPL39L,RPL39L,2.13641995312501,0.271031425442617,FALSE
4180.49322383246,1.7234440127666,0.217170182735171,7.93591454895197,2.08949841128853e-15,2.24606000359003e-14,CDCP1,CDCP1,1.7234440127666,0.272742385105913,FALSE
1639.59753333575,1.43033241964832,0.168755103292311,8.47578764578605,2.33494330029369e-17,3.10060962856625e-16,ABHD17C,ABHD17C,1.43033241964832,0.27851819292522,FALSE
9045.96726938814,1.81056357979098,0.261063302694799,6.93534311832272,4.05236381246589e-12,2.95311622867063e-11,GBP1,GBP1,1.81056357979098,0.279770024689565,FALSE
3226.30887514905,1.71498657574496,0.221623030280913,7.73830487549588,1.00751022302837e-14,9.95178817115599e-14,CHML,CHML,1.71498657574496,0.281453404731893,FALSE
776.794237515678,1.05085965556357,0.226552097341623,4.63849007753371,3.50963781757894e-06,1.16735650109519e-05,PARVG,PARVG,1.05085965556357,0.281497663137087,FALSE
49.4829134933878,1.97965008072802,0.470468215356235,4.20782959637144,2.57835175010639e-05,7.46444858618651e-05,OBP2A,OBP2A,1.97965008072802,0.290636412296326,FALSE
60.6561347389239,9.41268022493438,0.847590768352054,11.1052179617708,1.18328294447245e-28,4.36274915326214e-27,CSAG1,CSAG1,9.41268022493438,0.291659418468754,FALSE
2798.51084960191,6.78887721741042,0.684782324748011,9.91392004737947,3.62151650432091e-23,8.53544943201927e-22,S100A7,S100A7,6.78887721741042,0.295050631835,FALSE
34.8288189011007,2.85277389926509,0.391787805951922,7.28142595539372,3.3030993260901e-13,2.74297196983723e-12,HMSD,HMSD,2.85277389926509,0.301010697894137,FALSE
14.9420028456129,2.81573657168084,0.340481301875405,8.26987137376262,1.34103614781672e-16,1.64039367738801e-15,MIOX,MIOX,2.81573657168084,0.301241407689992,FALSE
3370.25214812915,1.18295108655764,0.187011636165782,6.32554802904872,2.52335401834917e-10,1.47249315415957e-09,THEM6,THEM6,1.18295108655764,0.325704289788518,FALSE
7649.60556863496,1.28490316907484,0.26845685494254,4.78625576295997,1.69921494318045e-06,5.90973127736955e-06,HLA-DQB1,HLA-DQB1,1.28490316907484,0.330186123433473,FALSE
13202.1344759524,3.91668858369234,0.479985539525548,8.16001371117112,3.34986563180211e-16,3.89651706489003e-15,KRT16,KRT16,3.91668858369234,0.334059023348653,FALSE
92.1838782862678,3.07647269130602,0.353086133930302,8.71309404609275,2.95691140410639e-18,4.32535407243778e-17,SLC24A2,SLC24A2,3.07647269130602,0.367066351680426,FALSE
71.620277332976,1.06520586101026,0.209284043177274,5.08976147841321,3.58514184836414e-07,1.37939324813739e-06,LIME1,LIME1,1.06520586101026,0.374305215086556,FALSE
1789.35677223106,1.33479011196877,0.13907981144674,9.59729595606998,8.20691975397365e-22,1.69920394937912e-20,TRMU,TRMU,1.33479011196877,0.390272627357394,FALSE
81.0615684210703,2.30392848753551,0.49010837696142,4.70085514926196,2.59074247045458e-06,8.78647983051517e-06,SH3GL2,SH3GL2,2.30392848753551,0.390325060330163,FALSE
2549.51347130308,3.98887496383056,0.359292911983788,11.1020140692632,1.22648403436903e-28,4.51564397230189e-27,CDKN2A,CDKN2A,3.98887496383056,0.403521931157886,FALSE
469.234159603246,3.90477463395306,0.44710479990192,8.73346614666102,2.46984664909341e-18,3.64561113261143e-17,ELAVL2,ELAVL2,3.90477463395306,0.448019016254603,FALSE
5868.07066777849,1.11088836557885,0.114003106062749,9.74436928909114,1.94985883103596e-22,4.28557927054085e-21,CYRIB,CYRIB,1.11088836557885,0.454879447429005,FALSE
3133.94994220629,1.16571599618558,0.130623282187772,8.92425895798466,4.48692995044452e-19,7.17110993367488e-18,AXIN1,AXIN1,1.16571599618558,0.455199544480842,FALSE
