"category","subcategory","ID","Description","GeneRatio","BgRatio","RichFactor","FoldEnrichment","zScore","pvalue","p.adjust","qvalue","geneID","Count"
"Cellular Processes","Cell growth and death","hsa04110","Cell cycle","68/1492","158/9440",0.430379746835443,2.72304611938779,9.46287577427928,1.96033821124914e-16,6.72396006458456e-14,5.65402810402384e-14,"10926/1870/1663/9319/4171/4175/27127/5933/10403/4998/23594/7042/8318/990/8317/4174/994/1869/4173/898/1021/26271/4172/1871/7272/10459/991/1017/9088/1032/151648/5111/8900/1875/891/9700/57082/90381/51529/890/6502/113130/85417/1029/1111/701/9133/995/80174/993/4085/9232/5885/7534/4176/5347/81620/699/983/157570/27085/9134/2810/9212/11200/3066/7027/5591",68
"Human Diseases","Immune disease","hsa05322","Systemic lupus erythematosus","59/1492","144/9440",0.409722222222222,2.59234435507894,8.34235480239325,2.72065403336003e-13,4.66592166721245e-11,3.92346950074025e-11,"55506/3458/942/941/8970/6628/2209/3017/8365/3020/3015/717/6632/733/3119/8347/653604/8338/8349/8340/3014/3117/8329/8969/8364/8356/8363/85236/2214/8337/440689/3120/7124/8341/3118/3112/8370/723790/8362/8339/8355/8344/8348/8353/85235/8345/8350/8294/8331/8332/8367/3012/8360/8343/8968/8336/8357/8358/8352",59
"Human Diseases","Substance dependence","hsa05034","Alcoholism","65/1492","191/9440",0.340314136125654,2.15319399800682,6.97573771064128,2.88332256190664e-10,3.29659879577992e-08,2.77203642793831e-08,"6570/2778/55506/2906/59345/116444/8970/51764/2792/1644/6531/814/3017/8365/2905/2785/3020/3015/94235/2786/5499/2787/3177/51806/7054/8347/653604/8338/8349/8340/399694/3014/3066/8329/8969/8364/8356/8363/85236/8337/440689/8341/8370/723790/8362/8339/8355/8344/8348/8353/85235/8345/8350/8294/8331/8332/8367/3012/8360/8343/8968/8336/8357/8358/8352",65
"Genetic Information Processing","Replication and repair","hsa03030","DNA replication","22/1492","36/9440",0.611111111111111,3.86654751266011,7.46573482351759,8.21458622725379e-10,7.04400768987012e-08,5.92314901649352e-08,"23649/5982/5424/4171/4175/4174/5427/4173/10535/3978/6742/5425/5985/4172/5111/5983/1763/5558/5984/4176/2237/5426",22
"Organismal Systems","Immune system","hsa04613","Neutrophil extracellular trap formation","63/1492","196/9440",0.321428571428571,2.0337035618537,6.33596187598038,7.14172468186705e-09,4.8992231317608e-07,4.11964750069805e-07,"292/1535/55506/366/10105/8970/5880/27180/5331/2209/3017/8365/653361/3689/3020/3015/820/1184/64581/8347/653604/8338/8349/8340/2359/6300/3014/3066/8329/8969/8364/6714/8356/8363/1379/85236/2214/8337/440689/8341/8370/723790/8362/8339/8355/8344/8348/8353/85235/8345/8350/8294/8331/8332/8367/3012/8360/8343/8968/8336/8357/8358/8352",63
"Human Diseases","Endocrine and metabolic disease","hsa04940","Type I diabetes mellitus","22/1492","44/9440",0.5,3.16353887399464,6.23215164719428,1.25729788483607e-07,7.18755290831286e-06,6.04385299026461e-06,"5798/3002/3458/3593/942/3552/356/941/2571/3329/3119/3117/3107/3135/3134/3105/4049/3120/7124/3106/3118/3112",22
"Environmental Information Processing","Signaling molecules and interaction","hsa04514","Cell adhesion molecules","50/1492","160/9440",0.3125,1.97721179624665,5.40123632122289,6.66958835698283e-07,3.26809829492159e-05,2.74807099220045e-05,"933/923/1462/1001/5817/3383/80381/10686/942/6382/914/29126/941/1013/9071/3695/1525/50848/4359/23562/23308/3689/9076/1493/29851/1365/26050/1000/926/26047/3119/201633/1366/23705/9074/5133/6402/1364/3117/3897/3107/3135/3134/3105/9080/3120/3106/3118/3112/137075",50
"Human Diseases","Cancer: overview","hsa05203","Viral carcinogenesis","59/1492","205/9440",0.28780487804878,1.82096383966521,5.14874027369305,1.5009525023283e-06,6.4353338537326e-05,5.41132875839415e-05,"578/5315/4791/5933/581/5902/898/3718/3249/1021/4055/1108/991/1017/8970/7186/8900/5366/890/6502/245972/1029/1111/3017/8365/1234/7534/983/9134/1237/8347/23513/1232/1233/8349/8340/3665/3066/8364/6714/8363/85236/440689/3107/3135/3134/3105/8341/3106/8370/8362/8339/8344/8348/8345/8294/8367/8360/8343",59
"Human Diseases","Infectious disease: viral","hsa05169","Epstein-Barr virus infection","58/1492","205/9440",0.282926829268293,1.79010004577258,4.95517552584891,3.33990622354543e-06,0.000127287537186231,0.000107033252076193,"1870/5704/864/578/4791/581/4938/3383/1869/4793/5971/898/3718/1021/4940/4939/1871/10213/6772/1380/1017/7186/7979/11047/8900/890/6502/4794/8819/915/8772/6890/3627/54205/5708/9134/930/811/3119/3654/3665/9636/6300/3066/3117/916/6891/3107/3135/3134/3105/6892/3120/7124/3106/3118/3112/9641",58
NA,NA,"hsa04382","Cornified envelope formation","59/1492","217/9440",0.271889400921659,1.72026537848556,4.65055492277115,1.07340197387268e-05,0.00036817687703833,0.000309591727201174,"5652/5522/5317/7051/3881/1832/9333/79852/23581/25984/10686/11240/6785/1830/1828/9071/3855/51702/29943/6279/6278/6768/23562/6271/6282/3713/6280/9076/84283/1365/144501/2125/6699/3892/9119/286887/3851/3889/3880/3857/3849/242/285848/1366/338324/9074/3854/338785/3868/6274/140576/1364/57402/6276/6273/3853/3887/9080/137075",59
"Human Diseases","Immune disease","hsa05323","Rheumatoid arthritis","32/1492","95/9440",0.336842105263158,2.13122618879639,4.80109252935385,1.22728670250317e-05,0.000382690308144169,0.000321795747833366,"3383/7042/3589/10673/10312/51561/3458/7422/942/3552/6364/533/941/9296/245973/245972/4314/3606/3689/1493/6374/2919/3576/3119/4312/3117/4050/3120/7124/3118/3112/6352",32
"Human Diseases","Infectious disease: viral","hsa05166","Human T-cell leukemia virus 1 infection","60/1492","224/9440",0.267857142857143,1.69475296821141,4.55933666910839,1.49299139834632e-05,0.000426746708027323,0.000358841792234115,"292/1870/6688/6929/4791/108/581/3383/7042/5902/706/3560/1869/5971/898/3718/4055/1871/7850/6513/991/1017/2002/5901/8900/3559/9700/4316/51529/890/3561/1029/1111/701/9133/115650/3689/2224/4085/7015/9232/915/9134/8061/811/3119/3932/11200/3117/916/3107/3135/3134/3105/4049/3120/7124/3106/3118/3112",60
"Human Diseases","Immune disease","hsa05330","Allograft rejection","17/1492","39/9440",0.435897435897436,2.75795696707225,4.76619703731598,3.42062893062604e-05,0.000902519787080564,0.000758908766794766,"3002/3458/3593/942/356/941/3119/3117/3107/3135/3134/3105/3120/7124/3106/3118/3112",17
"Environmental Information Processing","Signaling molecules and interaction","hsa04060","Cytokine-cytokine receptor interaction","73/1492","298/9440",0.24496644295302,1.54992173021214,4.17933207637392,5.22035879934264e-05,0.00127898790583895,0.00107547241430066,"51330/9235/3604/84957/3595/7042/3589/3594/5008/3560/655/10673/6361/50615/268/9466/6354/51561/4055/3458/3593/3552/6364/7850/656/356/7292/7852/3624/3623/3581/27189/1236/2056/6370/3559/26525/59067/4283/939/29949/3561/3606/10563/115650/643/1234/58191/11009/6374/2919/133396/285613/3627/6373/3576/6356/10663/6363/1237/282618/1232/353500/1233/2833/7293/8784/284340/246778/4049/4050/7124/6352",73
"Genetic Information Processing","Replication and repair","hsa03430","Mismatch repair","12/1492","23/9440",0.521739130434783,3.30108404242919,4.78694666689565,5.70771436763698e-05,0.00130516401873299,0.00109748332402283,"5982/5424/4436/3978/6742/5425/5985/2956/5111/5983/5984/9156",12
"Human Diseases","Immune disease","hsa05332","Graft-versus-host disease","18/1492","45/9440",0.4,2.53083109919571,4.45967916872941,8.05901160833416e-05,0.00172765061353664,0.00145274288202866,"3002/3458/942/3552/356/941/3119/3117/3107/3135/3134/3105/3120/7124/3106/3118/3812/3112",18
"Organismal Systems","Immune system","hsa04657","IL-17 signaling pathway","30/1492","95/9440",0.315789473684211,1.99802455199661,4.2357649320344,8.97046425595862e-05,0.00174212480587971,0.00146491390766009,"9618/4318/6361/6354/3458/6364/727897/27189/7186/4322/5596/6279/6278/3934/4314/6280/6374/2919/8772/3627/3576/6356/8061/225689/338324/6300/4312/4586/7124/9641",30
"Human Diseases","Immune disease","hsa05340","Primary immunodeficiency","16/1492","38/9440",0.421052631578947,2.66403273599548,4.45309557229025,9.6537592768836e-05,0.00174212480587971,0.00146491390766009,"973/3718/57379/7535/5993/3561/115650/29851/915/6890/926/930/3932/916/6891/84876",16
"Environmental Information Processing","Signaling molecules and interaction","hsa04061","Viral protein interaction with cytokine and cytokine receptor","31/1492","100/9440",0.31,1.96139410187668,4.1874196885699,0.000101581621334094,0.00174212480587971,0.00146491390766009,"3560/6361/6354/4055/6364/7852/1236/6370/3559/4283/29949/3561/3606/10563/643/1234/11009/6374/2919/3627/6373/3576/6356/6363/1237/1232/1233/2833/4049/7124/6352",31
"Organismal Systems","Immune system","hsa04640","Hematopoietic cell lineage","31/1492","100/9440",0.31,1.96139410187668,4.1874196885699,0.000101581621334094,0.00174212480587971,0.00146491390766009,"952/933/7037/3589/951/921/3552/7850/914/1380/3581/2056/3559/2209/931/909/910/913/915/926/924/930/3119/3117/1379/916/3120/7124/3118/3112/100133941",31
NA,NA,"hsa04082","Neuroactive ligand signaling","52/1492","199/9440",0.261306532663317,1.6533067482183,4.03554944360484,0.000109465924012831,0.00178794342554291,0.00150344176338425,"2556/6570/1815/108/1136/4986/5026/2778/2568/11255/63910/6530/6511/2906/6539/2916/59345/5443/116444/4985/1143/2914/51764/2792/6538/1131/9568/6531/8973/5331/3362/2905/2785/134/2912/2898/3359/94235/5368/2786/1128/5031/2787/246213/3352/2918/2567/2558/2563/22953/6536/55879",52
"Genetic Information Processing","Replication and repair","hsa03460","Fanconi anemia pathway","20/1492","55/9440",0.363636363636364,2.30075554472337,4.19158586841124,0.000158506531373032,0.00247126092095227,0.00207802821034501,"672/5888/29089/91442/83990/675/55215/2177/146956/2176/7398/201254/378708/116028/80010/2187/80233/2175/641/2189",20
"Human Diseases","Cancer: overview","hsa05202","Transcriptional misregulation in cancer","51/1492","201/9440",0.253731343283582,1.60537793605698,3.75863894107301,0.000277633894583525,0.004140366340963,0.00348154174443413,"3207/8842/5081/51513/578/6688/6929/581/1053/3560/3002/51804/4318/3195/7468/942/7850/5328/860/64919/8900/4221/4613/3695/597/5546/890/8091/4314/2209/85414/3020/6692/3576/79058/171558/9915/2118/4291/653604/7490/5079/3066/8356/8355/8353/8350/8968/8357/8358/8352",51
"Human Diseases","Infectious disease: viral","hsa05170","Human immunodeficiency virus 1 infection","53/1492","214/9440",0.247663551401869,1.56698654506276,3.63489098104582,0.000403453534279646,0.00576602342741327,0.00484852054353609,"578/581/3710/164668/6923/1174/3984/59345/356/7852/7186/51764/2792/5880/200315/10053/10298/891/85417/5058/1111/130340/6921/9133/995/1234/2785/115004/915/94235/8772/2786/6890/5881/983/54205/1072/2787/6199/51806/811/9582/3654/6300/916/6891/3107/3135/3134/3105/6892/7124/3106",53
"Cellular Processes","Transport and catabolism","hsa04145","Phagosome","41/1492","159/9440",0.257861635220126,1.63151061426139,3.4793675254312,0.00075021283223642,0.0102929200582837,0.00865508699085385,"1535/29927/55176/7037/11151/10382/1311/10312/533/10376/7277/9296/23480/245973/245972/2209/653361/3689/84790/6890/64581/260334/4973/10333/79861/811/3119/203068/3117/2214/6891/3107/3135/3134/3105/3120/3106/3118/3112/10381/347688",41
"Cellular Processes","Cell motility","hsa04814","Motor proteins","48/1492","197/9440",0.243654822335025,1.54162300458622,3.32845135377341,0.00108343383599974,0.0142929925287659,0.0120186587475275,"140469/3835/3797/24137/4625/53904/10382/7138/8701/10112/9928/7139/81930/10376/1769/7277/7137/547/7136/7283/92558/64005/9493/3832/9585/1062/55605/11004/7170/58/4651/55567/55083/56992/84790/90990/260334/64837/79861/127602/146909/347240/8632/203068/3833/10381/347688/80179",48
"Organismal Systems","Immune system","hsa04062","Chemokine signaling pathway","47/1492","193/9440",0.243523316062176,1.54079095417355,3.28871409479551,0.001229330541071,0.0156170509476798,0.0131320299514017,"5590/108/3055/6361/4793/3718/6354/59345/6364/6772/7852/1236/51764/2792/5880/6370/4283/5058/5331/10563/653361/7410/643/1234/58191/2785/6374/2919/94235/2786/3627/6373/3576/5881/6356/10663/6363/2787/1237/1232/1233/399694/6011/2833/6714/2870/6352",47
"Organismal Systems","Digestive system","hsa04974","Protein digestion and absorption","29/1492","105/9440",0.276190476190476,1.74747861611132,3.33698870492371,0.00137728578158201,0.0168717508243796,0.0141870791035139,"5646/1298/1301/1310/6564/1299/3783/478/1277/1297/117247/4224/6543/1300/1289/1280/136227/8645/6520/1281/169044/255631/256076/85301/1305/1302/1290/5644/5645",29
"Organismal Systems","Immune system","hsa04612","Antigen processing and presentation","24/1492","82/9440",0.292682926829268,1.85182763355784,3.35649191782722,0.00146689744658051,0.0173498560061074,0.0145891070912181,"4800/5721/3458/5993/6890/926/3310/811/3119/3805/3117/6891/3107/3135/3134/3105/10437/6892/3120/7124/3106/3118/3812/3112",24
"Human Diseases","Infectious disease: parasitic","hsa05140","Leishmaniasis","23/1492","79/9440",0.291139240506329,1.84206061017409,3.25622383446185,0.00196987915909681,0.0225222850523402,0.0189384873541237,"1535/7042/1917/4793/3458/3593/3552/6772/2002/2209/653361/3689/65108/3119/3654/6300/3117/1379/2214/3120/7124/3118/3112",23
"Cellular Processes","Cell growth and death","hsa04218","Cellular senescence","39/1492","157/9440",0.248407643312102,1.57169447243046,3.12959485779369,0.00210187730154504,0.0226435458827526,0.0190404528828424,"292/1870/5933/7042/3710/4605/1869/898/1021/59341/2305/1871/3552/1017/8900/1875/891/2626/890/85417/1029/1111/9133/993/3576/983/5499/9134/51806/11200/286826/1978/6300/3805/3107/3135/3134/3105/3106",39
"Metabolism","Global and overview maps","hsa01230","Biosynthesis of amino acids","22/1492","75/9440",0.293333333333333,1.85594280607685,3.22433355130413,0.00220098844482412,0.0226435458827526,0.0190404528828424,"5832/586/5214/5315/2023/26227/5634/5230/65263/2597/7167/2026/2805/29968/10993/5723/4143/875/5053/3418/6472/5831",22
"Organismal Systems","Nervous system","hsa04727","GABAergic synapse","25/1492","89/9440",0.280898876404494,1.77726903033407,3.19194804779113,0.00222199256221853,0.0226435458827526,0.0190404528828424,"2556/92745/108/2568/6539/59345/57468/51764/2792/2571/6538/9568/773/774/3763/2785/94235/2786/2787/2567/2558/2563/10991/6714/55879",25
"Human Diseases","Immune disease","hsa05321","Inflammatory bowel disease","20/1492","66/9440",0.303030303030303,1.91729628726948,3.23994474954925,0.00224454973764894,0.0226435458827526,0.0190404528828424,"50943/3595/7042/3594/50615/51561/3458/3593/3552/6772/59067/3561/3606/64127/3119/3117/3120/7124/3118/3112",20
"Genetic Information Processing","Replication and repair","hsa03440","Homologous recombination","14/1492","41/9440",0.341463414634146,2.16046557248414,3.22627839398414,0.00297510519029189,0.0291560308648605,0.0245166563049617,"672/5888/5424/8438/6742/5425/7979/83990/580/675/146956/7516/25788/641",14
"Organismal Systems","Immune system","hsa04672","Intestinal immune network for IgA production","16/1492","50/9440",0.32,2.02466487935657,3.14740428927687,0.00327670404693525,0.0312197080027442,0.0262519563994227,"10673/4055/57379/942/941/7852/6370/3695/115650/23308/29851/3119/3117/3120/3118/3112",16
"Genetic Information Processing","Folding, sorting and degradation","hsa03050","Proteasome","15/1492","46/9440",0.326086956521739,2.06317752651824,3.1316837673966,0.00355494334087769,0.0321689800678598,0.0270501781144502,"5704/23198/5721/5688/3458/10213/5690/7979/11047/5686/5692/5708/5696/5698/5691",15
"Human Diseases","Infectious disease: bacterial","hsa05152","Tuberculosis","43/1492","182/9440",0.236263736263736,1.49485902837109,2.92063361391437,0.00356391032821771,0.0321689800678598,0.0270501781144502,"4800/815/581/7042/11151/8767/10312/51561/1594/3458/3593/3552/6772/533/1509/3687/5993/3329/245972/2209/3606/3689/820/26253/64127/8772/54205/64581/10333/8877/51806/3119/3654/64170/6300/3117/6714/1379/2214/3120/7124/3118/3112",43
"Human Diseases","Infectious disease: bacterial","hsa05130","Pathogenic Escherichia coli infection","46/1492","203/9440",0.226600985221675,1.43372205126851,2.70652800772476,0.00609200099515297,0.0524522358643251,0.0441059156876633,"55971/578/10061/9170/581/7430/29108/4793/10382/2597/10686/356/10376/7186/7277/10095/57180/9071/64005/81873/375/4651/5058/3606/23562/10092/9076/1365/84790/8772/3576/54205/260334/79861/1366/3654/9074/6300/1364/203068/6714/9080/7124/137075/10381/347688",46
"Genetic Information Processing","Replication and repair","hsa03410","Base excision repair","14/1492","44/9440",0.318181818181818,2.01316110163295,2.91844704262551,0.00611687881799709,0.0524522358643251,0.0441059156876633,"5982/5424/4913/5427/3978/5425/55247/5985/5111/5983/142/5984/2237/5426",14
"Human Diseases","Infectious disease: viral","hsa05168","Herpes simplex virus 1 infection","42/1492","183/9440",0.229508196721311,1.45211620445656,2.6758327288521,0.00676749522390586,0.0566158746780417,0.0476070267355637,"578/29992/581/4938/6732/4940/4939/3458/3593/64135/6772/356/7186/25833/115004/8772/6890/54205/5499/811/3119/10189/3654/3665/64170/1978/3117/6714/6891/3107/3135/3134/3105/4049/6892/3120/7124/3106/3118/3112/9641/6352",42
"Human Diseases","Infectious disease: viral","hsa05164","Influenza A","40/1492","173/9440",0.23121387283237,1.46290814982411,2.66235995496668,0.00710484415626645,0.0580228939428427,0.0487901578650879,"292/5646/578/581/4938/3383/29108/4793/1021/4940/4939/3458/3593/3552/64135/6772/356/91543/56649/3606/4599/2224/8772/3627/3576/54205/3119/3838/402569/3665/642843/3117/5644/3120/7124/3118/3112/9641/6352/5645",40
"Human Diseases","Immune disease","hsa05320","Autoimmune thyroid disease","16/1492","54/9440",0.296296296296296,1.87468970310793,2.79273092643793,0.0075532476138444,0.060250323989503,0.0506631541295806,"7038/3002/942/356/941/1493/3119/3117/3107/3135/3134/3105/3120/3106/3118/3112",16
"Metabolism","Glycan biosynthesis and metabolism","hsa00601","Glycosphingolipid biosynthesis - lacto and neolacto series","10/1492","28/9440",0.357142857142857,2.25967062428188,2.89210151840223,0.00805728223512795,0.0628101774238384,0.052815677809212,"6484/2651/8704/8703/124872/2525/79369/2524/10331/2529",10
"Human Diseases","Substance dependence","hsa05033","Nicotine addiction","13/1492","41/9440",0.317073170731707,2.00614660302099,2.79724717688815,0.00837895097828374,0.0638662263455849,0.0537036858023332,"2556/2568/2906/116444/773/8973/774/2905/246213/2567/2558/2563/55879",13
"Organismal Systems","Immune system","hsa04658","Th1 and Th2 cell differentiation","24/1492","93/9440",0.258064516129032,1.63279425754562,2.65696820698309,0.00860107385575487,0.0641340941853026,0.0539289298964951,"864/5588/3595/10683/3594/3560/4793/3718/3458/3593/7535/6772/3559/4794/3561/915/3119/3932/6300/3117/916/3120/3118/3112",24
"Metabolism","Amino acid metabolism","hsa00380","Tryptophan metabolism","13/1492","42/9440",0.30952380952381,1.95838120771097,2.69689283566618,0.0104201804646622,0.0752771438787494,0.0632988719434627,"26/259307/51166/8942/8564/39/15/3620/1644/1545/6999/55526/169355",13
"Human Diseases","Cardiovascular disease","hsa05416","Viral myocarditis","19/1492","70/9440",0.271428571428571,1.71734967445423,2.60992847400128,0.0105344108051894,0.0752771438787494,0.0632988719434627,"3383/4625/942/941/5880/1525/3689/5881/54205/3119/3117/3107/3135/3134/3105/3120/3106/3118/3112",19
"Metabolism","Amino acid metabolism","hsa00270","Cysteine and methionine metabolism","15/1492","52/9440",0.288461538461538,1.82511858115075,2.5849370658526,0.0123506021196529,0.0864542148375705,0.0726974217139614,"586/1789/26227/191/6611/259307/6723/1788/2805/1786/29968/10993/4143/875/3948",15
"Human Diseases","Substance dependence","hsa05032","Morphine addiction","23/1492","91/9440",0.252747252747253,1.59915151872256,2.4882456652623,0.0128628610735971,0.0882392269648762,0.0741983986140128,"2556/108/2778/2568/59345/51764/2792/9568/773/774/3763/2785/3765/134/94235/2786/2787/2567/2558/2563/2870/5150/55879",23
"Metabolism","Glycan biosynthesis and metabolism","hsa00533","Glycosaminoglycan biosynthesis - keratan sulfate","6/1492","14/9440",0.428571428571429,2.71160474913826,2.7766571510406,0.0147599456544678,0.0992678697937734,0.083472138479343,"8704/10164/93010/8703/8534/4166",6
"Genetic Information Processing","Translation","hsa03013","Nucleocytoplasmic transport","26/1492","108/9440",0.240740740740741,1.5231853837752,2.36918290709011,0.0161087640866982,0.106255886187259,0.0893482056630631,"84321/55706/81929/5905/1917/9688/55110/9631/1434/57510/65109/79228/23225/5901/9775/91181/23165/6396/4116/387082/3838/10189/402569/64901/10921/23636",26
"Organismal Systems","Immune system","hsa04659","Th17 cell differentiation","26/1492","109/9440",0.238532110091743,1.5092112059424,2.31667750686926,0.0180716140949698,0.116954030841031,0.0983440369815635,"50943/5588/3594/3560/50615/4793/9466/3718/51561/3458/7535/6772/3559/59067/4794/3561/915/3119/3932/6300/3117/246778/916/3120/3118/3112",26
"Human Diseases","Infectious disease: viral","hsa05165","Human papillomavirus infection","67/1492","333/9440",0.201201201201201,1.27301564298883,2.1975585525615,0.0191696980482928,0.12176308204749,0.102387860920706,"3381/578/3371/1298/5315/5590/54626/3993/5522/5933/581/2778/1299/1869/8312/898/1311/1021/7472/1277/10312/1108/1297/7422/2335/6772/7475/7143/533/356/6696/1017/3659/9296/92359/7283/8900/8638/80326/1280/3695/245973/55502/890/245972/4599/7015/8772/256076/9134/6199/84667/2535/23513/9636/1978/7477/57801/8326/3066/3107/3135/3134/3105/7124/3106/9641",67
"Metabolism","Amino acid metabolism","hsa00330","Arginine and proline metabolism","14/1492","50/9440",0.28,1.771581769437,2.37002342871241,0.0199430505991966,0.124372115554989,0.104581739027366,"26/5832/54498/6611/65263/1158/6723/79814/2805/5033/283208/5831/548596/1159",14
"Human Diseases","Cancer: specific types","hsa05219","Bladder cancer","12/1492","41/9440",0.292682926829268,1.85182763355784,2.36821595979216,0.021342137425899,0.130424406645617,0.109670975666408,"1870/1890/2261/4318/1869/1871/7422/1029/3576/4312/1612/6714",12
"Cellular Processes","Cell growth and death","hsa04115","p53 signaling pathway","19/1492","75/9440",0.253333333333333,1.60285969615728,2.27097036302961,0.0218952314757953,0.130424406645617,0.109670975666408,"51512/581/898/1021/55240/1017/891/5366/1029/1111/9133/983/6241/54205/9134/2810/56475/11200/5268",19
"Organismal Systems","Nervous system","hsa04724","Glutamatergic synapse","27/1492","116/9440",0.232758620689655,1.47268188961819,2.21929635876861,0.0220542728438653,0.130424406645617,0.109670975666408,"9454/108/2778/3710/6511/2906/2916/59345/116444/2914/51764/2792/773/5331/283748/2905/2785/2912/2898/94235/2786/9229/2787/246213/2918/123745/10991",27
"Environmental Information Processing","Signaling molecules and interaction","hsa04080","Neuroactive ligand-receptor interaction","73/1492","370/9440",0.197297297297297,1.24831533946815,2.11115073330047,0.0229843418261859,0.133620834684437,0.112358780738179,"5646/2556/10911/9170/51083/1815/6343/27334/1136/4986/5026/2568/706/11255/4923/2906/27346/10874/887/2916/5443/84634/116444/4985/1143/2914/57152/1907/79924/7425/1131/9568/1134/90226/3001/8973/64106/3362/79957/2905/134/2912/2898/5368/1128/1138/3814/59350/23566/5031/55584/165829/797/3352/2918/53637/2567/51289/283869/2558/84109/2359/2563/22953/347148/1269/5644/2642/4157/55879/5645/6753/2831",73
"Human Diseases","Infectious disease: parasitic","hsa05143","African trypanosomiasis","11/1492","37/9440",0.297297297297297,1.88102311426708,2.32634125226345,0.0240496471252746,0.135506628753961,0.113944502926455,"3383/3458/3593/356/335/3620/5331/3606/7064/169355/7124",11
"Human Diseases","Infectious disease: bacterial","hsa05134","Legionellosis","15/1492","56/9440",0.267857142857143,1.69475296821141,2.25916993718051,0.0242878033780509,0.135506628753961,0.113944502926455,"4791/1917/29108/3593/375/3329/3606/3689/2919/3576/54205/3310/3297/1379/7124",15
"Genetic Information Processing","Chromosome","hsa03082","ATP-dependent chromatin remodeling","27/1492","117/9440",0.230769230769231,1.4600948649206,2.16960638519046,0.0244939095706869,0.135506628753961,0.113944502926455,"8193/55506/6598/55257/54108/29844/8099/1108/6597/86/6944/3015/54815/8607/10856/8338/3014/3066/8329/8969/8337/723790/85235/8331/8332/3012/8336",27
"Human Diseases","Infectious disease: viral","hsa05163","Human cytomegalovirus infection","47/1492","227/9440",0.20704845814978,1.31001169231496,2.04837252646838,0.0282291182538742,0.153691866048871,0.129236063518154,"1870/578/108/581/2778/3710/1869/1021/1871/7422/59345/356/7852/2002/7186/51764/2792/5880/1029/5331/1234/2785/115004/94235/8772/2786/6890/3576/5881/54205/2787/6199/51806/811/1232/1978/6300/6714/6891/3107/3135/3134/3105/6892/7124/3106/6352",47
"Human Diseases","Infectious disease: viral","hsa05160","Hepatitis C","34/1492","159/9440",0.213836477987421,1.35296002158261,1.94466665980966,0.0369939445128114,0.198264421373349,0.166716131521551,"1870/578/5522/581/4938/1869/1021/4940/4939/3458/1871/10686/6772/356/1017/7186/91543/9071/4599/23562/9076/7534/1365/8772/3627/54205/1366/9074/3665/1364/9080/7124/137075/9641",34
"Human Diseases","Endocrine and metabolic disease","hsa04950","Maturity onset diabetes of the young","8/1492","26/9440",0.307692307692308,1.94679315322747,2.09446525876968,0.0420513768038336,0.221901880672537,0.186592344036444,"5080/4821/3110/4825/3174/3171/168620/389692",8
"Cellular Processes","Cell growth and death","hsa04114","Oocyte meiosis","30/1492","139/9440",0.215827338129496,1.36555634848689,1.88111516189177,0.0428900767915805,0.222898429386547,0.187430319631468,"815/27127/108/6790/3710/898/26271/10459/991/6195/1017/9088/151648/891/9700/51529/286151/9133/995/4085/9232/7534/5347/699/983/5499/9134/51806/6300/387778",30
"Organismal Systems","Digestive system","hsa04970","Salivary secretion","22/1492","97/9440",0.22680412371134,1.43500732428623,1.86576841772771,0.046910399541051,0.2401532394415,0.201939504701461,"952/492/108/2778/4069/3710/1472/3783/478/727897/1131/5331/491/362/820/55503/4025/1470/1469/51806/1755/4586",22
"Human Diseases","Infectious disease: viral","hsa05167","Kaposi sarcoma-associated herpesvirus infection","40/1492","196/9440",0.204081632653061,1.29124035673251,1.78512280028812,0.0492851631448966,0.248302965769705,0.208792427868342,"1870/578/581/3383/3710/3055/1869/1021/1871/7422/942/59345/6772/7186/51764/2792/51176/1234/2785/2919/94235/8772/2786/3576/54205/2787/51806/1237/1232/1233/3665/6300/6714/4277/3107/3135/3134/3105/3106/9641",40
"Human Diseases","Infectious disease: bacterial","hsa05110","Vibrio cholerae infection","13/1492","51/9440",0.254901960784314,1.61278452399727,1.90108564480553,0.0499501592947803,0.248302965769705,0.208792427868342,"29927/55176/2778/11015/10312/533/9296/23480/375/245973/245972/9601/30001",13
"Genetic Information Processing","Replication and repair","hsa03420","Nucleotide excision repair","15/1492","63/9440",0.238095238095238,1.50644708285459,1.74739410421186,0.0631088728655687,0.309233477041286,0.260027536318283,"5439/5982/5424/5435/5427/5438/3978/5425/5985/5111/5983/5437/5984/548644/5426",15
"Organismal Systems","Nervous system","hsa04721","Synaptic vesicle cycle","18/1492","79/9440",0.227848101265823,1.44161265144059,1.70770325062878,0.0650537032020347,0.314273523919689,0.264265599367791,"6570/1175/6530/6511/6804/10312/6539/533/9296/23025/6538/773/6531/245973/245972/774/246213/6536",18
"Human Diseases","Infectious disease: viral","hsa05162","Measles","29/1492","139/9440",0.20863309352518,1.32003780353733,1.6468814373065,0.0667385860316424,0.317935208456296,0.26734462825541,"578/581/4938/3560/4793/898/3718/1021/4940/4939/3593/3552/64135/6772/356/1017/3559/3561/4599/915/8772/54205/3310/9134/3654/3665/916/1460/9641",29
"Human Diseases","Substance dependence","hsa05030","Cocaine addiction","12/1492","49/9440",0.244897959183673,1.54948842807901,1.67077953091982,0.0756090418723513,0.351015600048212,0.295161192000031,"6570/2778/2906/116444/1644/6531/26086/2905/2912/1020/8851/7054",12
"Genetic Information Processing","Transcription","hsa03020","RNA polymerase","9/1492","34/9440",0.264705882352941,1.67481469799716,1.70781168222788,0.0766841012964108,0.351015600048212,0.295161192000031,"5439/5435/5438/10622/10849/51728/5437/548644/9533",9
"Organismal Systems","Sensory system","hsa04742","Taste transduction","19/1492","86/9440",0.22093023255814,1.3978427582767,1.6057594090281,0.0767526822262853,0.351015600048212,0.295161192000031,"2556/29850/3710/9033/2914/51764/1131/9568/10021/773/5331/8645/3359/6340/6338/83756/3352/2558/22953",19
"Human Diseases","Infectious disease: parasitic","hsa05146","Amoebiasis","22/1492","103/9440",0.213592233009709,1.35141466461907,1.55365035673657,0.081828214912207,0.368383179213081,0.309765202100305,"6317/2769/2778/7042/1277/3458/3593/2335/7850/5052/5331/909/910/913/3689/2919/1281/3576/733/4583/6318/7124",22
"Metabolism","Lipid metabolism","hsa00100","Steroid biosynthesis","6/1492","20/9440",0.3,1.89812332439678,1.74198333950667,0.082698264721304,0.368383179213081,0.309765202100305,"6713/1594/51478/10682/1056/1717",6
"Cellular Processes","Cell growth and death","hsa04217","Necroptosis","32/1492","159/9440",0.20125786163522,1.27337413796011,1.50618069820351,0.0842364066776601,0.370424198595352,0.311481449793237,"292/815/581/55506/29108/3718/3458/3552/6772/356/81030/7186/142/283748/3015/92421/8772/81858/8338/123745/3014/8329/8969/8337/7124/192111/723790/85235/8331/8332/3012/8336",32
"Organismal Systems","Nervous system","hsa04725","Cholinergic synapse","24/1492","116/9440",0.206896551724138,1.30905056854951,1.45102830576246,0.0958551283889531,0.416181127055835,0.349957430760469,"815/3785/108/1136/3710/59345/9132/1143/51764/2792/1131/773/8973/774/5331/814/3763/2785/94235/2786/1128/2787/3786/56479",24
"Organismal Systems","Digestive system","hsa04977","Vitamin digestion and absorption","7/1492","26/9440",0.269230769230769,1.70344400907404,1.55613613540914,0.103653515381685,0.442836206715498,0.372371092957025,"113278/5948/335/8884/158835/81693/6573",7
"Organismal Systems","Immune system","hsa04650","Natural killer cell mediated cytotoxicity","27/1492","134/9440",0.201492537313433,1.27485894922172,1.38835085589051,0.104576480303077,0.442836206715498,0.372371092957025,"7462/3383/3002/3458/80329/7535/356/5880/80328/79465/5058/154064/3689/7410/5881/3932/4068/399694/3805/2214/4277/3107/3135/3105/7124/3106/3812",27
"Metabolism","Global and overview maps","hsa01232","Nucleotide metabolism","18/1492","85/9440",0.211764705882353,1.33985175839773,1.36362691180573,0.114633260922288,0.479502542638349,0.403202997338983,"1890/3704/129607/7371/2987/284958/7498/8833/3251/7083/1841/1503/6241/7298/79077/7378/4860/4830",18
"Metabolism","Nucleotide metabolism","hsa00240","Pyrimidine metabolism","13/1492","58/9440",0.224137931034483,1.41813811592863,1.38389938365991,0.116934244613224,0.48323428797995,0.406340938795477,"1890/790/129607/7371/284958/7083/1841/1503/6241/7298/79077/7378/4830",13
"Metabolism","Carbohydrate metabolism","hsa00052","Galactose metabolism","8/1492","32/9440",0.25,1.58176943699732,1.42822197917153,0.120618817608015,0.492526838566062,0.414154837400955,"5214/2584/3938/2582/8704/80201/3101/3906",8
NA,NA,"hsa03272","Virion - Hepatitis viruses","11/1492","48/9440",0.229166666666667,1.44995531724754,1.35403359719863,0.125880184701712,0.507963568855142,0.427135239730885,"10686/4072/9071/23562/9076/1365/1366/9074/1364/9080/137075",11
"Metabolism","Glycan biosynthesis and metabolism","hsa00513","Various types of N-glycan biosynthesis","10/1492","43/9440",0.232558139534884,1.47141342976495,1.34233229958056,0.130300568564844,0.515633348006316,0.43358458601728,"8704/6185/746/283358/8703/11282/6184/4247/338707/10195",10
"Human Diseases","Neurodegenerative disease","hsa05012","Parkinson disease","50/1492","271/9440",0.18450184501845,1.1673575180792,1.21112051624444,0.13078746727857,0.515633348006316,0.43358458601728,"292/5704/6570/815/581/2778/3710/5688/10382/10105/7922/10213/10376/5690/7277/7979/11047/7295/4704/6531/5686/27173/4726/4715/55630/221074/7345/9246/516/5692/1345/509/29986/84790/2861/54205/260334/7388/64837/5708/51806/79861/1537/7054/56901/203068/440567/10381/347688/5691",50
"Human Diseases","Neurodegenerative disease","hsa05020","Prion disease","51/1492","278/9440",0.183453237410072,1.16072289621386,1.178483426923,0.137355340824485,0.535373657986344,0.450183772558718,"292/5704/1535/581/3710/5688/10382/2906/10105/3552/10213/116444/10376/5690/7277/7979/5880/11047/4704/5686/4726/4715/774/653361/516/5692/2905/1345/509/84790/10963/54205/3310/260334/7388/64837/5708/733/79861/1537/56901/6300/6261/203068/1460/7124/440567/10381/347688/6352/5691",51
"Environmental Information Processing","Signal transduction","hsa04066","HIF-1 signaling pathway","22/1492","110/9440",0.2,1.26541554959786,1.21311049200173,0.14039131573488,0.540848925664764,0.45478780307548,"5214/815/7037/2023/5230/7076/6923/4055/3458/2597/2026/7422/6513/112399/2056/6921/80201/3101/3948/6199/253314/1978",22
"Metabolism","Glycan biosynthesis and metabolism","hsa00515","Mannose type O-glycan biosynthesis","6/1492","23/9440",0.260869565217391,1.65054202121459,1.35332300025048,0.143222902034856,0.540848925664764,0.45478780307548,"8704/8703/148789/120071/146664/84197",6
"Organismal Systems","Immune system","hsa04666","Fc gamma R-mediated phagocytosis","20/1492","99/9440",0.202020202020202,1.27819752484632,1.20557059993025,0.143490531298815,0.540848925664764,0.45478780307548,"3055/3984/5880/10095/57180/81873/8612/4651/5058/2209/653361/283748/7410/10092/1072/65108/6199/8877/123745/2214",20
"Environmental Information Processing","Signal transduction","hsa04064","NF-kappa B signaling pathway","21/1492","105/9440",0.2,1.26541554959786,1.18490171093704,0.147082645914126,0.54224123059659,0.45595856125047,"5588/4791/3383/10673/5971/4055/7535/5328/7186/597/142/115650/2919/3576/6363/3932/3654/1460/4049/4050/7124",21
"Human Diseases","Cancer: specific types","hsa05212","Pancreatic cancer","16/1492","77/9440",0.207792207792208,1.31471745412764,1.20137103163122,0.148332096428475,0.54224123059659,0.45595856125047,"1870/578/5888/581/7042/1869/1021/1871/7422/6772/5880/675/1029/7039/5881/6199",16
"Metabolism","Glycan biosynthesis and metabolism","hsa00510","N-Glycan biosynthesis","12/1492","55/9440",0.218181818181818,1.38045332683402,1.22598192628629,0.149108089163144,0.54224123059659,0.45595856125047,"7841/8704/6185/746/84620/8703/11282/6184/146664/4247/54344/10195",12
"Organismal Systems","Endocrine system","hsa04914","Progesterone-mediated oocyte maturation","22/1492","111/9440",0.198198198198198,1.25401540951139,1.16633277959408,0.150356336915657,0.54224123059659,0.45595856125047,"108/3835/6790/994/10459/6195/1017/9088/8900/891/51529/890/85417/9133/995/993/4085/5347/699/983/6300/387778",22
"Metabolism","Metabolism of cofactors and vitamins","hsa00670","One carbon pool by folate","9/1492","39/9440",0.230769230769231,1.4600948649206,1.24741550740061,0.151789503474941,0.54224123059659,0.45595856125047,"10797/191/25902/4143/875/10841/7298/2731/6472",9
"Metabolism","Global and overview maps","hsa01200","Carbon metabolism","23/1492","117/9440",0.196581196581197,1.24378451456199,1.14958127058326,0.153345187661426,0.54224123059659,0.45595856125047,"5214/5315/2023/4200/26227/5634/5230/2597/7167/2026/2805/39/29968/10993/5723/80201/2539/3101/2731/3418/6472/283871/55753",23
"Organismal Systems","Digestive system","hsa04978","Mineral absorption","13/1492","61/9440",0.213114754098361,1.34839361842394,1.18270195948213,0.156597142518143,0.546446546375026,0.459494717528793,"492/478/1181/6543/4495/55630/491/10568/55503/115019/341208/4496/65010",13
"Environmental Information Processing","Signaling molecules and interaction","hsa04512","ECM-receptor interaction","18/1492","89/9440",0.202247191011236,1.27963370184053,1.14834917364822,0.157720723297748,0.546446546375026,0.459494717528793,"3381/3371/1298/3161/1299/1311/1277/1297/2335/6382/7143/6696/1280/3695/341640/1758/56955/256076",18
"Cellular Processes","Cellular community - eukaryotes","hsa04530","Tight junction","32/1492","170/9440",0.188235294117647,1.19097934079798,1.08865296308128,0.162514677222487,0.557425342873131,0.46872654272591,"5590/3993/5522/7430/10686/53632/10376/7277/10095/92359/5111/57180/9071/2626/81873/909/910/913/50848/23562/10092/9076/1365/84790/79861/23513/1366/9074/1364/6714/9080/137075",32
"Metabolism","Glycan biosynthesis and metabolism","hsa00534","Glycosaminoglycan biosynthesis - heparan sulfate / heparin","6/1492","24/9440",0.25,1.58176943699732,1.2363509684803,0.166929479538764,0.566899123582139,0.476692833701108,"9394/26229/9955/2134/9348/222537",6
"Metabolism","Carbohydrate metabolism","hsa00051","Fructose and mannose metabolism","8/1492","35/9440",0.228571428571429,1.44618919954041,1.14575602892852,0.177489469269257,0.596851842738777,0.501879407428034,"5214/7264/7167/2762/5210/6652/80201/3101",8
"Organismal Systems","Environmental adaptation","hsa04713","Circadian entrainment","19/1492","97/9440",0.195876288659794,1.23932450733811,1.0264749176634,0.185637374410006,0.614936819248376,0.517086660960733,"815/108/2778/3710/8911/2906/59345/51764/2792/5331/3763/2905/2785/3765/94235/2786/2787/51806/6261",19
"Metabolism","Amino acid metabolism","hsa00310","Lysine degradation","13/1492","63/9440",0.206349206349206,1.30558747180731,1.05436829361779,0.186453146361024,0.614936819248376,0.517086660960733,"5351/6839/8985/2146/51166/7468/39/79709/56950/79723/55526/64754/10919",13
"Organismal Systems","Nervous system","hsa04728","Dopaminergic synapse","25/1492","132/9440",0.189393939393939,1.19831017954342,0.994082117631218,0.189217954886893,0.618111985963849,0.519756587859735,"6570/1815/815/5522/2778/3710/59345/51764/2792/1644/773/6531/6323/774/5331/3763/2785/3765/94235/2786/5499/2787/51806/7054/6300",25
"Human Diseases","Substance dependence","hsa05031","Amphetamine addiction","14/1492","69/9440",0.202898550724638,1.28375490538913,1.02492817024415,0.192146482791766,0.621757015071468,0.522821611568459,"6570/815/2778/2906/6804/116444/1644/6531/814/2905/5499/51806/7054/3066",14
"Organismal Systems","Nervous system","hsa04726","Serotonergic synapse","22/1492","115/9440",0.191304347826087,1.21039748222404,0.983520720085949,0.194020611531821,0.621953922947801,0.5229871870115,"6570/2778/3710/59345/51764/2792/1644/773/774/5331/3763/3362/283748/2785/3765/3359/94235/2786/2787/242/3352/123745",22
"Human Diseases","Endocrine and metabolic disease","hsa04930","Type II diabetes mellitus","10/1492","47/9440",0.212765957446809,1.34618675489134,1.030803040609,0.198889804415877,0.63165928624672,0.531148210623297,"5315/5590/773/774/80201/3101/389692/8651/777/7124",10
"Organismal Systems","Immune system","hsa04670","Leukocyte transendothelial migration","22/1492","116/9440",0.189655172413793,1.19996302117038,0.938849603758363,0.20583991009102,0.647734762946971,0.544665720569188,"1535/1496/3383/7430/4318/10686/7852/5880/9071/653361/50848/23562/3689/7410/9076/1365/1366/9074/6300/1364/9080/137075",22
"Organismal Systems","Digestive system","hsa04971","Gastric acid secretion","15/1492","76/9440",0.197368421052632,1.24876534499788,0.943375185855228,0.211984729492873,0.660595911718023,0.555480373824577,"815/108/2778/7430/3710/54207/85366/478/887/1131/91807/5331/3766/51806/389015",15
"Organismal Systems","Immune system","hsa04625","C-type lectin receptor signaling pathway","20/1492","105/9440",0.19047619047619,1.20515766628367,0.915890836688711,0.213778851897086,0.660595911718023,0.555480373824577,"4791/3710/6361/29108/5971/51561/3593/6772/3659/5058/26253/338339/64581/51806/64170/6300/6714/93978/7124/9641",20
"Organismal Systems","Endocrine system","hsa04929","GnRH secretion","13/1492","65/9440",0.2,1.26541554959786,0.930284699886754,0.218773435652438,0.669993646685591,0.563382719631278,"3710/610/8911/3783/3780/84634/6696/9568/57657/5331/3763/3765/3814",13
"Metabolism","Global and overview maps","hsa01250","Biosynthesis of nucleotide sugars","8/1492","37/9440",0.216216216216216,1.36801681037606,0.971748270437213,0.220841909701272,0.670343141836604,0.563676602311584,"55586/7264/2584/55907/2762/2582/80201/3101",8
"Organismal Systems","Immune system","hsa04623","Cytosolic DNA-sensing pathway","16/1492","83/9440",0.192771084337349,1.21967763816661,0.870913570023169,0.230777584859541,0.689293381195733,0.579611436082955,"5435/29108/4793/10622/81030/3606/51728/9447/5437/115004/8772/3627/9533/3665/9641/6352",16
"Cellular Processes","Cell growth and death","hsa04215","Apoptosis - multiple species","7/1492","32/9440",0.21875,1.38404825737265,0.942823956296411,0.233113796555991,0.689293381195733,0.579611436082955,"578/581/332/79444/5366/8772/54205",7
"Human Diseases","Immune disease","hsa05310","Asthma","7/1492","32/9440",0.21875,1.38404825737265,0.942823956296411,0.233113796555991,0.689293381195733,0.579611436082955,"6356/3119/3117/3120/7124/3118/3112",7
"Metabolism","Amino acid metabolism","hsa00360","Phenylalanine metabolism","4/1492","16/9440",0.25,1.58176943699732,1.00904777718813,0.238755104135848,0.695028595319955,0.584434049770348,"259307/2805/1644/5053",4
"Organismal Systems","Development and regeneration","hsa04360","Axon guidance","33/1492","184/9440",0.179347826086957,1.13474763958503,0.799718016548168,0.239106047369547,0.695028595319955,0.584434049770348,"25791/5590/815/2046/54437/1943/655/3984/219699/90249/7852/5880/6608/10298/55558/2048/2045/8482/1944/5058/55740/56896/6469/1020/1942/5881/1072/2049/10507/64218/6714/3897/1945",33
"Cellular Processes","Cell motility","hsa04820","Cytoskeleton in muscle cells","41/1492","233/9440",0.175965665236052,1.11334844492515,0.75901949484663,0.24856897076151,0.716463503959645,0.602458186542712,"1462/1298/1301/2023/88/4625/1299/1832/1158/7138/478/1311/1277/2026/1297/4001/2335/6382/7139/7137/7136/1289/4608/1824/2201/3695/81624/84467/7170/58/27063/165904/1281/255631/256076/6712/84823/633/85301/1302/1290",41
"Human Diseases","Infectious disease: bacterial","hsa05150","Staphylococcus aureus infection","19/1492","102/9440",0.186274509803922,1.178573305998,0.785612102905018,0.2524704688451,0.721644756782245,0.606814986522434,"3383/3881/25984/1828/2209/3689/820/717/3880/3857/3119/3868/2359/3117/2214/3120/3118/3112/629",19
"Human Diseases","Infectious disease: parasitic","hsa05144","Malaria","10/1492","50/9440",0.2,1.26541554959786,0.815261707583492,0.258564852150931,0.72844156177129,0.61253026829932,"3383/7042/1311/3458/6382/3606/3689/3576/1379/7124",10
"Human Diseases","Neurodegenerative disease","hsa05017","Spinocerebellar ataxia","26/1492","144/9440",0.180555555555556,1.1423890378314,0.745981778232901,0.259095832466756,0.72844156177129,0.61253026829932,"4800/292/5704/3710/5688/10528/6511/2906/56652/10105/10213/116444/5690/7186/7979/11047/773/5686/5331/5692/2905/54205/6712/5708/6261/5691",26
"Metabolism","Metabolism of cofactors and vitamins","hsa00790","Folate biosynthesis","6/1492","28/9440",0.214285714285714,1.35580237456913,0.816893375067093,0.274987837147717,0.76112450698627,0.640012628246856,"55034/2643/8836/5805/5053/7054",6
"Environmental Information Processing","Signal transduction","hsa04020","Calcium signaling pathway","44/1492","254/9440",0.173228346456693,1.09602921618712,0.672164384718004,0.275158713895911,0.76112450698627,0.640012628246856,"952/292/57172/2769/492/2261/815/108/5026/2778/3710/8911/4923/85366/2906/10105/887/7422/116444/6543/7852/1131/3706/2250/91807/773/774/5331/814/255231/491/3362/2264/2905/7039/4486/1128/2668/8877/51806/22953/6261/777/84876",44
"Human Diseases","Cancer: specific types","hsa05217","Basal cell carcinoma","12/1492","63/9440",0.19047619047619,1.20515766628367,0.707855388320759,0.286999570168797,0.776003279187208,0.652523856060442,"578/581/8312/7472/7475/6608/80326/51176/6469/2535/7477/8326",12
"Genetic Information Processing","Information processing in viruses","hsa03265","Virion - Ebolavirus, Lyssavirus and Morbillivirus","3/1492","12/9440",0.25,1.58176943699732,0.873675613319446,0.292102435258588,0.776003279187208,0.652523856060442,"1134/432/81607",3
"Organismal Systems","Immune system","hsa04621","NOD-like receptor signaling pathway","33/1492","189/9440",0.174603174603175,1.10472786076003,0.63011130204279,0.292829212144094,0.776003279187208,0.652523856060442,"1535/4938/3710/29108/8767/4793/4940/4939/6772/2633/7186/7295/838/9051/7226/5331/3606/115362/9447/2919/820/64127/199713/8772/3576/260434/81858/3665/64170/6300/7124/9641/6352",33
"Genetic Information Processing","Folding, sorting and degradation","hsa04141","Protein processing in endoplasmic reticulum","30/1492","171/9440",0.175438596491228,1.11001363999812,0.628994175429978,0.294613395907902,0.776003279187208,0.652523856060442,"578/29927/55176/581/51726/91319/9532/7841/26270/6185/6238/7186/23480/23640/746/10970/10130/85479/10525/9601/6396/56893/6746/6184/3310/811/55432/6748/5034/30001",30
"Human Diseases","Cancer: specific types","hsa05222","Small cell lung cancer","17/1492","93/9440",0.182795698924731,1.15656259909481,0.657372982193302,0.295362900119513,0.776003279187208,0.652523856060442,"1870/578/9618/581/79444/1869/898/1021/1871/2335/1017/1164/7186/6502/54205/1163/9134",17
"Organismal Systems","Sensory system","hsa04750","Inflammatory mediator regulation of TRP channels","18/1492","99/9440",0.181818181818182,1.15037777236169,0.651662955457284,0.296071670602058,0.776003279187208,0.652523856060442,"5588/815/55515/108/2778/3710/8989/59341/79054/5331/283748/162514/5499/51806/123745/6300/6714/9311",18
"Human Diseases","Neurodegenerative disease","hsa05010","Alzheimer disease","66/1492","391/9440",0.168797953964194,1.06799777843297,0.59497851584171,0.296374430243511,0.776003279187208,0.652523856060442,"292/5704/3028/3710/5688/8312/10382/2906/7472/22943/10105/2597/7922/3552/10213/7475/51107/10376/5690/7186/7277/7979/11047/1131/80326/4704/5686/27173/4726/4715/55630/221074/5331/516/5692/2905/1020/1345/509/29986/84790/8772/1128/54205/260334/7388/64837/5708/8851/51806/79861/1537/2535/23401/25825/56901/7477/8326/203068/1460/55851/7124/440567/10381/347688/5691",66
"Metabolism","Global and overview maps","hsa01240","Biosynthesis of cofactors","27/1492","154/9440",0.175324675324675,1.1092928519202,0.592456208428168,0.308607245661125,0.801586099474604,0.674035879257454,"8630/586/10797/790/23475/8942/8564/25902/3620/2643/129607/29968/53630/2058/8836/5805/4143/6999/53354/80308/7364/1503/6472/169355/4830/57026/3145",27
"Organismal Systems","Endocrine system","hsa04926","Relaxin signaling pathway","23/1492","130/9440",0.176923076923077,1.11940606310579,0.59393879109024,0.310819099796275,0.801586099474604,0.674035879257454,"2769/5590/108/2778/4318/1277/7422/59345/51764/2792/4322/5331/2785/94235/2786/1281/59350/2787/51289/399694/6300/4312/6714",23
"Metabolism","Amino acid metabolism","hsa00260","Glycine, serine and threonine metabolism","8/1492","41/9440",0.195121951219512,1.23455175570522,0.652091091408189,0.316894698129118,0.804794994520302,0.67673416755735,"26227/23464/29968/10993/5723/875/2731/6472",8
"Metabolism","Glycan biosynthesis and metabolism","hsa00514","Other types of O-glycan biosynthesis","9/1492","47/9440",0.191489361702128,1.2115680794022,0.629963499360486,0.320581140962556,0.804794994520302,0.67673416755735,"8985/2591/8704/79709/84620/114805/79623/8703/152002",9
"Organismal Systems","Nervous system","hsa04723","Retrograde endocannabinoid signaling","26/1492","149/9440",0.174496644295302,1.10405383521961,0.554674846229123,0.322245304624787,0.804794994520302,0.67673416755735,"2556/108/2568/3710/59345/51764/2792/4704/773/4726/4715/774/5331/3763/2785/3765/94235/2786/2787/246213/2567/56901/2558/2563/6300/55879",26
"Metabolism","Metabolism of other amino acids","hsa00480","Glutathione metabolism","11/1492","59/9440",0.186440677966102,1.17962466487936,0.599633494950796,0.325102851226181,0.804794994520302,0.67673416755735,"79017/2678/6611/2882/6723/79094/494143/2539/6241/3418/2939",11
"Human Diseases","Infectious disease: bacterial","hsa05120","Epithelial cell signaling in Helicobacter pylori infection","13/1492","71/9440",0.183098591549296,1.15847902427973,0.580728070558591,0.327283126714591,0.804794994520302,0.67673416755735,"1445/10312/533/9296/245973/245972/5058/50848/2919/3576/6300/6714/6352",13
"Human Diseases","Cancer: overview","hsa05230","Central carbon metabolism in cancer","13/1492","71/9440",0.183098591549296,1.15847902427973,0.580728070558591,0.327283126714591,0.804794994520302,0.67673416755735,"5214/5315/2261/51548/8140/6513/9123/80201/2539/3101/3948/3418/9997",13
"Human Diseases","Drug resistance: antineoplastic","hsa01523","Antifolate resistance","6/1492","30/9440",0.2,1.26541554959786,0.630827552768564,0.334161792949577,0.804794994520302,0.67673416755735,"10257/8836/6573/7298/6472/7124",6
"Human Diseases","Neurodegenerative disease","hsa05014","Amyotrophic lateral sclerosis","62/1492","371/9440",0.16711590296496,1.05735531098473,0.488314216349772,0.334233943690813,0.804794994520302,0.67673416755735,"5704/55706/5217/81929/581/3710/4744/5688/9688/10382/2906/8701/5216/9631/10213/2882/10376/1769/5690/7186/7277/7979/10452/11047/23225/4704/5686/91181/4726/4715/10280/23165/6396/55567/516/5692/56893/2905/1345/509/84790/145957/54205/260334/7388/64837/5708/79861/1537/10189/56901/127602/8632/6300/203068/23636/7124/440567/10381/347688/4747/5691",62
"Human Diseases","Cancer: specific types","hsa05226","Gastric cancer","26/1492","150/9440",0.173333333333333,1.09669347631814,0.517193933557598,0.335406194113609,0.804794994520302,0.67673416755735,"1870/578/1496/581/7042/1869/8312/898/7472/1871/7475/1017/83998/80326/2250/51176/7015/6469/9134/6199/2535/23401/399694/7477/8326/4583",26
"Human Diseases","Neurodegenerative disease","hsa05022","Pathways of neurodegeneration - multiple diseases","80/1492","483/9440",0.165631469979296,1.04796318807276,0.468833672798094,0.338812117396257,0.804794994520302,0.67673416755735,"292/5704/578/815/3028/581/3710/4744/5688/8312/10382/2906/8701/7472/6804/22943/10105/3552/10213/7475/2882/356/10376/1769/5690/7186/7277/7979/10452/11047/1131/80326/4704/6531/5686/4726/4715/10280/774/5331/7345/9246/55567/516/5692/2905/1020/1345/509/84790/8772/1128/2861/54205/260334/7388/6712/64837/5708/8851/51806/79861/1537/2535/23401/56901/127602/8632/7477/6300/8326/6261/203068/1460/7124/440567/10381/347688/4747/5691",80
"Human Diseases","Cancer: overview","hsa05235","PD-L1 expression and PD-1 checkpoint pathway in cancer","16/1492","90/9440",0.177777777777778,1.12481382186476,0.515461942915935,0.34529235338623,0.804794994520302,0.67673416755735,"5588/4793/3458/7535/6772/29126/4794/915/116071/10125/6199/3932/6300/5133/916/1460",16
"Human Diseases","Infectious disease: viral","hsa05161","Hepatitis B","28/1492","163/9440",0.171779141104294,1.08685998124969,0.48465001506539,0.345811795451464,0.804794994520302,0.67673416755735,"1870/581/332/7042/4318/1869/898/3718/1871/64135/6772/356/1017/2002/5111/8900/890/7534/8772/3576/54205/9134/3654/3665/6300/6714/7124/9641",28
"Genetic Information Processing","Folding, sorting and degradation","hsa03018","RNA degradation","14/1492","78/9440",0.179487179487179,1.13562933938269,0.521116836460294,0.346311578570871,0.804794994520302,0.67673416755735,"5214/26986/2023/56915/2026/51690/25804/3329/9125/154197/5042/10950/54512/57819",14
"Human Diseases","Infectious disease: bacterial","hsa05133","Pertussis","14/1492","78/9440",0.179487179487179,1.13562933938269,0.521116836460294,0.346311578570871,0.804794994520302,0.67673416755735,"29108/51561/3593/3552/3659/3689/6374/717/3576/1072/51806/3654/6300/7124",14
"Environmental Information Processing","Signal transduction","hsa04390","Hippo signaling pathway","27/1492","157/9440",0.171974522292994,1.08809617322109,0.482259920289066,0.347258481600597,0.804794994520302,0.67673416755735,"1496/5590/3993/5522/8463/332/7042/655/8312/268/7472/7475/656/80326/51176/7159/85409/3689/7534/5499/2535/23513/6657/353500/7477/8326/7004",27
"Human Diseases","Neurodegenerative disease","hsa05016","Huntington disease","52/1492","311/9440",0.167202572347267,1.05790367490496,0.449876382037155,0.350019304486332,0.805749137173235,0.677536484841082,"292/5439/5704/1175/581/5435/5688/10382/5438/8701/6804/10105/10213/2882/10376/1769/5690/7186/7277/7979/11047/4704/5686/4726/4715/774/5331/55567/516/5692/5437/1345/509/84790/548644/54205/260334/7388/64837/5708/3766/79861/1537/56901/127602/8632/203068/3066/440567/10381/347688/5691",52
"Metabolism","Glycan biosynthesis and metabolism","hsa00531","Glycosaminoglycan degradation","4/1492","19/9440",0.210526315789474,1.33201636799774,0.627633720164166,0.352901967986693,0.806969166796237,0.678562380549851,"23553/2588/10855/8372",4
"Human Diseases","Infectious disease: parasitic","hsa05142","Chagas disease","18/1492","103/9440",0.174757281553398,1.1057029074156,0.467326427576269,0.36006542332396,0.817896954967671,0.687751313982329,"2769/5522/2778/7042/3458/3593/356/5331/915/8772/3576/10333/811/3654/6300/916/7124/6352",18
"Metabolism","Glycan biosynthesis and metabolism","hsa00541","Biosynthesis of various nucleotide sugars","4/1492","20/9440",0.2,1.26541554959786,0.514795076451224,0.39149624198749,0.883442177642823,0.742866830364074,"7264/55907/2762/51700",4
"Human Diseases","Drug resistance: antineoplastic","hsa01524","Platinum drug resistance","13/1492","75/9440",0.173333333333333,1.09669347631814,0.364243986480587,0.405382706962282,0.903506396430394,0.759738384600055,"672/578/581/332/4436/2956/356/7153/5366/1029/8772/54205/2939",13
"Human Diseases","Infectious disease: parasitic","hsa05145","Toxoplasmosis","19/1492","112/9440",0.169642857142857,1.0733435465339,0.33829464599761,0.406843117452461,0.903506396430394,0.759738384600055,"7042/79444/4793/10105/3458/3593/6772/1234/54205/3310/3119/3654/8651/6300/3117/3120/7124/3118/3112",19
"Organismal Systems","Development and regeneration","hsa04380","Osteoclast differentiation","24/1492","143/9440",0.167832167832168,1.06188717448771,0.323084210234117,0.408290062526855,0.903506396430394,0.759738384600055,"1535/6688/4791/55423/7042/3710/5971/10859/3458/3552/6772/7186/2209/814/653361/126014/8061/3932/8651/11006/6300/2214/7124/23547",24
"Cellular Processes","Cell growth and death","hsa04210","Apoptosis","23/1492","137/9440",0.167883211678832,1.06221013287411,0.317781329339769,0.41105873952106,0.903802228562331,0.759987143244065,"578/581/332/3710/3002/835/4001/356/1509/10376/7186/7277/8739/1515/597/5366/142/84790/8772/54205/84823/79861/7124",23
"Metabolism","Lipid metabolism","hsa00565","Ether lipid metabolism","9/1492","51/9440",0.176470588235294,1.11654313199811,0.3615601676704,0.416287448942235,0.909468757880169,0.764752001409134,"5050/26279/85465/8612/7941/79888/283748/7368/123745",9
"Metabolism","Global and overview maps","hsa01210","2-Oxocarboxylic acid metabolism","6/1492","33/9440",0.181818181818182,1.15037777236169,0.374915607659013,0.424814654618579,0.917163350388193,0.771222212694077,"586/51166/2805/55526/3418/55753",6
"Human Diseases","Cancer: specific types","hsa05214","Glioma","13/1492","76/9440",0.171052631578947,1.08226329899817,0.311961278135903,0.425157354844673,0.917163350388193,0.771222212694077,"1870/57172/578/815/581/1869/1021/1871/1029/814/7039/51806/399694",13
"Metabolism","Glycan biosynthesis and metabolism","hsa00532","Glycosaminoglycan biosynthesis - chondroitin sulfate / dermatan sulfate","4/1492","21/9440",0.19047619047619,1.20515766628367,0.407768313079459,0.429729010986407,0.917886483487689,0.771830279194804,"54480/79586/26229/50515",4
"Metabolism","Glycan biosynthesis and metabolism","hsa00604","Glycosphingolipid biosynthesis - ganglio series","3/1492","15/9440",0.2,1.26541554959786,0.445707342130892,0.430844675922793,0.917886483487689,0.771830279194804,"29906/81849/2583",3
"Human Diseases","Infectious disease: bacterial","hsa05131","Shigellosis","41/1492","253/9440",0.162055335968379,1.02533671014846,0.176987298746661,0.456861832349012,0.967232759803009,0.813324462746738,"5588/5217/581/3710/55964/29108/8767/4793/5216/11335/7186/10095/57180/81873/375/5331/3606/80201/3101/10092/3020/115004/3576/54205/6199/81858/653604/10801/6300/6714/8356/100132074/7124/6352/8355/8353/8350/8968/8357/8358/8352",41
"Organismal Systems","Immune system","hsa04620","Toll-like receptor signaling pathway","18/1492","109/9440",0.165137614678899,1.04483852719089,0.203994739652353,0.459647054950118,0.967232759803009,0.813324462746738,"3593/942/6772/6696/941/3663/4283/8772/3627/6373/3576/10333/3654/3665/6300/7124/9641/6352",18
"Organismal Systems","Immune system","hsa04622","RIG-I-like receptor signaling pathway","12/1492","72/9440",0.166666666666667,1.05451295799821,0.20116898795264,0.469827827815119,0.982627713052353,0.826269735695396,"4793/3593/64135/7186/8772/3627/3576/3665/9636/6300/7124/9641",12
"Organismal Systems","Immune system","hsa04662","B cell receptor signaling pathway","15/1492","91/9440",0.164835164835165,1.04292490351472,0.178264932600048,0.473541292676679,0.984114159443498,0.827519655324593,"933/27071/4793/10859/973/1380/5880/640/971/4794/7410/5881/930/11006/23547",15
"Environmental Information Processing","Signal transduction","hsa04350","TGF-beta signaling pathway","18/1492","110/9440",0.163636363636364,1.03533999512552,0.161525272121442,0.47627682352076,0.984114159443498,0.827519655324593,"7037/5933/7042/25805/655/268/7036/3458/656/60436/3624/1875/5308/6199/353500/3066/7027/7124",18
"Metabolism","Energy metabolism","hsa00920","Sulfur metabolism","2/1492","10/9440",0.2,1.26541554959786,0.363822029222836,0.485054636560178,0.989277859764028,0.831861695796666,"9061/10380",2
"Human Diseases","Endocrine and metabolic disease","hsa04934","Cushing syndrome","25/1492","155/9440",0.161290322580645,1.02049641096601,0.111473385435601,0.489994586539008,0.989277859764028,0.831861695796666,"1870/815/108/2778/3710/8911/1869/8312/898/1021/7472/1871/5443/7475/1017/4221/80326/51176/1029/5331/9134/2535/7477/8326/84876",25
"Environmental Information Processing","Signal transduction","hsa04310","Wnt signaling pathway","28/1492","174/9440",0.160919540229885,1.01815044220517,0.104696981781877,0.490838842110231,0.989277859764028,0.831861695796666,"815/25805/343637/8312/8840/7472/22943/7475/27101/5880/80326/4316/51176/144165/8549/85409/5331/57216/5881/81839/8061/8607/2535/23401/147111/7477/8326/1460",28
"Cellular Processes","Cellular community - eukaryotes","hsa04540","Gap junction","15/1492","92/9440",0.16304347826087,1.03158876325912,0.131912411644415,0.491728296858783,0.989277859764028,0.831861695796666,"108/2778/3710/10382/10376/7277/5331/84790/983/260334/79861/203068/6714/10381/347688",15
"Organismal Systems","Sensory system","hsa04744","Phototransduction","5/1492","29/9440",0.172413793103448,1.09087547379125,0.212347071397729,0.493196833876527,0.989277859764028,0.831861695796666,"1258/2792/5145/51806/6011",5
"Metabolism","Metabolism of terpenoids and polyketides","hsa00900","Terpenoid backbone biosynthesis","4/1492","23/9440",0.173913043478261,1.1003613474764,0.208781778035417,0.503904840429844,1,0.840877704465245,"39/23590/2224/4597",4
"Human Diseases","Cancer: specific types","hsa05210","Colorectal cancer","14/1492","87/9440",0.160919540229885,1.01815044220517,0.0736868251255274,0.516192433570946,1,0.840877704465245,"578/581/332/7042/4436/8312/2956/5880/51176/5366/7039/5881/54205/6199",14
"Metabolism","Metabolism of other amino acids","hsa00450","Selenocompound metabolism","3/1492","17/9440",0.176470588235294,1.11654313199811,0.208369920357126,0.517829545820119,1,0.840877704465245,"22929/9061/92935",3
"Human Diseases","Cancer: specific types","hsa05225","Hepatocellular carcinoma","27/1492","170/9440",0.158823529411765,1.0048888187983,0.0278680775024939,0.521867513552805,1,0.840877704465245,"1870/8193/578/581/7042/6598/1869/8312/1021/7472/1871/7475/2002/6597/80326/86/51176/1029/7039/7015/6199/2535/23401/399694/7477/8326/2939",27
"Metabolism","Xenobiotics biodegradation and metabolism","hsa00983","Drug metabolism - other enzymes","13/1492","81/9440",0.160493827160494,1.0154569225168,0.0605298072665672,0.523071280211548,1,0.840877704465245,"1890/3704/7172/7371/7498/8833/3251/7083/7364/6241/7378/4830/2939",13
"Organismal Systems","Digestive system","hsa04975","Fat digestion and absorption","7/1492","43/9440",0.162790697674419,1.02998940083546,0.085393709310706,0.530292259574546,1,0.840877704465245,"26279/335/39/1208/8612/80168/1056",7
"Organismal Systems","Immune system","hsa04610","Complement and coagulation cascades","14/1492","88/9440",0.159090909090909,1.00658055081648,0.026870132598094,0.534657137443795,1,0.840877704465245,"5329/5624/1380/5328/2161/5270/3687/3689/717/733/5055/1379/2153/629",14
"Metabolism","Amino acid metabolism","hsa00250","Alanine, aspartate and glutamate metabolism","6/1492","37/9440",0.162162162162162,1.02601260778204,0.0686862825530535,0.541919770389271,1,0.840877704465245,"790/259307/2805/5471/2571/284716",6
"Genetic Information Processing","Folding, sorting and degradation","hsa03060","Protein export","5/1492","31/9440",0.161290322580645,1.02049641096601,0.0495228247290739,0.555904715827899,1,0.840877704465245,"29927/55176/23480/58477/29100",5
"Human Diseases","Cancer: specific types","hsa05211","Renal cell carcinoma","11/1492","70/9440",0.157142857142857,0.994255074684029,-0.0209017229631708,0.559118930262936,1,0.840877704465245,"7042/6923/7422/6513/112399/10298/5546/5058/6921/7039/9915",11
"Genetic Information Processing","Chromosome","hsa03083","Polycomb repressive complex","13/1492","83/9440",0.156626506024096,0.990988081010369,-0.0357278173851586,0.560967264590676,1,0.840877704465245,"3720/84678/10389/2146/11335/3607/57332/84733/9212/3066/7027/1460/100170841",13
"Organismal Systems","Immune system","hsa04660","T cell receptor signaling pathway","19/1492","122/9440",0.155737704918033,0.985364567309805,-0.0704924499046467,0.566803065314392,1,0.840877704465245,"5588/5522/4793/3458/7535/10298/4794/5058/7410/1493/29851/915/926/10125/3932/6300/5133/916/7124",19
"Metabolism","Metabolism of cofactors and vitamins","hsa00760","Nicotinate and nicotinamide metabolism","6/1492","38/9440",0.157894736842105,0.999012275998307,-0.00264323488561293,0.569601139615699,1,0.840877704465245,"952/51548/23475/284958/51547/4860",6
"Genetic Information Processing","Translation","hsa03015","mRNA surveillance pathway","16/1492","103/9440",0.155339805825243,0.982847028813868,-0.0758355370038813,0.572245908703179,1,0.840877704465245,"26986/29894/5522/1478/55110/65109/4440/9775/5042/4116/5499/1479/10189/642843/23381/10921",16
"Metabolism","Lipid metabolism","hsa00561","Glycerolipid metabolism","10/1492","65/9440",0.153846153846154,0.973396576613735,-0.0932453195690687,0.589766091551167,1,0.840877704465245,"80339/9388/8612/129642/55326/80168/1056/253558/2710/196051",10
"Organismal Systems","Endocrine system","hsa04925","Aldosterone synthesis and secretion","15/1492","98/9440",0.153061224489796,0.968430267549379,-0.136107633531065,0.597095213094927,1,0.840877704465245,"57172/492/815/108/2778/3710/8911/478/5443/5331/814/491/51305/51806/84876",15
"Metabolism","Lipid metabolism","hsa00592","alpha-Linolenic acid metabolism","4/1492","26/9440",0.153846153846154,0.973396576613735,-0.0588512346724655,0.606121831047842,1,0.840877704465245,"26279/9415/283748/123745",4
"Human Diseases","Infectious disease: bacterial","hsa05135","Yersinia infection","21/1492","138/9440",0.152173913043478,0.962816179041846,-0.190644318101825,0.611847077654418,1,0.840877704465245,"29108/3984/7535/2335/6195/7186/5880/10095/57180/81873/3606/7410/10092/3576/5881/926/3932/3654/6300/6714/7124",21
"Human Diseases","Cardiovascular disease","hsa05417","Lipid and atherosclerosis","33/1492","216/9440",0.152777777777778,0.966636878165028,-0.214907902388959,0.614245540414907,1,0.840877704465245,"1535/815/581/3383/4318/29108/3593/356/335/7186/25833/3329/5331/4314/3606/653361/7410/2919/3576/54205/3310/4973/10333/51806/3654/3665/6300/4312/6714/30001/7124/9641/6352",33
"Environmental Information Processing","Signal transduction","hsa04668","TNF signaling pathway","18/1492","119/9440",0.151260504201681,0.957036970284092,-0.204341041196196,0.619869711989383,1,0.840877704465245,"3383/4318/6364/3659/7186/79651/4314/4323/6374/2919/64127/8772/3627/6300/4049/7124/192111/6352",18
"Environmental Information Processing","Signal transduction","hsa04370","VEGF signaling pathway","9/1492","60/9440",0.15,0.949061662198391,-0.171489467002378,0.622638762680519,1,0.840877704465245,"9047/7422/5880/283748/5881/8877/123745/6300/6714",9
"Human Diseases","Cancer: overview","hsa05205","Proteoglycans in cancer","31/1492","204/9440",0.151960784313725,0.96146769699837,-0.241055232900946,0.625139549021178,1,0.840877704465245,"5329/815/7023/7430/7042/3710/4318/7472/1277/7422/3593/2335/7475/6382/356/5328/2002/6608/80326/5058/7410/6469/5499/10855/6199/2535/7477/6300/8326/6714/7124",31
"Organismal Systems","Endocrine system","hsa04915","Estrogen signaling pathway","21/1492","139/9440",0.151079136690647,0.955889443940826,-0.226988359375639,0.625797332163733,1,0.840877704465245,"2288/108/2778/3881/3710/4318/25984/5443/1509/9568/5331/3763/3765/7039/3880/3857/3310/51806/399694/3868/6714",21
"Metabolism","Carbohydrate metabolism","hsa00010","Glycolysis / Gluconeogenesis","10/1492","67/9440",0.149253731343284,0.944339962386459,-0.198088865051929,0.630097709653203,1,0.840877704465245,"5214/5315/2023/5230/2597/7167/2026/80201/3101/3948",10
"Genetic Information Processing","Replication and repair","hsa03450","Non-homologous end-joining","2/1492","13/9440",0.153846153846154,0.973396576613735,-0.0415854039236775,0.63262321347345,1,0.840877704465245,"2237/5591",2
"Metabolism","Metabolism of cofactors and vitamins","hsa00785","Lipoic acid metabolism","3/1492","20/9440",0.15,0.949061662198391,-0.0987990550764975,0.63337178528487,1,0.840877704465245,"2731/55526/55753",3
"Metabolism","Lipid metabolism","hsa01040","Biosynthesis of unsaturated fatty acids","4/1492","27/9440",0.148148148148148,0.937344851553967,-0.141251507468397,0.637189834918996,1,0.840877704465245,"11332/6785/9415/9200",4
"Organismal Systems","Endocrine system","hsa04916","Melanogenesis","15/1492","101/9440",0.148514851485149,0.939665012077615,-0.264118124516285,0.646082913784448,1,0.840877704465245,"815/108/2778/7472/7306/5443/7475/80326/51176/5331/51806/2535/7477/8326/4157",15
"Cellular Processes","Cell motility","hsa04810","Regulation of actin cytoskeleton","35/1492","232/9440",0.150862068965517,0.954516039567348,-0.303905168095068,0.647308334757221,1,0.840877704465245,"9170/2261/5217/7430/85366/2245/3984/5216/2335/7852/5880/10095/10298/1131/57180/81873/2250/3695/81624/3687/91807/5058/51571/55740/3689/7410/2264/10092/1128/5881/5499/1072/733/128239/6714",35
"Human Diseases","Cancer: specific types","hsa05221","Acute myeloid leukemia","10/1492","68/9440",0.147058823529412,0.930452609998423,-0.249366223418156,0.649459531826728,1,0.840877704465245,"6688/1053/11040/8900/51176/597/890/2209/6199/1978",10
"Environmental Information Processing","Signal transduction","hsa04151","PI3K-Akt signaling pathway","55/1492","362/9440",0.151933701657459,0.961296342926548,-0.325334166012468,0.650114049658324,1,0.840877704465245,"672/3381/3371/1298/9170/2261/5522/1299/1943/5008/3560/8115/898/3718/1311/1021/1277/1297/7422/59345/2335/7143/9048/356/6696/1017/51764/2792/2056/3559/2250/1280/3695/1944/3561/2264/2785/7039/7534/94235/54541/2786/1128/2668/1942/4902/23566/256076/2787/9134/6199/253314/930/1978/1945",55
"Organismal Systems","Endocrine system","hsa04918","Thyroid hormone synthesis","11/1492","75/9440",0.146666666666667,0.927971403038427,-0.271331472369089,0.655422389801547,1,0.840877704465245,"389434/7038/108/2778/3710/478/6528/2882/432/5331/9601",11
"Human Diseases","Cancer: specific types","hsa05224","Breast cancer","22/1492","148/9440",0.148648648648649,0.940511557133541,-0.316029288776024,0.658596666561936,1,0.840877704465245,"1870/672/578/4791/581/10683/1869/8312/1021/7472/1871/7475/80326/2250/51176/675/6199/2535/23401/399694/7477/8326",22
"Organismal Systems","Endocrine system","hsa04921","Oxytocin signaling pathway","23/1492","155/9440",0.148387096774194,0.938856698088731,-0.332538748957679,0.664002116082267,1,0.840877704465245,"952/57172/815/27091/108/2778/3710/85366/53632/2002/91807/7226/5331/814/3763/283748/3765/784/5499/51806/123745/6261/6714",23
"Organismal Systems","Excretory system","hsa04966","Collecting duct acid secretion","4/1492","28/9440",0.142857142857143,0.903868249712754,-0.220710696600474,0.666616231605893,1,0.840877704465245,"10312/9296/245973/245972",4
"Cellular Processes","Cell growth and death","hsa04216","Ferroptosis","6/1492","42/9440",0.142857142857143,0.903868249712754,-0.270515559512006,0.671206605585532,1,0.840877704465245,"1356/7037/55240/23657/23305/6520",6
"Human Diseases","Cancer: overview","hsa05206","MicroRNAs in cancer","48/1492","320/9440",0.15,0.949061662198391,-0.401643566203377,0.679626261182542,1,0.840877704465245,"1870/672/578/3371/2261/6624/1789/7430/7042/1943/4318/994/1869/90427/898/1021/2146/1871/7422/7143/3925/1788/5328/6659/10298/1786/9493/1545/6541/1944/113130/1029/6768/8091/995/85414/10642/993/54541/1942/9134/8651/399694/3066/5268/131405/407014/1945",48
"Metabolism","Lipid metabolism","hsa00140","Steroid hormone biosynthesis","9/1492","63/9440",0.142857142857143,0.903868249712754,-0.331683327570337,0.682414978656172,1,0.840877704465245,"8630/6783/51478/1545/6715/374875/7364/3291/6716",9
"Metabolism","Amino acid metabolism","hsa00350","Tyrosine metabolism","5/1492","36/9440",0.138888888888889,0.878760798331844,-0.315759542052547,0.693307714095172,1,0.840877704465245,"259307/7306/2805/1644/7054",5
"Metabolism","Glycan biosynthesis and metabolism","hsa00512","Mucin type O-glycan biosynthesis","5/1492","36/9440",0.138888888888889,0.878760798331844,-0.315759542052547,0.693307714095172,1,0.840877704465245,"2591/9245/114805/79623/10331",5
"Environmental Information Processing","Signal transduction","hsa04392","Hippo signaling pathway - multiple species","4/1492","29/9440",0.137931034482759,0.872700379033004,-0.297458715477794,0.694363335242592,1,0.840877704465245,"8463/5058/54798/7004",4
"Genetic Information Processing","Information processing in viruses","hsa03250","Viral life cycle - HIV-1","9/1492","64/9440",0.140625,0.889745308310992,-0.383439405113391,0.70099548784287,1,0.840877704465245,"6598/164668/7852/200315/80237/5901/4599/1234/9582",9
"Human Diseases","Infectious disease: bacterial","hsa05100","Bacterial invasion of epithelial cells","11/1492","78/9440",0.141025641025641,0.892280195229257,-0.413882454502423,0.707159646895924,1,0.840877704465245,"1496/55964/2335/10459/10095/57180/81873/10092/10801/399694/6714",11
"Human Diseases","Cardiovascular disease","hsa05415","Diabetic cardiomyopathy","30/1492","205/9440",0.146341463414634,0.925913816778918,-0.464637413786875,0.707699113715805,1,0.840877704465245,"292/1535/5590/815/7042/4318/10105/1277/2597/6513/1509/5880/7137/4704/142/4726/4715/5331/653361/516/2539/1345/509/1281/5499/7388/1537/56901/6300/440567",30
"Human Diseases","Drug resistance: antineoplastic","hsa01522","Endocrine resistance","14/1492","99/9440",0.141414141414141,0.894738267392423,-0.456152333488648,0.716999473901398,1,0.840877704465245,"1870/108/581/2778/10683/4318/1869/1871/10498/1029/6199/399694/6300/6714",14
"Organismal Systems","Immune system","hsa04611","Platelet activation","18/1492","126/9440",0.142857142857143,0.903868249712754,-0.470654787633636,0.717491070874323,1,0.840877704465245,"5590/108/2778/3710/85366/1277/8673/91807/83706/5331/283748/1281/5499/10125/123745/6300/6714/84876",18
"Environmental Information Processing","Signal transduction","hsa04024","cAMP signaling pathway","33/1492","226/9440",0.146017699115044,0.92386533488339,-0.501915991376793,0.719381444763027,1,0.840877704465245,"492/1258/815/108/2778/610/268/478/2906/5443/116444/10257/6662/1907/5880/7137/64208/9568/10021/5058/814/491/3362/7410/2905/134/1128/5881/5499/51806/3352/1260/84876",33
"Organismal Systems","Digestive system","hsa04972","Pancreatic secretion","15/1492","106/9440",0.141509433962264,0.895341190753199,-0.46947589549958,0.720307166316148,1,0.840877704465245,"952/5646/492/6343/108/2778/3710/478/26279/1131/5331/491/1056/5644/5645",15
"Human Diseases","Cancer: specific types","hsa05215","Prostate cancer","15/1492","106/9440",0.141509433962264,0.895341190753199,-0.46947589549958,0.720307166316148,1,0.840877704465245,"1870/4318/1869/898/1871/7850/5328/1017/51176/4314/7039/6692/6573/9134/6716",15
"Environmental Information Processing","Signal transduction","hsa04371","Apelin signaling pathway","20/1492","140/9440",0.142857142857143,0.903868249712754,-0.496486985352533,0.724634223106206,1,0.840877704465245,"108/3710/85366/59345/53632/6543/6696/51764/2792/91807/5331/814/2785/94235/2786/2787/6199/8877/51806/6261",20
"Organismal Systems","Endocrine system","hsa04911","Insulin secretion","12/1492","86/9440",0.13953488372093,0.882848057858969,-0.472844684150416,0.725789609322691,1,0.840877704465245,"815/108/2778/3710/3783/478/3780/6804/6513/1131/5331/9699",12
"Organismal Systems","Excretory system","hsa04964","Proximal tubule bicarbonate reclamation","3/1492","23/9440",0.130434782608696,0.825271010607297,-0.363488833072113,0.728143679833406,1,0.840877704465245,"478/1468/10991",3
"Environmental Information Processing","Signal transduction","hsa04010","MAPK signaling pathway","44/1492","300/9440",0.146666666666667,0.927971403038427,-0.549301721589477,0.732115750102477,1,0.840877704465245,"23542/5923/2261/27091/4791/7042/1943/8911/994/11184/5971/7422/3552/9048/356/3925/6195/2002/7186/5880/1852/2250/773/1944/84451/5778/774/5058/283748/2264/7039/784/2668/1942/5881/4902/10125/3310/3654/123745/6300/777/7124/1945",44
"Genetic Information Processing","Translation","hsa00970","Aminoacyl-tRNA biosynthesis","9/1492","66/9440",0.136363636363636,0.862783329271265,-0.484657398103683,0.736032078625757,1,0.840877704465245,"2617/6897/55157/8565/2058/7453/2193/7407/92935",9
"Environmental Information Processing","Membrane transport","hsa02010","ABC transporters","6/1492","45/9440",0.133333333333333,0.84361036639857,-0.455600615602829,0.736501613753775,1,0.840877704465245,"215/10257/23457/6890/154664/6891",6
"Organismal Systems","Excretory system","hsa04960","Aldosterone-regulated sodium reabsorption","5/1492","38/9440",0.131578947368421,0.832510229998589,-0.448217115603199,0.739289495554299,1,0.840877704465245,"478/6340/6338/2810/3291",5
"Organismal Systems","Circulatory system","hsa04260","Cardiac muscle contraction","12/1492","87/9440",0.137931034482759,0.872700379033004,-0.516808615608748,0.740642222992909,1,0.840877704465245,"27091/4625/478/6543/7139/7137/7170/1345/784/7388/1537/440567",12
NA,NA,"hsa04981","Folate transport and metabolism","4/1492","31/9440",0.129032258064516,0.81639712877281,-0.443615851897993,0.744791075375828,1,0.840877704465245,"10257/6573/7298/6472",4
"Human Diseases","Endocrine and metabolic disease","hsa04933","AGE-RAGE signaling pathway in diabetic complications","14/1492","101/9440",0.138613861386139,0.877020677939108,-0.538345477731609,0.744835818842848,1,0.840877704465245,"5590/581/3383/7042/1277/7422/3552/2335/6772/5331/1281/3576/6300/7124",14
"Human Diseases","Cardiovascular disease","hsa05418","Fluid shear stress and atherosclerosis","20/1492","142/9440",0.140845070422535,0.891137710984405,-0.566298405131264,0.747996778931324,1,0.840877704465245,"1535/5590/3383/4318/59341/3458/7422/3552/7850/6382/5880/7295/653361/5881/387082/51806/6300/6714/7124/2939",20
"Organismal Systems","Nervous system","hsa04720","Long-term potentiation","9/1492","67/9440",0.134328358208955,0.849905966147813,-0.53417062028022,0.752470170362877,1,0.840877704465245,"815/3710/2906/6195/5331/814/2905/5499/51806",9
"Organismal Systems","Excretory system","hsa04961","Endocrine and other factor-regulated calcium reabsorption","7/1492","53/9440",0.132075471698113,0.83565177803632,-0.519826016154476,0.753752696088227,1,0.840877704465245,"1175/492/2778/478/6543/5331/491",7
"Human Diseases","Infectious disease: bacterial","hsa05132","Salmonella infection","36/1492","251/9440",0.143426294820717,0.907469318436709,-0.643734776228096,0.765024177933077,1,0.840877704465245,"578/5217/581/29108/8767/10382/5216/2597/10376/1434/7186/7277/10095/57180/7295/81873/838/51176/375/5058/3606/10092/84790/8772/3576/54205/260334/10333/64837/79861/3654/6300/203068/7124/10381/347688",36
"Metabolism","Carbohydrate metabolism","hsa00630","Glyoxylate and dicarboxylate metabolism","4/1492","32/9440",0.125,0.790884718498659,-0.513370112328936,0.767507454131413,1,0.840877704465245,"39/2731/6472/283871",4
"Metabolism","Metabolism of cofactors and vitamins","hsa00830","Retinol metabolism","9/1492","68/9440",0.132352941176471,0.837407348998581,-0.58298543388689,0.768183657597205,1,0.840877704465245,"8630/54905/157506/53630/8608/158835/29785/7364/339761",9
"Cellular Processes","Cellular community - eukaryotes","hsa04550","Signaling pathways regulating pluripotency of stem cells","20/1492","144/9440",0.138888888888889,0.878760798331844,-0.635176953432616,0.770056392955014,1,0.840877704465245,"5080/3720/2261/6929/8312/3718/1749/7472/5013/7475/3624/1852/80326/2264/2535/6657/7477/6300/8326/5460",20
"Metabolism","Metabolism of other amino acids","hsa00430","Taurine and hypotaurine metabolism","2/1492","17/9440",0.117647058823529,0.744362087998738,-0.457060407170366,0.775253455218547,1,0.840877704465245,"2678/2571",2
"Metabolism","Energy metabolism","hsa00910","Nitrogen metabolism","2/1492","17/9440",0.117647058823529,0.744362087998738,-0.457060407170366,0.775253455218547,1,0.840877704465245,"768/765",2
"Metabolism","Lipid metabolism","hsa00600","Sphingolipid metabolism","7/1492","55/9440",0.127272727272727,0.80526444065318,-0.627520537541798,0.787712048646371,1,0.840877704465245,"2583/8612/130367/7368/8877/129807/10715",7
"Human Diseases","Cancer: specific types","hsa05220","Chronic myeloid leukemia","10/1492","77/9440",0.12987012987013,0.821698408829776,-0.680630717223532,0.795914299949621,1,0.840877704465245,"1870/578/581/7042/1869/1021/1871/1029/399694/3066",10
"Organismal Systems","Endocrine system","hsa04920","Adipocytokine signaling pathway","9/1492","70/9440",0.128571428571429,0.813481424741478,-0.678609272204282,0.79744744868647,1,0.840877704465245,"5588/4793/5443/53632/6513/7186/4794/23305/7124",9
"Cellular Processes","Transport and catabolism","hsa04142","Lysosome","18/1492","133/9440",0.135338345864662,0.856296236569977,-0.723115350332041,0.798230417467791,1,0.840877704465245,"6556/27074/55353/23553/1174/10312/533/1509/10053/1515/57707/2588/245972/23457/130340/7805/8372/1510",18
"Metabolism","Lipid metabolism","hsa00061","Fatty acid biosynthesis","2/1492","18/9440",0.111111111111111,0.703008638665475,-0.546420513461673,0.80234333998531,1,0.840877704465245,"55301/23305",2
"Environmental Information Processing","Signal transduction","hsa04630","JAK-STAT signaling pathway","23/1492","168/9440",0.136904761904762,0.866207072641389,-0.758087893113781,0.804862701521993,1,0.840877704465245,"3595/3589/3594/5008/3560/50615/9466/3718/51561/3458/3593/6772/3581/2056/3559/59067/29949/3561/11009/133396/282618/8651/246778",23
"Organismal Systems","Endocrine system","hsa04922","Glucagon signaling pathway","14/1492","107/9440",0.130841121495327,0.827841948335045,-0.775938088053425,0.817174991256929,1,0.840877704465245,"5214/5315/815/108/2778/3710/53632/6513/3276/5331/5531/3948/51806/2642",14
"Metabolism","Nucleotide metabolism","hsa00230","Purine metabolism","17/1492","128/9440",0.1328125,0.840315013404826,-0.788072300013704,0.817512825279877,1,0.840877704465245,"108/5634/3704/10606/5471/5145/9061/2987/284958/7498/8833/11164/3251/6241/4860/5150/4830",17
"Organismal Systems","Endocrine system","hsa04912","GnRH signaling pathway","12/1492","93/9440",0.129032258064516,0.81639712877281,-0.770909321227977,0.818371039261501,1,0.840877704465245,"815/108/2778/3710/2002/5331/4323/283748/51806/123745/6300/6714",12
"Environmental Information Processing","Signal transduction","hsa04071","Sphingolipid signaling pathway","16/1492","122/9440",0.131147540983607,0.829780688260889,-0.819871647089175,0.827044914694594,1,0.840877704465245,"5590/5522/581/4985/1509/7186/5880/5331/130367/134/5881/8877/53637/6300/10715/7124",16
"Human Diseases","Cancer: specific types","hsa05223","Non-small cell lung cancer","9/1492","73/9440",0.123287671232877,0.780050681258952,-0.8173390834934,0.836062803160135,1,0.840877704465245,"1870/578/581/1869/3718/1021/1871/1029/7039",9
"Environmental Information Processing","Signal transduction","hsa04150","mTOR signaling pathway","21/1492","158/9440",0.132911392405063,0.840940713340347,-0.873544969847104,0.837324250059473,1,0.840877704465245,"81929/8140/7472/7475/28956/6195/9296/80326/245973/6502/51256/6396/6520/54541/6199/253314/2535/1978/7477/8326/7124",21
"Metabolism","Lipid metabolism","hsa00062","Fatty acid elongation","3/1492","28/9440",0.107142857142857,0.677901187284565,-0.739512732434257,0.842006251369901,1,0.840877704465245,"11332/6785/9200",3
"Metabolism","Carbohydrate metabolism","hsa00040","Pentose and glucuronate interconversions","4/1492","36/9440",0.111111111111111,0.703008638665475,-0.773494504733143,0.842800765024514,1,0.840877704465245,"9942/27294/6652/7364",4
"Metabolism","Energy metabolism","hsa00190","Oxidative phosphorylation","18/1492","138/9440",0.130434782608696,0.825271010607297,-0.895849005751208,0.844993387239741,1,0.840877704465245,"479/10312/533/9296/4704/245973/4726/245972/4715/516/1345/509/54205/7388/1537/56901/440567/9551",18
"Metabolism","Lipid metabolism","hsa00564","Glycerophospholipid metabolism","13/1492","103/9440",0.12621359223301,0.798563210911268,-0.890578483874107,0.848396411718481,1,0.840877704465245,"11313/26279/79143/85465/8612/129642/79888/55326/9791/283748/253558/123745/196051",13
"Organismal Systems","Endocrine system","hsa04913","Ovarian steroidogenesis","6/1492","52/9440",0.115384615384615,0.730047432460301,-0.845709227493389,0.851458750195321,1,0.840877704465245,"108/2778/51478/1545/283748/123745",6
"Organismal Systems","Digestive system","hsa04973","Carbohydrate digestion and absorption","6/1492","52/9440",0.115384615384615,0.730047432460301,-0.845709227493389,0.851458750195321,1,0.840877704465245,"478/3938/5331/80201/3101/83756",6
"Organismal Systems","Nervous system","hsa04730","Long-term depression","7/1492","60/9440",0.116666666666667,0.738159070598749,-0.881516032135034,0.857044645580555,1,0.840877704465245,"2778/3710/773/5331/283748/123745/6261",7
"Human Diseases","Cancer: specific types","hsa05216","Thyroid cancer","4/1492","37/9440",0.108108108108108,0.68400840518803,-0.834375705331106,0.85805393893061,1,0.840877704465245,"578/581/51176/7170",4
"Cellular Processes","Cellular community - eukaryotes","hsa04510","Focal adhesion","27/1492","203/9440",0.133004926108374,0.841532508353253,-0.988874564254723,0.862374994025919,1,0.840877704465245,"3381/3371/1298/5923/1299/85366/1311/1277/1297/7422/2335/7143/6696/2002/5880/10298/64098/1280/3695/91807/5058/7410/5881/5499/256076/399694/6714",27
"Metabolism","Metabolism of cofactors and vitamins","hsa00770","Pantothenate and CoA biosynthesis","2/1492","21/9440",0.0952380952380952,0.602578833141836,-0.789908374994621,0.866962731618985,1,0.840877704465245,"586/53354",2
"Cellular Processes","Transport and catabolism","hsa04144","Endocytosis","34/1492","252/9440",0.134920634920635,0.853653346950934,-1.02021345545544,0.867147322908077,1,0.840877704465245,"381/1175/55040/5590/2261/7037/3560/55738/6456/9829/7852/10095/57180/3559/81873/6457/6455/23624/375/3561/1234/2264/10092/92421/254122/3310/6011/6714/2870/3107/3135/3134/3105/3106",34
"Organismal Systems","Nervous system","hsa04722","Neurotrophin signaling pathway","15/1492","120/9440",0.125,0.790884718498659,-0.998819271414627,0.871694828495371,1,0.840877704465245,"4145/815/581/8767/4793/356/6195/4794/814/10603/51806/9500/3654/399694/6300",15
"Metabolism","Carbohydrate metabolism","hsa00520","Amino sugar and nucleotide sugar metabolism","4/1492","38/9440",0.105263157894737,0.666008183998871,-0.893790996320786,0.872026226386646,1,0.840877704465245,"2584/2582/80201/3101",4
"Metabolism","Metabolism of cofactors and vitamins","hsa00860","Porphyrin metabolism","5/1492","46/9440",0.108695652173913,0.687725842172747,-0.919831247983279,0.872914009315848,1,0.840877704465245,"1356/2058/7364/341208/3145",5
"Metabolism","Lipid metabolism","hsa00591","Linoleic acid metabolism","3/1492","30/9440",0.1,0.632707774798928,-0.872963381103972,0.874444564747706,1,0.840877704465245,"26279/283748/123745",3
NA,NA,"hsa04081","Hormone signaling","29/1492","219/9440",0.132420091324201,0.837832213204059,-1.05200090025525,0.875632215477625,1,0.840877704465245,"2769/1815/108/4986/2778/268/887/117247/59345/5443/4985/51764/2792/2056/10267/90226/5331/2785/94235/5368/2786/2787/797/341208/6714/1733/2642/4157/6753",29
"Environmental Information Processing","Signal transduction","hsa04330","Notch signaling pathway","7/1492","62/9440",0.112903225806452,0.714347487676209,-0.977681177147443,0.879061762667571,1,0.840877704465245,"10683/113878/51107/171558/3066/441478/55851",7
"Metabolism","Amino acid metabolism","hsa00340","Histidine metabolism","2/1492","22/9440",0.0909090909090909,0.575188886180843,-0.864263839989168,0.883769491224545,1,0.840877704465245,"26/10841",2
"Metabolism","Carbohydrate metabolism","hsa00030","Pentose phosphate pathway","3/1492","31/9440",0.0967741935483871,0.612297846579607,-0.936754528525059,0.888336010037551,1,0.840877704465245,"5214/5634/2539",3
"Environmental Information Processing","Signal transduction","hsa04012","ErbB signaling pathway","10/1492","86/9440",0.116279069767442,0.735706714882474,-1.06673156791571,0.89172882387073,1,0.840877704465245,"815/2002/10298/5058/7039/145957/6199/399694/1978/6714",10
"Human Diseases","Cardiovascular disease","hsa05412","Arrhythmogenic right ventricular cardiomyopathy","10/1492","86/9440",0.116279069767442,0.735706714882474,-1.06673156791571,0.89172882387073,1,0.840877704465245,"1496/27091/88/1832/6543/1824/51176/3695/784/1000",10
"Organismal Systems","Endocrine system","hsa04917","Prolactin signaling pathway","8/1492","71/9440",0.112676056338028,0.712910168787524,-1.05200751023516,0.89224608415565,1,0.840877704465245,"6772/3659/2001/7054/8651/399694/6300/6714",8
"Metabolism","Amino acid metabolism","hsa00220","Arginine biosynthesis","2/1492","23/9440",0.0869565217391304,0.550180673738198,-0.935759444179643,0.89859099707132,1,0.840877704465245,"790/2805",2
"Human Diseases","Cancer: overview","hsa05207","Chemical carcinogenesis - receptor activation","28/1492","217/9440",0.129032258064516,0.81639712877281,-1.18547310772573,0.902319246280731,1,0.840877704465245,"108/1136/2778/332/10683/990/1869/79852/7422/6195/1143/54852/1545/2250/773/9970/774/993/7364/253152/55584/6199/3838/402569/1978/6714/2939/9641",28
"Environmental Information Processing","Signal transduction","hsa04014","Ras signaling pathway","31/1492","238/9440",0.130252100840336,0.824115168855746,-1.19067771575372,0.902366908094106,1,0.840877704465245,"5923/2261/1943/8437/7422/59345/7535/26279/356/2002/51764/2792/5880/10298/2250/1944/5058/283748/2264/2785/7039/94235/2786/1942/5881/10125/2787/51806/399694/123745/1945",31
"Human Diseases","Drug resistance: antineoplastic","hsa01521","EGFR tyrosine kinase inhibitor resistance","9/1492","80/9440",0.1125,0.711796246648794,-1.12156688237238,0.903792754083144,1,0.840877704465245,"2261/581/7422/7039/6199/253314/399694/1978/6714",9
"Organismal Systems","Endocrine system","hsa04927","Cortisol synthesis and secretion","7/1492","65/9440",0.107692307692308,0.681377603629614,-1.11677533902489,0.906737952815248,1,0.840877704465245,"108/2778/3710/8911/5443/5331/84876",7
"Organismal Systems","Circulatory system","hsa04261","Adrenergic signaling in cardiomyocytes","19/1492","154/9440",0.123376623376623,0.780613488388287,-1.1892534467365,0.906756149540545,1,0.840877704465245,"492/815/5522/27091/108/2778/4625/478/6543/7139/7137/64208/7170/5331/491/784/5499/51806/6300",19
"Human Diseases","Cancer: specific types","hsa05218","Melanoma","8/1492","73/9440",0.10958904109589,0.693378383341291,-1.13941626449931,0.908758654175367,1,0.840877704465245,"1870/578/581/1869/1021/1871/2250/1029",8
"Genetic Information Processing","Folding, sorting and degradation","hsa04130","SNARE interactions in vesicular transport","3/1492","33/9440",0.0909090909090909,0.575188886180843,-1.05912140056671,0.912058144652995,1,0.840877704465245,"6804/8673/10228",3
"Organismal Systems","Circulatory system","hsa04270","Vascular smooth muscle contraction","16/1492","134/9440",0.119402985074627,0.755471969909167,-1.23514515655072,0.916389098870836,1,0.840877704465245,"5588/108/2778/3710/85366/26279/1907/79924/10267/91807/5331/283748/5499/797/51806/123745",16
"Human Diseases","Cardiovascular disease","hsa05414","Dilated cardiomyopathy","12/1492","105/9440",0.114285714285714,0.723094599770203,-1.23619615729795,0.919776011751623,1,0.840877704465245,"27091/108/2778/4625/7042/6543/7139/7137/3695/7170/784/7124",12
"Human Diseases","Cancer: specific types","hsa05213","Endometrial cancer","6/1492","59/9440",0.101694915254237,0.64343163538874,-1.19031723624561,0.921735963061757,1,0.840877704465245,"578/1496/581/8312/2002/51176",6
"Organismal Systems","Digestive system","hsa04979","Cholesterol metabolism","5/1492","51/9440",0.0980392156862745,0.620301739998949,-1.17796530946473,0.922634408668038,1,0.840877704465245,"706/9388/335/341/255738",5
"Human Diseases","Cardiovascular disease","hsa05410","Hypertrophic cardiomyopathy","11/1492","99/9440",0.111111111111111,0.703008638665475,-1.2870138001981,0.928617553976275,1,0.840877704465245,"27091/4625/7042/53632/6543/7139/7137/3695/7170/784/7124",11
"Organismal Systems","Endocrine system","hsa03320","PPAR signaling pathway","8/1492","76/9440",0.105263157894737,0.666008183998871,-1.26657349116241,0.9294644270246,1,0.840877704465245,"335/9415/23305/2173/2172/4973/4312/2710",8
"Organismal Systems","Immune system","hsa04664","Fc epsilon RI signaling pathway","7/1492","69/9440",0.101449275362319,0.641877452694564,-1.29354552172263,0.935071777334055,1,0.840877704465245,"5880/283748/7410/5881/123745/6300/7124",7
"Organismal Systems","Endocrine system","hsa04924","Renin secretion","7/1492","69/9440",0.101449275362319,0.641877452694564,-1.29354552172263,0.935071777334055,1,0.840877704465245,"2778/3710/1907/5331/134/51806/84876",7
"Metabolism","Glycan biosynthesis and metabolism","hsa00603","Glycosphingolipid biosynthesis - globo and isoglobo series","1/1492","16/9440",0.0625,0.39544235924933,-1.04857269011947,0.936388411880694,1,0.840877704465245,"2524",1
"Metabolism","Carbohydrate metabolism","hsa00650","Butanoate metabolism","2/1492","27/9440",0.0740740740740741,0.468672425776983,-1.1978396457423,0.941930637270444,1,0.840877704465245,"39/2571",2
"Environmental Information Processing","Signal transduction","hsa04068","FoxO signaling pathway","15/1492","133/9440",0.112781954887218,0.713580197141648,-1.44126048714658,0.946028767234309,1,0.840877704465245,"9454/7042/53632/356/1017/3276/1032/891/10733/6502/85417/9133/5347/6300/100132074",15
NA,NA,"hsa03273","Virion - Lassa virus and SFTS virus","1/1492","17/9440",0.0588235294117647,0.372181043999369,-1.12249073469786,0.946459346672078,1,0.840877704465245,"7037",1
"Environmental Information Processing","Signal transduction","hsa04072","Phospholipase D signaling pathway","17/1492","149/9440",0.114093959731544,0.721881353797434,-1.48255388175057,0.94975552694789,1,0.840877704465245,"9170/108/2778/2916/2914/8612/375/5331/55326/283748/2912/3576/23566/8877/2918/399694/123745",17
"Metabolism","Carbohydrate metabolism","hsa00620","Pyruvate metabolism","4/1492","47/9440",0.0851063829787234,0.538474701956534,-1.3742342068821,0.95260785042406,1,0.840877704465245,"5315/4200/39/3948",4
"Metabolism","Glycan biosynthesis and metabolism","hsa00511","Other glycan degradation","1/1492","18/9440",0.0555555555555556,0.351504319332738,-1.1931368684113,0.954936758830123,1,0.840877704465245,"129807",1
"Organismal Systems","Digestive system","hsa04980","Cobalamin transport and metabolism","1/1492","18/9440",0.0555555555555556,0.351504319332738,-1.1931368684113,0.954936758830123,1,0.840877704465245,"5052",1
"Metabolism","Amino acid metabolism","hsa00280","Valine, leucine and isoleucine degradation","4/1492","48/9440",0.0833333333333333,0.527256478999106,-1.42260928087006,0.957809371022206,1,0.840877704465245,"586/3028/259307/39",4
"Organismal Systems","Digestive system","hsa04976","Bile secretion","9/1492","90/9440",0.1,0.632707774798928,-1.5168605623278,0.958723535706528,1,0.840877704465245,"6343/108/2778/366/478/6513/10257/7364/6580",9
"Metabolism","Global and overview maps","hsa01212","Fatty acid metabolism","5/1492","57/9440",0.087719298245614,0.555006819999059,-1.45995140395915,0.958987577225849,1,0.840877704465245,"6785/39/9415/23305/9200",5
"Organismal Systems","Endocrine system","hsa04919","Thyroid hormone signaling pathway","13/1492","122/9440",0.10655737704918,0.674196809211972,-1.5692508442737,0.960693246715558,1,0.840877704465245,"5214/4625/478/117247/6772/6513/2626/116931/5331/90390/3066/6714/1733",13
"Environmental Information Processing","Signal transduction","hsa04015","Rap1 signaling pathway","25/1492","212/9440",0.117924528301887,0.746117658960999,-1.6198138469582,0.961001231787363,1,0.840877704465245,"9170/5590/2261/5217/108/2778/1943/23094/5216/7422/5880/2250/1944/5331/55740/3689/7410/2264/1942/5881/23566/51806/6300/6714/1945",25
"Metabolism","Carbohydrate metabolism","hsa00020","Citrate cycle (TCA cycle)","2/1492","30/9440",0.0666666666666667,0.421805183199285,-1.37422702572815,0.962175101779541,1,0.840877704465245,"3418/55753",2
"Organismal Systems","Environmental adaptation","hsa04714","Thermogenesis","28/1492","235/9440",0.119148936170213,0.753864582739148,-1.65544448142978,0.963511388275472,1,0.840877704465245,"23028/8193/51548/108/2778/6598/53632/656/6195/6597/86/4704/4726/4715/516/65260/23305/1345/509/388753/7388/6199/1537/353500/56901/6300/440567/9551",28
"Metabolism","Carbohydrate metabolism","hsa00053","Ascorbate and aldarate metabolism","2/1492","31/9440",0.0645161290322581,0.408198564386405,-1.42989320515213,0.967267452934161,1,0.840877704465245,"55586/7364",2
"Metabolism","Metabolism of other amino acids","hsa00410","beta-Alanine metabolism","2/1492","31/9440",0.0645161290322581,0.408198564386405,-1.42989320515213,0.967267452934161,1,0.840877704465245,"54498/2571",2
"Cellular Processes","Cellular community - eukaryotes","hsa04520","Adherens junction","9/1492","93/9440",0.0967741935483871,0.612297846579607,-1.62787870328074,0.968524856960099,1,0.840877704465245,"1496/117178/5880/4008/51176/81607/5881/6714/1460",9
"Human Diseases","Endocrine and metabolic disease","hsa04932","Non-alcoholic fatty liver disease","17/1492","157/9440",0.10828025477707,0.68509759054661,-1.72385252763145,0.971577304410654,1,0.840877704465245,"581/3552/53632/356/7186/4704/4726/4715/1345/3576/54205/7388/1537/56901/6300/7124/440567",17
"Environmental Information Processing","Signal transduction","hsa04022","cGMP-PKG signaling pathway","18/1492","166/9440",0.108433734939759,0.686068671468717,-1.76796487153027,0.974280070411015,1,0.840877704465245,"292/492/1258/108/4625/3710/85366/478/10105/4985/6543/2626/91807/5331/491/134/5499/51806",18
"Metabolism","Xenobiotics biodegradation and metabolism","hsa00980","Metabolism of xenobiotics by cytochrome P450","7/1492","79/9440",0.0886075949367089,0.560627142226898,-1.69904203380395,0.975490117788016,1,0.840877704465245,"27294/1545/29785/374875/7364/1553/2939",7
"Organismal Systems","Aging","hsa04213","Longevity regulating pathway - multiple species","5/1492","62/9440",0.0806451612903226,0.510248205483006,-1.67623630220586,0.976495037716382,1,0.840877704465245,"108/53632/3310/6199/3066",5
"Organismal Systems","Environmental adaptation","hsa04710","Circadian rhythm","2/1492","34/9440",0.0588235294117647,0.372181043999369,-1.58887550992035,0.978883246447073,1,0.840877704465245,"53632/4862",2
"Metabolism","Lipid metabolism","hsa00590","Arachidonic acid metabolism","5/1492","63/9440",0.0793650793650794,0.502149027618196,-1.71773494875847,0.979028243515963,1,0.840877704465245,"2678/26279/283748/242/123745",5
"Organismal Systems","Endocrine system","hsa04614","Renin-angiotensin system","1/1492","23/9440",0.0434782608695652,0.275090336869099,-1.50803005528717,0.980972308195334,1,0.840877704465245,"7064",1
"Organismal Systems","Aging","hsa04211","Longevity regulating pathway","8/1492","90/9440",0.0888888888888889,0.56240691093238,-1.80719234879119,0.980997056681879,1,0.840877704465245,"108/581/53632/814/6199/253314/1978/10919",8
"Organismal Systems","Endocrine system","hsa04928","Parathyroid hormone synthesis, secretion and action","11/1492","115/9440",0.0956521739130435,0.605198741112018,-1.84553167807818,0.981292585699545,1,0.840877704465245,"6559/108/2778/3710/1594/860/4322/5331/4323/10568/65267",11
"Cellular Processes","Transport and catabolism","hsa04146","Peroxisome","7/1492","83/9440",0.0843373493975904,0.533608966697891,-1.84901059220181,0.983796600399622,1,0.840877704465245,"215/5052/7498/23305/3418/390916/84769",7
"Cellular Processes","Transport and catabolism","hsa04148","Efferocytosis","16/1492","157/9440",0.101910828025478,0.644797732279162,-1.94446377242351,0.984322351324364,1,0.840877704465245,"815/55423/6513/1788/2056/89790/50636/6566/5031/8877/811/29933/338440/6300/389668/100133941",16
"Genetic Information Processing","Folding, sorting and degradation","hsa04120","Ubiquitin mediated proteolysis","14/1492","142/9440",0.0985915492957746,0.623796397689084,-1.95700000358057,0.985369330873074,1,0.840877704465245,"672/79444/6923/27338/991/51529/23624/6502/6921/9246/11065/63893/8651/378884",14
"Genetic Information Processing","Transcription","hsa03040","Spliceosome","26/1492","237/9440",0.109704641350211,0.694109795138064,-2.06630062817975,0.987520414283315,1,0.840877704465245,"84321/6626/55110/51639/9129/6631/6628/51690/25804/6627/51645/6636/9775/10262/6637/4116/6632/10713/3310/22827/6635/10189/26835/26834/57819/124904621",26
"Metabolism","Carbohydrate metabolism","hsa00562","Inositol phosphate metabolism","6/1492","78/9440",0.0769230769230769,0.486698288306867,-1.97221460610695,0.989359600920369,1,0.840877704465245,"55586/7167/23007/3706/3613/5331",6
"Organismal Systems","Endocrine system","hsa04910","Insulin signaling pathway","13/1492","138/9440",0.0942028985507246,0.596029063216381,-2.07119015183351,0.989714201239453,1,0.840877704465245,"5590/53632/2002/80201/3101/10603/5499/6199/253314/51806/8651/399694/1978",13
"Metabolism","Carbohydrate metabolism","hsa00500","Starch and sucrose metabolism","2/1492","40/9440",0.05,0.316353887399464,-1.87722311356691,0.991361623273257,1,0.840877704465245,"80201/3101",2
"Human Diseases","Cancer: overview","hsa05208","Chemical carcinogenesis - reactive oxygen species","24/1492","227/9440",0.105726872246696,0.668942140756576,-2.18743305609491,0.991381680090324,1,0.840877704465245,"292/1535/79852/10105/7422/1545/4704/4726/4715/653361/516/1345/509/4025/253152/7388/115019/1537/56901/6300/6714/65010/440567/2939",24
"Human Diseases","Cancer: overview","hsa05204","Chemical carcinogenesis - DNA adducts","5/1492","71/9440",0.0704225352112676,0.445568855492203,-2.03164885871141,0.991815616024714,1,0.840877704465245,"1545/374875/7364/1553/2939",5
"Human Diseases","Cancer: overview","hsa05231","Choline metabolism in cancer","8/1492","99/9440",0.0808080808080808,0.511279009938527,-2.11787526690755,0.992461282588268,1,0.840877704465245,"5880/8612/283748/5881/6580/6199/1978/123745",8
"Human Diseases","Infectious disease: viral","hsa05171","Coronavirus disease - COVID-19","25/1492","238/9440",0.105042016806723,0.664609007141731,-2.27047766804478,0.993225813544537,1,0.840877704465245,"51121/4938/4793/4940/4939/3593/64135/6772/6204/4314/4599/200916/115004/717/3627/3576/733/3654/9636/6300/4312/7124/629/9641/6139",25
"Human Diseases","Endocrine and metabolic disease","hsa04931","Insulin resistance","9/1492","109/9440",0.0825688073394495,0.522419263595445,-2.17277337346667,0.99338324804256,1,0.840877704465245,"5588/5590/57761/53632/6513/6195/5499/6199/7124",9
"Metabolism","Lipid metabolism","hsa00071","Fatty acid degradation","2/1492","43/9440",0.0465116279069767,0.29428268595299,-2.00950394113904,0.994514484311182,1,0.840877704465245,"39/23305",2
"Genetic Information Processing","Transcription","hsa03022","Basal transcription factors","2/1492","44/9440",0.0454545454545455,0.287594443090422,-2.05210986422765,0.995289368582273,1,0.840877704465245,"6873/54457",2
"Environmental Information Processing","Signal transduction","hsa04340","Hedgehog signaling pathway","3/1492","56/9440",0.0535714285714286,0.338950593642283,-2.14957404166128,0.995774089970171,1,0.840877704465245,"6608/23432/6469",3
"Metabolism","Carbohydrate metabolism","hsa00640","Propanoate metabolism","1/1492","32/9440",0.03125,0.197721179624665,-1.96956418095428,0.995974186616987,1,0.840877704465245,"3948",1
"Cellular Processes","Transport and catabolism","hsa04136","Autophagy - other","1/1492","32/9440",0.03125,0.197721179624665,-1.96956418095428,0.995974186616987,1,0.840877704465245,"285973",1
"Organismal Systems","Endocrine system","hsa04923","Regulation of lipolysis in adipocytes","3/1492","59/9440",0.0508474576271186,0.32171581769437,-2.26428767496345,0.99723257247038,1,0.840877704465245,"108/2778/134",3
"Human Diseases","Endocrine and metabolic disease","hsa04936","Alcoholic liver disease","12/1492","144/9440",0.0833333333333333,0.527256478999106,-2.47672192898664,0.997340192995938,1,0.840877704465245,"3593/53632/356/51176/2919/717/8772/3576/3654/6300/7124/9641",12
"Organismal Systems","Endocrine system","hsa04935","Growth hormone synthesis, secretion and action","9/1492","122/9440",0.0737704918032787,0.46675163714675,-2.56842310718641,0.998345471139496,1,0.840877704465245,"108/2778/3710/6772/5331/8651/399694/6300/6753",9
"Cellular Processes","Transport and catabolism","hsa04137","Mitophagy - animal","7/1492","105/9440",0.0666666666666667,0.421805183199285,-2.58125052853962,0.998630971483182,1,0.840877704465245,"1869/7186/10452/285973/6714/1460/192111",7
"Environmental Information Processing","Signal transduction","hsa04152","AMPK signaling pathway","8/1492","122/9440",0.0655737704918033,0.414890344130444,-2.81821617291458,0.999431332115103,1,0.840877704465245,"5214/5522/5210/53632/8900/890/6199/1978",8
"Organismal Systems","Excretory system","hsa04962","Vasopressin-regulated water reabsorption","1/1492","44/9440",0.0227272727272727,0.143797221545211,-2.46632293979875,0.999493731848366,1,0.840877704465245,"2778",1
"Environmental Information Processing","Signal transduction","hsa04070","Phosphatidylinositol signaling system","5/1492","98/9440",0.0510204081632653,0.322810089183126,-2.91959130019756,0.999743500899035,1,0.840877704465245,"3710/3706/3613/5331/51806",5
"Metabolism","Xenobiotics biodegradation and metabolism","hsa00982","Drug metabolism - cytochrome P450","2/1492","73/9440",0.0273972602739726,0.173344595835323,-3.0718793505348,0.999950551674891,1,0.840877704465245,"7364/2939",2
"Cellular Processes","Transport and catabolism","hsa04140","Autophagy - animal","7/1492","169/9440",0.0414201183431953,0.262068309088313,-4.19386743806311,0.999999683653882,1,0.840877704465245,"5588/1509/8673/54541/6199/285973/1612",7
"Organismal Systems","Sensory system","hsa04740","Olfactory transduction","10/1492","454/9440",0.0220264317180617,0.139362945990953,-8.14297750452556,1,1,0.840877704465245,"1258/815/6543/26212/51764/392309/51806/1260/390083/26659",10
