"baseMean","log2FoldChange","lfcSE","stat","pvalue","padj","gene_symbol","druggability_score","priority_score"
1628.75973850436,4.77480082998573,0.190981110185898,25.0014298552251,5.8983791441235e-138,1.53753049149867e-133,"HJURP",0,41.2763931278257
4123.26326292911,5.40520303110366,0.22333778912954,24.2019187714289,2.12361023084496e-129,1.84520492958118e-125,"UBE2C",0,39.0417475274762
7956.82536841684,4.65413278888943,0.191676604643507,24.2811729555909,3.09937478557257e-130,4.03957012677601e-126,"TPX2",0,39.0143392911066
2469.44136917299,4.8567688045512,0.201319170098811,24.1247209700269,1.37584988825465e-128,8.96606975928352e-125,"KIF4A",0,38.6712500073118
2530.72315577045,4.56429320860361,0.191654426857498,23.8152245342986,2.3228733889257e-125,1.21100681258252e-121,"PLK1",0,37.6443439866922
5112.1260077252,5.00684232229346,0.214209309233313,23.3735981886768,7.93298626788371e-121,3.44648588408208e-117,"CDC20",0,36.4408397454654
2185.06248530785,4.9114568363683,0.215360124262116,22.8057856727021,4.01740619076845e-115,8.72681059789677e-112,"MELK",3,35.9911803857994
2104.75715855342,3.92780496809447,0.169675997170333,23.1488544850068,1.49289149557335e-118,5.55931465930152e-115,"AURKA",0,35.4548351136387
2789.17751311369,4.61141518709644,0.201383529872057,22.8986709589715,4.79002964842657e-116,1.38735225383928e-112,"KIF20A",0,34.9407685329167
933.157121849268,4.69273453481328,0.20565682227113,22.8182779593207,3.01957621318812e-115,7.15557210447043e-112,"CENPA",0,34.7514270517456
3670.98068899587,4.28611062632801,0.187590837960391,22.8481874324428,1.52330391277033e-115,3.97079630941841e-112,"KIFC1",0,34.7061699050301
1166.16084338626,4.56270837346584,0.201211414396794,22.6761905488525,7.69714498164001e-114,1.43315341597436e-110,"TROAP",0,34.3219247070884
1092.65296328452,4.28335342154554,0.188727725465948,22.6959415261875,4.91312517750083e-114,9.85157184630108e-111,"CDC45",0,34.28695436778
2434.94825350467,4.59512965411736,0.203272823492227,22.6057255228369,3.80669112258166e-113,6.61526783282241e-110,"CEP55",0,34.1323746665778
1350.9618718481,4.3129299232577,0.191369552989541,22.5371792737239,1.79389403920324e-112,2.92258974499443e-109,"GTSE1",0,33.8541486201556
1767.1076558874,4.7753257097789,0.213619575002875,22.354345147043,1.09546996664789e-110,1.67974209533004e-107,"NUF2",0,33.4650249311254
2880.32225291083,4.64398675522466,0.207770075378722,22.3515669749825,1.16580008140145e-110,1.68827281788287e-107,"KIF2C",0,33.4249632381233
2684.11005025866,4.37005657966539,0.196176684024121,22.2761262450948,6.29746984950445e-110,8.63979718773856e-107,"CDCA8",0,33.1300659095337
1599.71806828683,4.46172341847629,0.200460683548498,22.2573491195187,9.5744030144917e-110,1.24787981689378e-106,"CDCA3",0,33.1096651973844
4614.51668453895,5.02134262667033,0.228314198058121,21.9931246912295,3.35100411116004e-107,3.6396093402337e-104,"FOXM1",1,32.9380863567376
4770.43987068869,4.93036885250312,0.222879300233948,22.1212505931591,1.97380447161686e-108,2.45005529341127e-105,"BIRC5",0,32.8623578900311
1630.73951329667,4.78569574596159,0.217176029235486,22.0360219440813,1.30076778275649e-107,1.47422233883102e-104,"AURKB",0,32.5851398274604
871.36350148212,4.61577557682115,0.209328152356193,22.0504290744751,9.4622409180251e-108,1.121146518228e-104,"SKA1",0,32.569833961284
1837.72182450865,4.52233743347252,0.20604209976555,21.9486087484954,8.92924376914739e-107,9.3103438932146e-104,"NDC80",0,32.2660115132393
1011.92377759762,4.46951580977895,0.204491652891339,21.8567151596839,6.71026916344532e-106,6.72756101090496e-103,"CKAP2L",0,31.9924974494387
2634.30186912685,4.28089378585548,0.196506517202452,21.7849964815419,3.21970567443224e-105,3.10844695612686e-102,"CCNB2",0,31.7365050975227
4857.3081568113,4.72647267002077,0.217958698139481,21.6851757253391,2.83173886938378e-104,2.63624775386525e-101,"ANLN",0,31.5916459341901
2788.03768788694,4.20519563795688,0.194484829836081,21.6222295667029,1.10984232162384e-103,9.97595165440294e-101,"CDCA5",0,31.2618723906496
2023.58215569345,4.82860631274166,0.224468057529568,21.5113293440676,1.21958887600872e-102,1.02551687841675e-99,"NEK2",0,31.1452990500495
1965.03635207739,4.34483836950476,0.205834586184066,21.1083980105239,6.65918236150868e-99,4.56802385835386e-96,"TTK",3,31.1055330017947
973.157386698047,4.12846672749087,0.19141793826115,21.5678152475889,3.60313919540185e-103,3.13076764688467e-100,"SPC24",0,31.0898447670858
1011.07786360459,4.31052242110713,0.200907526936911,21.4552559917813,4.07859658821948e-102,3.32239928953491e-99,"SKA3",0,30.8367211787626
3835.45803932248,4.84439140754435,0.226847149402823,21.3553109232241,3.4804771935636e-101,2.74926057589765e-98,"IQGAP3",0,30.7215526509493
2930.2955528209,4.56280922684603,0.214027358886353,21.3188129339523,7.59608040311502e-101,5.82373611376468e-98,"BUB1",0,30.5392822616787
1260.6731505685,4.74474468125362,0.22379021376718,21.2017523080335,9.20062358039178e-100,6.85236156771636e-97,"KIF18B",0,30.2726713231878
1756.90820301433,4.46916613607726,0.211375886802031,21.1432164931044,3.18606722547648e-99,2.3069781768471e-96,"DLGAP5",0,30.0318367949402
899.463014027811,4.76390711192049,0.226586380144275,21.0246843119483,3.89980192364513e-98,2.60656760881173e-95,"PIMREG",0,29.8043514353513
1649.45882603539,3.86992682072474,0.183241362874932,21.1192863882271,5.28878113137218e-99,3.72601777706699e-96,"NCAPH",0,29.7896045694339
1863.67555792387,4.44808162454395,0.211888918420246,20.9925165398311,7.6771619785831e-98,5.00301453239314e-95,"FAM83D",0,29.6246549580455
3658.48210821194,3.85801666881318,0.187190767628407,20.6100798543214,2.22863843218733e-94,1.29097595581838e-91,"CDK1",3,29.6241295545371
3969.22250341462,3.29263985395445,0.157087084419785,20.9606019878471,1.50175878404633e-97,9.54788932286235e-95,"CCNB1",0,29.1938197433524
1470.56188949803,4.64903026956582,0.223683689245287,20.7839484642432,6.0474578719233e-96,3.75331153208154e-93,"EXO1",0,29.1223846969136
1183.90920193572,4.76980167324394,0.230351287430516,20.7066421310223,3.01773017503687e-95,1.82937610401595e-92,"PKMYT1",0,28.9522496014117
2323.36779027755,4.27197648847305,0.206898686880239,20.6476732785927,1.02435876106479e-94,6.0686272328809e-92,"PTTG1",0,28.6466658080469
841.754982751946,3.74595514605601,0.185871854854436,20.1534285488765,2.51105842663099e-90,1.23501433975453e-87,"CDKN3",3,28.396284943751
427.45562379332,4.26655955083039,0.208206814775163,20.4919303695114,2.54115473234494e-93,1.35184245730685e-90,"CDC25C",0,28.2406900405875
1957.55423855091,4.01964765595619,0.196109948972305,20.4969083772688,2.29413408067257e-93,1.24585818918525e-90,"UBE2T",0,28.177253713422
11349.9489152552,4.32132012668508,0.211739149077827,20.4086969533288,1.39966619130624e-92,7.29701972175598e-90,"CENPF",0,28.0374523819971
2421.85307507639,3.6624504212015,0.179854944761345,20.3633568488279,3.53513633289468e-92,1.80687056450129e-89,"PRR11",0,27.721657013487
4756.4467485647,4.42094631951017,0.218851904174799,20.2006299016669,9.66564995142606e-91,4.84527879391967e-88,"RRM2",0,27.520688264522
1988.04333048671,3.83309433821243,0.190748638171489,20.0950023809154,8.16106157851139e-90,3.93952578087142e-87,"ASF1B",0,27.0712951173891
1272.31907922138,4.45033253529876,0.222780806201206,19.9762834652794,8.8577714799361e-89,4.19810053031808e-86,"DEPDC1",0,26.9481839103129
2579.20610166436,3.70276187236304,0.185562157630481,19.9542941278822,1.37551678767638e-88,6.40278501863576e-86,"KIF23",0,26.6689178856793
1569.01163418433,3.35664931832633,0.168902981533861,19.8732389910678,6.93785477926257e-88,3.17279053563224e-85,"GINS1",0,26.3565623750864
403.439491866984,4.09274763436397,0.207181224321482,19.7544330948314,7.34760223603194e-87,3.24627029638381e-84,"SGO1",0,26.2744088869245
1139.66022137687,4.37014987247416,0.227406627362744,19.2173373448048,2.65025645635933e-82,9.09003092735773e-80,"PBK",3,26.2234753534899
2210.00934958708,4.00704676090954,0.202955254944205,19.7434984475328,9.12367686039537e-87,3.96378141199877e-84,"CCNA2",0,26.2226811192549
1031.86202733785,3.83504480044847,0.199811274268555,19.193335383538,4.20748557747632e-82,1.42437047465033e-79,"HMMR",3,26.004426551314
418.912233101602,3.92844153501048,0.19987124888408,19.6548606012307,5.25330457879896e-86,2.20867565250891e-83,"MTFR2",0,25.9752928773852
559.86885717137,3.37518535576436,0.171713594274996,19.6559006875079,5.14672909049287e-86,2.19934077380127e-83,"SPC25",0,25.8098678490104
1370.73373697498,3.91283054191,0.199785026374986,19.5852042212904,2.06775757450858e-85,8.42191198354924e-83,"BUB1B",0,25.7962259530694
798.066142152463,3.41689336048883,0.174212035351479,19.6134173715101,1.18776611042567e-85,4.91452368261364e-83,"RAD51",0,25.7176235784771
1737.00522312968,3.55486354540002,0.181926876276383,19.5400680655863,5.01153509728255e-85,2.00977977509022e-82,"CDC6",0,25.5755145221704
297.615862831509,4.31444663991712,0.222522976673059,19.3887692157565,9.60068038098219e-84,3.68030787486857e-81,"NEIL3",0,25.4245687466913
2452.99875783849,3.32153574144156,0.170569189409314,19.4732457423532,1.85159079902756e-84,7.3129420239775e-82,"EZH2",0,25.3372330833096
6463.48641154057,4.90823975577898,0.254595237336086,19.2786000521279,8.12457134378044e-83,2.90113974271678e-80,"MYBL2",0,25.333701332185
1569.66876686991,4.34032822400257,0.224360654728796,19.3453180516392,2.23223030784099e-83,8.43297788905669e-81,"MCM10",0,25.3243041787132
3188.57537177118,3.40219611957003,0.174985351462331,19.4427481565645,3.35692801720181e-84,1.30604541230447e-81,"KIF11",0,25.2858713524745
1227.15620217376,4.44664844409449,0.230612060822871,19.2819422723509,7.61623100129532e-83,2.75739296542729e-80,"KIF14",0,25.2018449342394
578.380842107682,3.6505998421134,0.188736781336334,19.3422809071218,2.36767229549806e-83,8.8168733895354e-81,"ERCC6L",0,25.1115855713259
1868.95611438596,3.51286362645121,0.181629808146058,19.3407880694689,2.43721956116148e-83,8.94802849306992e-81,"E2F1",0,25.0683408804321
1597.42835184203,4.01228813647182,0.208137312670264,19.2771208823484,8.36021813294099e-83,2.94494332528882e-80,"NCAPG",0,25.0629633585477
565.223230420706,4.00422927953749,0.208281433152007,19.2250899129119,2.28243182393155e-82,7.9328200472565e-80,"RAD54L",0,24.9314405030791
1120.20636768681,3.79849151757921,0.19808727974039,19.1758477503323,5.89005289552256e-82,1.96841036958444e-79,"WDR62",0,24.7513127620044
533.753563103381,4.30995129845543,0.227378350885548,18.9549765035672,4.01733320020903e-80,1.24666457773629e-77,"E2F8",0,24.3642605036054
3327.69884075062,4.53021690954323,0.239386690769777,18.9242638969433,7.19881258038827e-80,2.1819935759649e-77,"ASPM",0,24.3574090325703
827.788420876035,3.58504601094864,0.188657794026441,19.0029043297633,1.61363186504163e-80,5.25781772825501e-78,"ORC6",0,24.2592721453559
10074.8243569936,4.32318519125036,0.22878834542194,18.8960026931327,1.23027828013188e-79,3.68616826760894e-77,"MKI67",0,24.2269830105226
2000.79699018233,3.70294289899827,0.195300580584559,18.960224736224,3.6358723914747e-80,1.14188295938037e-77,"DTL",0,24.1935963921255
933.579080032958,3.54618907930537,0.186844231813762,18.9793875084142,2.52522551643876e-80,8.12654981938385e-78,"CDC25A",0,24.1908848631553
826.107567132442,3.55118953983759,0.187172495052617,18.9728172338532,2.8615199004178e-80,9.09649259075496e-78,"KIF18A",0,24.1776946709179
1149.81195539633,3.58241219393386,0.189037951013368,18.9507565794581,4.35280031586116e-80,1.33487583333592e-77,"KIF15",0,24.1370913969879
10938.8553982107,4.22047601237357,0.224347933658676,18.8121902597714,6.00065572350208e-79,1.75751789600594e-76,"TOP2A",0,23.9926728769308
1335.80035561043,4.55035673317279,0.243147721567593,18.7143712630177,3.78056354809145e-78,1.05965537643118e-75,"CDCA2",0,23.85755762616
3429.07815367727,6.15618258302622,0.332586622374698,18.5100126369201,1.71460427728002e-76,4.6556864266519e-74,"COL10A1",0,23.8464596583999
1166.58042766606,3.98862065052163,0.212587852827992,18.7622227585547,1.53830047193014e-78,4.3585737393264e-76,"CLSPN",0,23.804782875794
4012.34135349436,3.02205708676041,0.161043713701598,18.7654458364023,1.44777820679585e-78,4.14716862819203e-76,"TACC3",0,23.5212916176515
4978.62556959796,3.91857229056933,0.210596422728155,18.6070220937587,2.81853826910693e-77,7.8160464958309e-75,"TK1",0,23.4076755469004
1755.65095468455,3.97665562211165,0.21386024869146,18.5946460197418,3.55048872922287e-77,9.74216733733186e-75,"CDT1",0,23.3964000111325
2040.04517525815,3.71566770057842,0.200857881325662,18.4989888176406,2.10384135643721e-76,5.65369408641741e-74,"TRIP13",0,23.0890006184592
580.616585253985,3.93011947926286,0.214483798471239,18.3236193468938,5.36249971006673e-75,1.38400277170603e-72,"DEPDC1B",0,22.7366947558173
1421.1822387802,3.58051383936097,0.195229747238529,18.3400014086294,3.96786822933986e-75,1.03430421134202e-72,"ESPL1",0,22.6697596639113
1428.63566306904,3.12837019241267,0.170250081787696,18.3751464878224,2.07746274227751e-75,5.52583890846408e-73,"ARHGAP11A",0,22.6157915917139
4904.1563195518,3.28577033675683,0.18033677488508,18.2201901905515,3.56912329872156e-74,9.12120951252696e-72,"LMNB1",0,22.297715371575
2109.44682871234,3.35454445662916,0.184316119809004,18.1999515837534,5.16534165120335e-74,1.30723262933901e-71,"SPAG5",0,22.2714574731136
8360.35580200963,6.42126790548209,0.36115973190278,17.7795787798697,1.01741493994037e-70,2.3892752467951e-68,"COL11A1",0,22.2129005165131
1644.57267124022,4.14760766544885,0.23027991631689,18.0111567338825,1.59265322022289e-72,3.91657466901417e-70,"UHRF1",0,22.0664103764161
1044.48739234825,3.37720287033865,0.192131371594971,17.5775712331773,3.65918460628046e-69,8.44105886123122e-67,"TICRR",3,22.0352417824902
12626.7080233231,2.78198178971335,0.154057210386751,18.0581083009964,6.81171896989415e-73,1.69105788941172e-70,"KPNA2",0,21.7661469944416
2694.15819728193,3.80158034838175,0.212377125740572,17.900140305249,1.17625217006552e-71,2.83901530713869e-69,"CBX2",0,21.7045237842783
708.220622687321,3.45491134806624,0.192737212934585,17.9255022704869,7.45740004496919e-72,1.81674810254404e-69,"POLQ",0,21.6586849898365
753.248058418524,3.71190748297388,0.208488831630362,17.8038672572873,6.59531536583243e-71,1.56290986946503e-68,"ORC1",0,21.4553920647921
1718.92935725063,3.0370519775816,0.16978906810215,17.8872056459749,1.48364253410898e-71,3.54808348042374e-69,"CHEK1",0,21.4461174444254
2796.70978531911,3.42024735858945,0.193031102765735,17.7186334719349,3.01139079344276e-70,7.00874319756004e-68,"CKS2",0,21.1723821632981
460.399888590888,3.85880842364727,0.220341387635879,17.5128624951027,1.14299112736955e-68,2.61353944887212e-66,"PCLAF",0,20.8324738091716
1158.46440558231,3.60052115786482,0.206278804325442,17.4546346127949,3.17402099465088e-68,7.19453958848388e-66,"KNL1",0,20.6230554453584
679.575424999333,3.6883721781886,0.211920312020287,17.404524101661,7.62369204310379e-68,1.71316190075506e-65,"CENPM",0,20.5363721312076
1038.03144162531,3.77520455532868,0.21777787936518,17.335114871783,2.55556001940123e-67,5.69365666886597e-65,"E2F2",0,20.4059439839889
1100.0896494466,4.0103224411795,0.232804997184881,17.226101199171,1.69177071153398e-66,3.61470386373411e-64,"CCNE1",0,20.2356749153596
1782.07019908511,3.24525985003932,0.187306097800598,17.3259700999919,2.99600415560544e-67,6.61837629865822e-65,"STIL",0,20.2273525181962
442.137425572908,3.25509076691535,0.188122816134465,17.3030089268316,4.46450286001903e-67,9.77951227328707e-65,"AUNIP",0,20.179432071255
1804.64309537879,3.34314086300123,0.194280379048444,17.2078152172414,2.32021480263761e-66,4.87750316615763e-64,"CENPE",0,19.9964829909057
1308.03490398402,3.56932398631661,0.208193720952085,17.1442441683344,6.93953291809379e-66,1.43565717917421e-63,"RAD51AP1",0,19.9236819717854
2834.13956906599,3.21930929039794,0.187442667282507,17.1749011954995,4.09349174214314e-66,8.53640393939561e-64,"ZWINT",0,19.8864102998536
15860.9108584998,5.93710187605474,0.353870252774476,16.7776235202186,3.55792111747933e-63,6.86995035328398e-61,"MMP11",0,19.8300444832432
6144.25030639134,2.88004743875472,0.168057470684771,17.1372770696811,7.82293326821746e-66,1.60567245277657e-63,"HMGB3",0,19.7023171446475
15484.8660828292,4.21576047331528,0.255159986720116,16.5220281106987,2.54687724502636e-61,4.57858269973118e-59,"SLC7A5",2,19.5665088231094
1809.2474475201,3.38602733866247,0.200268998323384,16.9073963869081,3.96858253980145e-64,7.8968733637408e-62,"RECQL4",0,19.3465716495149
192.12401553475,5.47778487940313,0.329906989043325,16.6040279876695,6.51672203545859e-62,1.19627741759366e-59,"LINC01614",0,19.3199858924605
907.165814834058,2.84612551354136,0.168960045967103,16.8449617615251,1.14242803605659e-63,2.2560357284763e-61,"PAQR4",0,19.047833862097
2100.19286548636,3.04784425120826,0.181609712166699,16.7823857812772,3.28374267428093e-63,6.38785972317022e-61,"MAD2L1",0,18.9727466642116
1064.16819976992,3.25808224545213,0.194519256517652,16.7494072503638,5.71933028987463e-63,1.08033175845045e-60,"SHCBP1",0,18.9673575306731
4077.12875415678,7.54406858272536,0.467784882622829,16.1272175800689,1.6425561162902e-58,2.67603189270854e-56,"MMP1",0,18.9349731893148
1732.13374526501,3.0195746587241,0.180080514340392,16.7679144508463,4.18957464181207e-63,8.03012074912612e-61,"CENPU",0,18.9344557748698
167.953165463117,6.97804986214099,0.434665764218032,16.0538290258368,5.37436428424088e-58,8.43937071068115e-56,"IBSP",0,18.6155219393608
21395.9805153413,2.92265342935756,0.176429168772982,16.5655908809401,1.23560354137111e-61,2.25234108481963e-59,"STMN1",0,18.4710057811544
1373.57512035521,7.01166376178039,0.439624142413216,15.949223632923,2.88460591583449e-57,4.42311896517986e-55,"MMP13",0,18.4097805424122
142.709558820154,3.51389335246095,0.214036629673014,16.4172523078371,1.43938852963461e-60,2.55241774163165e-58,"FAM72B",0,18.3320824793272
713.61830842037,2.98452936012171,0.182666089679375,16.3387159891598,5.23436278426543e-60,8.97658780904256e-58,"XRCC2",0,18.0094254229824
222.40566941903,4.46443886413955,0.277726000252903,16.074976271844,3.82139685699182e-58,6.03711223461854e-56,"ZNF695",0,17.9050828843015
2138.48902032881,3.30981299427297,0.204066909426224,16.2192537907258,3.68646292125008e-59,6.08196385874846e-57,"UBE2S",0,17.8577307477581
869.480086250073,2.24274096425727,0.137199012275706,16.3466261677628,4.59740128649679e-60,7.98936395567412e-58,"CENPO",0,17.8020686275056
1775.04107615805,2.66212065405152,0.163464334178662,16.2856360528279,1.24824589927715e-59,2.09922747461016e-57,"CIT",0,17.8020183456867
540.950208994231,2.92983928540179,0.180501901623651,16.2316255897987,3.01371263515661e-59,5.00372275545397e-57,"CENPI",0,17.7691638140858
3282.95274125875,2.39040011800931,0.147153938483487,16.2442143420957,2.45465961843433e-59,4.10164181241844e-57,"RACGAP1",0,17.633232715898
1803.33636459034,2.85635953708077,0.176768058314246,16.1587990744512,9.84611320056643e-59,1.6142052377306e-56,"TONSL",0,17.5945202354755
315.503557946493,4.99034891231292,0.315962131946908,15.7941360933451,3.41438814091353e-56,4.91728484360182e-54,"PLPP4",0,17.4895870637742
839.049007012271,2.94246710338598,0.18330794328094,16.052043630626,5.53123712613876e-58,8.63369809383587e-56,"BLM",0,17.4018810736083
432.012841065789,2.6256391460645,0.163142333383954,16.0941620216078,2.80341340900758e-58,4.48322560322702e-56,"ARHGEF39",0,17.3922145656726
802.958442475539,2.53157108550317,0.15718685040925,16.1054889700506,2.33445308272033e-58,3.77214469992374e-56,"POC1A",0,17.386494822459
1208.67139804179,3.18664606891963,0.199332243637667,15.9866061343899,1.584303063121e-57,2.44367029268491e-55,"FANCA",0,17.3395810379126
3166.61643116029,2.34050105017456,0.145577447855736,16.0773600901009,3.67718018769975e-58,5.84469853370545e-56,"FEN1",0,17.2721216804299
506.66614430194,3.32125234749872,0.208791414508527,15.9070350441209,5.66327189161341e-57,8.497178010589e-55,"ESCO2",0,17.2175932892854
1037.68922736546,3.30319405327587,0.207964412324664,15.8834582145674,8.25016389433453e-57,1.22889726990639e-54,"DIAPH3",0,17.164103542161
736.668003549466,3.60480675250443,0.228706371233959,15.761724227686,5.70548808648372e-56,8.12704688253394e-54,"GPRIN1",0,17.0084621962283
271.318666135698,3.12667743426354,0.197500095298386,15.8312705092102,1.89358685090642e-56,2.77304092374031e-54,"HASPIN",0,17.0051163466336
1305.66694031853,1.99395495053425,0.125142453798751,15.9334813247377,3.71107602198757e-57,5.6242220154157e-55,"DBF4",0,16.8731677483402
512.818055538257,3.32543148272723,0.21154266398133,15.7199092615224,1.10481799034962e-55,1.54834895453998e-53,"TEDC2",0,16.8406687912567
422.312702896722,3.63588032233306,0.232296873482937,15.6518693851475,3.22602158092134e-55,4.3571349507708e-53,"PIF1",0,16.7990037933186
1991.94348586028,3.77490499923091,0.24150765479548,15.6305811607821,4.50673844911063e-55,6.05552325530756e-53,"FAM111B",0,16.7978259968761
909.404228288915,2.62503411404052,0.166166634546588,15.7976005303552,3.23185707031238e-56,4.68026768065738e-54,"TRIM59",0,16.7864290264368
1180.53202076865,4.78696324082725,0.309747841628395,15.4543877228051,7.04780892611147e-54,9.27854723620948e-52,"LINC00511",0,16.7458449773358
15093.2833369741,2.84736456685292,0.181096415269446,15.7229206476365,1.0535309465828e-55,1.48445357754453e-53,"HMGA1",0,16.7027393838444
210.745132799762,2.87273534312607,0.183191677826943,15.6815821395548,2.02155433940415e-55,2.81796026552128e-53,"EME1",0,16.6268401434158
13178.3244963042,2.84947639885583,0.181805911692178,15.6731779089801,2.30747719563292e-55,3.16573726624017e-53,"MCM4",0,16.6047004590595
1109.0977287994,2.92161484795438,0.187726416639873,15.5631524867334,1.29557298560005e-54,1.72304597018553e-52,"PSRC1",0,16.405595395064
1014.85051031137,2.73364503833536,0.175606925510697,15.5668407176164,1.22300472025994e-54,1.63487507912902e-52,"CIP2A",0,16.3560481393591
1205.05160691115,3.22863858050874,0.209351935107825,15.4220622744464,1.16329427859002e-53,1.52379859095508e-51,"RMI2",0,16.2137133038581
578.611717954221,3.14087191996343,0.204665880213914,15.3463387091226,3.7474807648694e-53,4.78850887734563e-51,"EEF1AKMT4",0,16.0382014869224
3909.56051641806,2.36245144590071,0.154006715476396,15.3399248766057,4.13673423241983e-53,5.26010981641403e-51,"CTPS1",0,15.7924369904386
13738.0931160657,1.73251185949171,0.112699342162367,15.3728657705532,2.48911189704821e-53,3.1962403852392e-51,"RCC2",0,15.6683617274631
212.627600323358,2.5406985934627,0.166933378059041,15.2198357392858,2.61185998479582e-52,3.24206448684155e-50,"RAD54B",0,15.6089630833365
921.513341069619,2.53850337556777,0.166902588010399,15.2094907923752,3.05913339109106e-52,3.77926209031141e-50,"PLK4",0,15.5883289093374
140.370269955583,3.41548608869957,0.227285546927684,15.027291153653,4.86496924586789e-51,5.84401628258241e-49,"FAM72A",0,15.4946324014217
440.281087576564,8.22456535262474,0.577078399384089,14.2520762541151,4.35148673366133e-46,4.36270018024422e-44,"TLX1",0,15.4754429954467
544.334842368259,4.15412175355539,0.279607207876328,14.8569909377757,6.26778292911276e-50,7.39286414539287e-48,"E2F7",0,15.3855927084228
8549.71192088544,1.93421235871895,0.127329218478915,15.1906403088404,4.07915518200358e-52,5.01562915704185e-50,"PCNA",0,15.3701660821041
390.735679383796,2.30483896766235,0.157729287685459,14.6126252231521,2.33350085989972e-48,2.5557717191179e-46,"PARPBP",2,15.169195072255
459.239830500815,4.41929897095933,0.300651115387232,14.6990938825135,6.53280211752088e-49,7.40393707814856e-47,"CNIH2",0,15.1649508755054
5106.03491050455,2.06172140792679,0.137098341003232,15.0382666401352,4.12202501844855e-51,4.9744826924027e-49,"TUBA1C",0,15.1094920451258
1190.63762721604,2.09924117803402,0.140354014747199,14.9567590340405,1.40713862344899e-50,1.66726738624749e-48,"PACC1",0,14.9631707769304
152.57425109456,6.27607077973391,0.441632869040364,14.211059048597,7.82333588951636e-46,7.69550553328388e-44,"EPYC",0,14.8169500874846
250.882405314497,4.55255043538442,0.31436876178157,14.4815611118118,1.58456971184231e-47,1.67226634326289e-45,"ULBP1",0,14.7987734958978
352.551310545429,2.47962554134851,0.175025662150401,14.1672113156627,1.46191561077558e-45,1.43262233932658e-43,"CENPK",3,14.7970481467152
1722.95180648147,3.25512640551648,0.221678244880358,14.6840137933847,8.16129661524177e-49,9.16984995127186e-47,"CDCA7",0,14.7878292528798
1845.35961236738,2.41995336537477,0.163829724542546,14.7711495708846,2.24844888454007e-49,2.5933768616507e-47,"CHAF1B",0,14.7018263200992
2870.11352658326,2.50307158243001,0.1704981451694,14.6809314549613,8.54090892834457e-49,9.55518768391236e-47,"FANCI",0,14.5568497081504
1658.36744481535,2.2428377598017,0.152777765769844,14.6803937634516,8.60890726066695e-49,9.59010194717117e-47,"CCNF",0,14.4783043607572
1062.07407451431,2.58984034025802,0.177890055038635,14.5586572543111,5.14586341471412e-48,5.54286039798979e-46,"DSCC1",0,14.3538319198895
1175.67885781071,2.29942116213651,0.157883598409145,14.5640280897178,4.75701872830378e-48,5.14527830666782e-46,"CCDC167",0,14.2764036874606
34939.4353572618,1.91490991668386,0.131774444198562,14.5317244806467,7.62757570245164e-48,8.14868917359864e-46,"HDGF",0,14.1011466493326
678.325560232583,2.26373904713253,0.156601375976997,14.4554224572397,2.31703774185658e-47,2.42563143843274e-45,"CENPN",0,14.0636742702855
957.510925158113,2.02521189398877,0.140181758557183,14.4470430021225,2.61681363948747e-47,2.7284992456208e-45,"CENPL",0,13.9767864167832
337.684145553176,2.65105114448812,0.185330864404196,14.3044233512359,2.05332726611674e-46,2.0907844471041e-44,"AC091057.1",0,13.8992225651021
6920.2635984164,2.33529563637051,0.163039878220417,14.3234628353523,1.56144860641142e-46,1.60245200091837e-44,"LMNB2",0,13.8391531819903
712.216556396676,2.52161818708611,0.176963137052561,14.2493980898245,4.52161623842209e-46,4.51589925237351e-44,"DDIAS",0,13.7600621827903
186.119078827894,3.45651689108744,0.24538097207665,14.0863281363468,4.60911209265289e-45,4.44984166367344e-43,"GPR19",0,13.7424516999297
9506.01860219694,2.82538820359755,0.199520395227157,14.1608991921893,1.59934506571697e-45,1.56142800854098e-43,"JPT1",0,13.689559871467
1570.67171478141,3.13838059150574,0.22355963080474,14.0382258648783,9.0961351110212e-45,8.71724095363933e-43,"CENPW",0,13.5594004623004
1321.6492393416,2.18888069627799,0.154626046212454,14.1559636936619,1.71569513603793e-45,1.66876959369779e-43,"CDCA4",0,13.4899452954937
227.156949806041,2.52728624028528,0.179754122397986,14.0596844543555,6.71851086595743e-45,6.4624141233547e-43,"TMPO-AS1",0,13.4150674365974
386.368178647527,3.74316460321581,0.27120221213002,13.8021167814858,2.47477537356545e-43,2.27950422836504e-41,"CLEC5A",0,13.3155972603248
1305.38383396076,2.75486721517856,0.197802486352989,13.9273639374904,4.32007818033409e-44,4.0653963150458e-42,"CDC7",0,13.2437292977998
119.072272226301,5.66593989657087,0.424438657643197,13.3492550561545,1.19639341811261e-40,9.50804488717727e-39,"VGF",0,13.1063546019658
2708.45818070739,4.74718970673022,0.352829171462257,13.4546406326214,2.89141605930161e-41,2.36271292845815e-39,"GJB2",0,13.0121336247075
6614.20450412711,2.91620015110878,0.211796517636542,13.768876767432,3.92264526602244e-43,3.57523056466458e-41,"SQLE",0,13.0088688289964
4364.28453968142,2.81626851806656,0.204572378233022,13.7666118094332,4.04755267917928e-43,3.67622145254935e-41,"PYCR1",0,12.9752600559069
2295.99695049718,4.86103242462576,0.363030534533708,13.3901475556856,6.90434442646392e-41,5.55480080755047e-39,"SOX11",0,12.9349091803974
762.379927962803,3.06770267077057,0.224096600910234,13.6891976866681,1.17802806373347e-42,1.03045830662216e-40,"GINS4",0,12.9164016738872
6662.65045529375,2.63104225772061,0.191871069175854,13.7125532735172,8.53988918763368e-43,7.62360587171394e-41,"ATAD2",0,12.824664546553
1313.77838602991,2.06815507645778,0.150127954592309,13.775949203292,3.55677233729466e-43,3.25313629881613e-41,"DONSON",0,12.766755845061
495.896382972201,5.54259709706685,0.421410254943597,13.1524969600198,1.64646081010676e-39,1.22274341701005e-37,"SIM2",0,12.7365785291148
429.794599342685,2.56315514443428,0.187684095639386,13.6567519783834,1.84009924939064e-42,1.59355040311846e-40,"AC092718.4",0,12.7082368019739
1006.85351353855,6.02740292516897,0.462443081847957,13.0338265653862,7.85664373811498e-39,5.55011198703098e-37,"CA9",0,12.6849303537026
3339.05111818406,2.57030490193714,0.188629032939218,13.6262422697431,2.79611438729918e-42,2.3975761096621e-40,"H2AX",0,12.6571597498348
5115.21587175725,2.05462913069895,0.149882988546144,13.7082209971174,9.06533616819688e-43,8.03762305770028e-41,"DDX39A",0,12.6448504486728
10948.7526155538,1.99093220635973,0.145461438444025,13.6870103008493,1.21402491159848e-42,1.05839422644273e-40,"H2AZ1",0,12.5898854232771
4969.09301972435,2.35796421486373,0.179527927466036,13.1342474017578,2.09564551390323e-39,1.53879412988494e-37,"SLC52A2",2,12.5512351081852
848.605541879592,2.89339909334033,0.214716857956888,13.4754165130401,2.18250251777435e-41,1.78903437518315e-39,"BRIP1",0,12.4922341223983
873.552287797949,3.88669729017292,0.292923069772755,13.2686622913933,3.51804819525043e-40,2.71316456525423e-38,"RCOR2",0,12.4359663461279
251.850420987358,5.20794635954823,0.3997075968596,13.0293904856093,8.32701691302981e-39,5.86649594248508e-37,"NMU",0,12.431870275475
7624.98974449567,4.92751844535366,0.37738704840462,13.0569357538486,5.80163702547939e-39,4.13200197658938e-37,"CXCL10",0,12.3934073774269
5258.79590889929,1.79397562806823,0.131921076383557,13.5988552947544,4.06749775798234e-42,3.43130951641831e-40,"DCAF13",0,12.3775547199978
1188.40774369178,2.71196134511715,0.201881463255755,13.4334341617164,3.85128690820716e-41,3.13723424488237e-39,"LRP8",0,12.3646243194468
1649.25866771154,1.71437890788871,0.126144351947268,13.590611719226,4.55259413592059e-42,3.82814423680781e-40,"BAK1",0,12.3394171845388
654.416253380398,2.24048706278167,0.166998384928076,13.4162199457594,4.85871327015793e-41,3.94554762657965e-39,"C21orf58",0,12.1933139318031
973.270287300798,3.10916044489221,0.234752540568944,13.244416598674,4.860440359783e-40,3.7045935338732e-38,"SAPCD2",0,12.1621259641601
1585.26391241062,1.96173547365262,0.146244970805714,13.4140371654816,5.00389631544856e-41,4.05082500791297e-39,"KNSTRN",0,12.1062575973613
425.261035550628,4.34620473399388,0.334709936878821,12.9849886577087,1.48860227371172e-38,1.03475721250249e-36,"TDO2",0,12.0994098815326
2249.56580108075,2.13559643851261,0.160788550135484,13.2820181332135,2.94352559266492e-40,2.27682141317497e-38,"RFC4",0,11.933480241383
698.932901684766,8.07145344690014,0.662395788994894,12.1852426917562,3.72542660406243e-34,2.0064193241342e-32,"ACTL8",0,11.9307095234917
445.59593380074,2.11577650981557,0.159711348539728,13.2475026299666,4.66468916570898e-40,3.56581972089548e-38,"POLE2",0,11.8690851381857
4077.89658205407,2.39548753720938,0.181713209416609,13.1827925162959,1.10233641920637e-39,8.25706995386561e-38,"ECT2",0,11.843598471977
1328.19546630516,2.55728907923078,0.19450232714225,13.1478585207903,1.75062537780209e-39,1.29640771940815e-37,"HELLS",0,11.8333642412621
30425.8692207101,1.61919985031509,0.121617241862458,13.3139004430499,1.92180957753873e-40,1.49539732112544e-38,"CCT3",0,11.8333329756014
1243.28610195125,2.53702543277921,0.193025325456721,13.143484808412,1.85483814187369e-39,1.36969025054452e-37,"GINS2",0,11.8201209204946
366.743128316313,3.73485397669035,0.289484943239792,12.9017210183419,4.40155928946033e-38,2.98790223954069e-36,"ADAMTS14",0,11.7778462778676
2330.22624570112,1.7120806182269,0.129066440290365,13.2651107009319,3.68875734262159e-40,2.83642588938398e-38,"BYSL",0,11.7777927532493
6425.26947199666,3.39694276112381,0.26224510331021,12.9533124479566,2.25030408374598e-38,1.54364938292122e-36,"MEX3A",0,11.7625182292434
1369.94648636694,1.66173237559749,0.125490059320752,13.2419442989513,5.02313764972119e-40,3.81743816662631e-38,"PRIM2",0,11.7239881093034
1108.3379885887,2.07756695619951,0.158285617161482,13.125431062255,2.35439230044074e-39,1.72393101392103e-37,"SGO2",0,11.6523141220222
3247.75088248571,1.51870275919982,0.119317591630057,12.7282384638515,4.12030341110958e-37,2.63891766627502e-35,"SLC35A2",2,11.6291830756019
3288.37016866878,2.35317072851226,0.191339202490709,12.2984244623186,9.23580678893649e-35,5.18857274929327e-33,"PLAUR",3,11.5914368454391
562.374694231447,3.21137776377542,0.249874358280375,12.851970029562,8.38473682589744e-38,5.5756360928742e-36,"ESM1",0,11.5395250029063
223.082993127808,5.35151375804391,0.429709647196995,12.4537901184019,1.33358516149862e-35,7.95482022992783e-34,"TCAM1P",0,11.5352650165565
2290.87430203328,2.9746468504772,0.230830116588255,12.8867363342508,5.34586493169051e-38,3.59151188593754e-36,"MFAP2",0,11.5258108627286
1390.32512284167,2.04235635329101,0.156474547259293,13.0523231353828,6.16387384285382e-39,4.37802995808366e-37,"FANCD2",0,11.5203232872746
58040.1584338428,1.57209657148587,0.119852179058322,13.1169627772964,2.63276541778077e-39,1.91165170321146e-37,"TUBB",0,11.4872063410186
400.098833431394,3.88526329015942,0.306326171839463,12.6834193331531,7.30731612029506e-37,4.62329634242066e-35,"HPDL",0,11.4660934675723
373.073119512956,5.54527299062245,0.448374326948894,12.3675078106212,3.9178976190089e-35,2.25946542554657e-33,"GABBR2",0,11.4573801871501
2930.857379009,1.594924115196,0.12184734729677,13.0895267773982,3.77955217403237e-39,2.71409329257581e-37,"KIF22",0,11.4483898030332
29852.7507870131,1.39732029953279,0.106483493433078,13.1224122582996,2.45009946245948e-39,1.78398722591987e-37,"TPM3",0,11.4437785677624
653.868713960743,2.88464192052383,0.22443414325646,12.852954896562,8.27864505717618e-38,5.51916728146832e-36,"TYMS",0,11.442830508944
2893.90981255308,2.1157743176928,0.163650825771992,12.9285893163816,3.10462980046386e-38,2.12410459340397e-36,"CKAP2",0,11.336579525876
2125.41099681489,3.62216177825682,0.286420712014435,12.6462983517556,1.17271141688857e-36,7.34833377500827e-35,"KIF26B",0,11.3267918711132
5950.91851540698,2.08707638287355,0.161484168807812,12.924340499021,3.2809779709124e-38,2.23888096250716e-36,"MTHFD2",0,11.3211136138139
886.105196796547,2.6142902825313,0.204095602734336,12.8091455548615,1.45730397994527e-37,9.5928138498064e-36,"DNMT3B",0,11.2897032796615
59229.0571476033,1.57900637075202,0.128919070275265,12.2480434227501,1.72097904995925e-34,9.50439849476437e-33,"CALR",3,11.2803245201678
1102.27786573705,3.53626310403072,0.280118336506266,12.6241757256459,1.55359676095429e-36,9.61938403035521e-35,"IL4I1",0,11.2659347522418
536.187855169437,1.94911089471049,0.151101197299447,12.8993742574244,4.53766767304985e-38,3.06433635319664e-36,"PDSS1",0,11.2388323383965
1646.5435438193,2.19529229169257,0.177740582507168,12.351103280558,4.80479440678051e-35,2.76482507288184e-33,"SLC12A8",2,11.2260873897398
2163.02729982005,1.85408601467108,0.143730747279644,12.8997173518047,4.51751065937119e-38,3.05864806124231e-36,"INCENP",0,11.2105669518767
22971.4668622266,1.71459290602305,0.132689059677271,12.9218860258209,3.38735267558768e-38,2.30543399985754e-36,"ILF2",0,11.2055520636917
2855.97912106563,2.77239384529992,0.21783860950946,12.7268249257693,4.19556235931017e-37,2.68053245147398e-35,"MCM2",0,11.2032518327952
1120.85575850267,1.86322519531839,0.144549617342106,12.8898659822024,5.13329379078343e-38,3.45761160838118e-36,"SUV39H2",0,11.1973346963106
929.938332937607,2.27995641901186,0.178080488986481,12.8029546189361,1.57829837656723e-37,1.03630991894151e-35,"GAS2L3",0,11.1793400292088
9636.9057191131,2.20192585067045,0.172020009296229,12.8004053695788,1.63097621275122e-37,1.06820746074839e-35,"TTYH3",0,11.151981073127
2980.10948704508,2.26117005667806,0.177242846776442,12.7574686245595,2.83257082822664e-37,1.84131231370034e-35,"TCF19",0,11.0988127797548
1578.99239711825,3.70984124475206,0.297454888993507,12.4719457706847,1.06200733582799e-35,6.36398740759266e-34,"PITX1",0,11.0718335799342
6134.94054716189,2.50267865408186,0.197266304573844,12.686802540801,6.99850251422393e-37,4.43868528073662e-35,"BOP1",0,11.0566272903167
261.701541844529,3.64535156733713,0.292667631318818,12.4556021139422,1.3036387632139e-35,7.79402560566441e-34,"TFR2",0,11.0260769217279
421.87949908384,2.04499018666007,0.160555176042128,12.7369932073912,3.68318057626808e-37,2.37647198221733e-35,"RELT",0,11.0007172464543
455.365912935588,1.91016160929072,0.150040787281407,12.7309489899446,3.97972422856724e-37,2.56146843126079e-35,"TRAIP",0,10.9505017804483
2048.14501979254,2.34938365246541,0.185804442489929,12.6443890198844,1.20154933266364e-36,7.51097996511827e-35,"GPSM2",0,10.9421061146779
1099.20347502053,1.70742543308112,0.133933688803073,12.7482894583125,3.18660694529802e-37,2.06630057818616e-35,"CHEK2",0,10.9176695807587
5172.05453432239,1.22540394945985,0.0954749369865722,12.8348233383196,1.04641393080994e-37,6.90553719858805e-36,"NUP62",0,10.9158619441211
622.427280109727,3.84169683348767,0.311445437900991,12.3350557304004,5.86483315532802e-35,3.35260100570034e-33,"OTX1",0,10.8948944887597
9351.41277962232,1.39135127833986,0.108988862575504,12.7659950334464,2.53885404537159e-37,1.65450771001753e-35,"LRRC59",0,10.8518047449072
4583.54852014597,1.93850161124528,0.153071238160985,12.6640486778225,9.35475278267787e-37,5.87591182617022e-35,"RCC1",0,10.8508279023281
1296.34015480351,1.67599955524355,0.131850223803492,12.7113895365201,5.11179572609426e-37,3.25792614161611e-35,"MIS18A",0,10.8489174962325
814.232874540733,2.63610610225628,0.21071462827903,12.5103137062014,6.55647829476638e-36,3.99317102125409e-34,"RTKN2",0,10.8104364574536
2770.34457344047,3.06917621959045,0.257805395724014,11.9050115726673,1.11447843611042e-32,5.40989001752148e-31,"SLC16A3",2,10.8007963350662
3271.53786655384,2.4929972063836,0.199423148371377,12.5010422648679,7.36789067040369e-36,4.45612079130889e-34,"GGH",0,10.7532120755135
6596.74081537305,2.36230512900058,0.18884088119156,12.5095006658238,6.62393006793099e-36,4.02484813708059e-34,"PPP1R14B",0,10.7272666891503
911.239597599657,1.98746574892362,0.158092841263014,12.5715100889175,3.02882752601857e-36,1.86208601699826e-34,"BEND3",0,10.7152398030189
318.532260606793,3.64760350350637,0.299492166146318,12.1792952064206,4.00729750861313e-34,2.14053738026677e-32,"H2BC11",0,10.5951242061518
807.855475716024,2.37326221318181,0.191032319882582,12.4233544074664,1.95201845825247e-35,1.15120509392007e-33,"DNA2",0,10.5936328531672
457.804436651081,5.63073690969118,0.477767060472761,11.7855276672265,4.63508169373644e-32,2.14209886629106e-30,"HAPLN1",0,10.5899692195001
2330.69082691888,5.3254462607644,0.449544414124409,11.8463183913361,2.24854125349407e-32,1.06762704653606e-30,"S100P",0,10.5891080080167
440.131970496186,1.81725294044384,0.145098639371841,12.5242590027795,5.50026375792514e-36,3.36561914032476e-34,"POLR1G",0,10.5870563914767
781.425798761993,2.34581700781594,0.188841880160527,12.4221227082777,1.98231018485049e-35,1.16643069048528e-33,"ZNF367",0,10.583687420932
2364.36116433655,1.75906417082493,0.1404959914419,12.5203869005214,5.77529394290707e-36,3.52563436088428e-34,"BAIAP2L1",0,10.5635480701986
6930.01834262477,2.66668746994898,0.216234828580479,12.3323679513381,6.06381701780627e-35,3.45121218784184e-33,"TMEM132A",0,10.5386147425474
195.605812784376,2.1134377744697,0.169964886700651,12.434555251356,1.69682571401127e-35,1.00297405639755e-33,"FANCB",0,10.5336444225173
176.440790337817,4.08003210396805,0.338564422328922,12.0509771106552,1.91664294566427e-33,9.81554649599816e-32,"KREMEN2",0,10.526435285799
3287.68467196721,2.0368397746391,0.164141541693061,12.4090449841632,2.3342032047935e-35,1.36120078164099e-33,"E2F3",0,10.4708752754492
1306.09507488979,3.67337607430993,0.303994501474655,12.0836924894715,1.28802843870662e-33,6.64852223995355e-32,"CEMIP",0,10.4551952845375
1343.434572695,4.25375561591723,0.355758048900267,11.9568780778583,5.97669065796463e-33,2.96751229297455e-31,"CXCL11",0,10.4344089267642
1285.29299695343,1.6918358309513,0.13587877703553,12.4510675461033,1.37987024341286e-35,8.19341176196879e-34,"ZWILCH",0,10.4335113149895
466.907954762859,2.44589981043834,0.199060949124712,12.2871905373363,1.06130735779409e-34,5.93671650120567e-33,"SH2D2A",0,10.4017060500253
1423.90279258683,1.90852800560477,0.154122706433877,12.3831721474706,3.22345555743753e-35,1.86724035590498e-33,"CABLES2",0,10.3911983341717
1255.89706258266,2.99704761310225,0.246323016668039,12.1671439950789,4.65071789419938e-34,2.46904813336243e-32,"ADM2",0,10.3813554169936
3022.4941517296,1.71551537749925,0.138474780864162,12.3886484368739,3.01074800787994e-35,1.75181179288854e-33,"TIMELESS",0,10.3416083795667
7474.79209453813,1.57055130800473,0.126499488983236,12.4154755139988,2.15403240198859e-35,1.26462077978911e-33,"DKC1",0,10.3405772982899
928.207644744836,4.21775339202744,0.354626414804285,11.8935116391574,1.27913042406137e-32,6.16323341294043e-31,"APOBEC3B",0,10.3283834329373
2549.51347130308,3.98887496383056,0.359292911983788,11.1020140692632,1.22648403436903e-28,4.51564397230189e-27,"CDKN2A",3,10.3002465811148
2140.46047669856,2.56395535170013,0.21018864055681,12.1983535594881,3.17172288969024e-34,1.72568142596828e-32,"NFE2L3",0,10.2980984181045
519.104879323734,3.87852508912974,0.325410983681441,11.9188511870472,9.44012366775007e-33,4.59954586256525e-31,"CHST6",0,10.2647430406552
16457.6251322235,1.98611496878316,0.161771460540691,12.2772889738706,1.19950707317104e-34,6.69540703990351e-33,"LAPTM4B",0,10.2481013952532
2085.89588068518,2.34467930363209,0.200720837958171,11.6812949142864,1.58856860058017e-31,7.16422451752998e-30,"SLC6A9",2,10.2468530348043
3409.21727063247,1.80013513857171,0.146262817843829,12.3075376579562,8.25019838647889e-35,4.65493336234513e-33,"MRPL14",0,10.2396665011045
3685.71800118145,1.90736560429577,0.155405087387776,12.2735081351385,1.25687193760961e-34,7.00061555505765e-33,"SRPK1",0,10.2186688126954
205.859715990843,2.90942642240267,0.240901941377164,12.0772228142719,1.39347105092723e-33,7.1785790285613e-32,"RPLP0P2",0,10.2160163809605
4206.39572204441,2.37039596537984,0.194836351166041,12.1660868271946,4.71132650040934e-34,2.49614121719858e-32,"ABRACL",0,10.1919380441431
2917.71029583802,1.72298086012708,0.140203007250173,12.2891861873737,1.03543151257492e-34,5.80442865339579e-33,"HPRT1",0,10.187766414841
902.945382039485,5.84849419315218,0.51038815079581,11.4589145222769,2.12157026939037e-30,8.76433791001566e-29,"HORMAD1",0,10.1717325239007
733.04392838255,4.32846208232732,0.377478979075143,11.4667632431677,1.93772231875873e-30,8.03030328824861e-29,"FOXCUT",1,10.1271190402955
5051.98048518563,1.67572039289709,0.137252624822794,12.2090225601194,2.7821135358435e-34,1.51718312842746e-32,"MCM5",0,10.0484047165008
17786.715242656,1.39658267888154,0.118995620964823,11.7364207821933,8.29220360522146e-32,3.80550829889626e-30,"PARP1",2,10.0448510016535
493.787036255377,2.60995154703024,0.217265619073397,12.0127222989135,3.04648454774507e-33,1.53900606019517e-31,"BMP8A",0,10.0268133651179
12927.0899872299,2.40247253911659,0.213667793375343,11.2439619521705,2.47996832871622e-29,9.54879385888415e-28,"LSR",3,10.0267572063911
918.445443999652,1.95498552110127,0.161096449748913,12.1354972387557,6.84926760250084e-34,3.59959392327398e-32,"C1orf112",0,10.0196196033359
6173.15382256037,1.63497336868499,0.134224279428687,12.180906283454,3.92891556520833e-34,2.10297827594016e-32,"XPO5",0,9.99364157468948
2937.97680562695,1.79356125610073,0.147690455551716,12.1440566311524,6.16900031892918e-34,3.25520913590135e-32,"RHBDF2",0,9.98429470811562
1138.74224842872,1.57009066758426,0.128995189042009,12.171699419526,4.39828754723079e-34,2.33979921415643e-32,"SPDL1",0,9.96027362304265
2771.14752764786,1.42881642692424,0.117133376553216,12.1982006236719,3.17768475261739e-34,1.72568142596828e-32,"KCTD5",0,9.95755674067173
4179.10069669886,1.71365789310326,0.141390237526274,12.1200580965487,8.27004955584949e-34,4.31150763544657e-32,"ALG3",0,9.92370862006617
598.449455468269,4.12469480561728,0.354857033592702,11.6235396656996,3.1289818769908e-31,1.37775625992431e-29,"GAL",0,9.8956567238011
3056.15549779855,5.20958660160899,0.457354085372297,11.3907074807657,4.6519710170015e-30,1.88589313375082e-28,"PRAME",0,9.88022085668828
214.48253884814,2.21389056988457,0.184680453358561,11.9876821267395,4.12280629938665e-33,2.06671522704061e-31,"CCDC150",0,9.86958297918837
181.279538970448,6.27359559281267,0.562990963291298,11.1433326676092,7.717622400973e-29,2.88630219693204e-27,"CLDN6",0,9.84397613786342
1380.43520072085,3.32678615061236,0.283901031674601,11.7181192720195,1.02931763324205e-31,4.68258686661789e-30,"INAVA",0,9.79689009236945
113.837437650781,4.20246694943936,0.364433021022815,11.5315207651731,9.15127281020693e-31,3.87880046087259e-29,"LYPD1",0,9.78413085326973
6705.93433931747,1.67130272291264,0.1389903151075,12.0245984162278,2.63867893640834e-33,1.3434071061593e-31,"SHMT2",0,9.76292852450285
1621.17583816346,1.51106298067704,0.125383073102855,12.0515707844988,1.90288671639657e-33,9.76428110950973e-32,"MRGBP",0,9.75642681197942
11212.3970074447,1.61344552947577,0.134342068453685,12.0099798078665,3.14921937748791e-33,1.58782788226262e-31,"MCM3",0,9.72379263167639
532.955542281611,3.36508179467011,0.303003002615171,11.105770456486,1.17598727768176e-28,4.34199155344624e-27,"SLC6A11",2,9.71821784611751
3027.7559635412,1.89133910946927,0.158287252600235,11.9487771655622,6.58875488113401e-33,3.24667435702307e-31,"HGH1",0,9.71397011358038
198.775677414975,3.20029951406256,0.274443082999385,11.6610682225492,2.01498396709609e-31,9.04037643206431e-30,"GPR84",0,9.67323389988928
487.880545341788,4.53487515244424,0.398741698842689,11.37296441683,5.70176258827055e-30,2.29363958932791e-28,"AC022784.1",0,9.65230499289254
173.635490255481,4.54871440034888,0.400749888762037,11.3505069568463,7.37339435832369e-30,2.95241583315551e-28,"WT1",0,9.62356106239855
108824.989667942,1.96768111421725,0.165794038015313,11.8682260096441,1.73099236252037e-32,8.30971968946934e-31,"GAPDH",0,9.61442842205305
1287.94724121976,1.91570420794453,0.161448103974959,11.8657584745725,1.78279465293142e-32,8.52699233357126e-31,"WDHD1",0,9.59547250062766
210.809818344613,3.54894970859706,0.30782552978033,11.5290947801817,9.41282081582516e-31,3.97672609734383e-29,"CRYBG2",0,9.58482720876901
547.533005538323,1.84138958768233,0.15517398525869,11.8666127225679,1.76468904339155e-32,8.45590979670727e-31,"KIF24",0,9.57426877385647
217.080750364142,3.28276116408353,0.283791526409409,11.5675094518069,6.02049882700487e-31,2.593989139232e-29,"SALL4",0,9.56063790320351
1844.11897396113,1.35915970697707,0.113724809054391,11.9513034867091,6.39148225130822e-33,3.16162216724283e-31,"DSN1",0,9.55777492172034
2935.83156728534,1.64320775747796,0.138158595155274,11.893633947502,1.27725809188391e-32,6.16323341294043e-31,"RFC2",0,9.55601974257245
1375.62190568855,2.13641995312501,0.181274780030643,11.7855332813746,4.63477284327521e-32,2.14209886629106e-30,"RPL39L",0,9.54167413253024
263.358612876563,3.63795205096418,0.317227320941942,11.4679657482276,1.91098789559503e-30,7.93212125389741e-29,"SMC1B",0,9.52156881196906
484.70765958332,4.79751875490106,0.427553789643206,11.220854243637,3.22143479413542e-29,1.23127772402827e-27,"LINC01956",0,9.51214881975195
5508.77226808732,1.40763846865609,0.121078946231346,11.6257905479828,3.04758982002883e-31,1.34418822062084e-29,"FOXK2",1,9.48375351501415
1291.02411583283,2.02737284401887,0.172506393179207,11.7524504840394,6.86001878360766e-32,3.15936589456362e-30,"POP1",0,9.45833187552073
217.03218285015,4.71843619667521,0.421456324822148,11.1955519914581,4.28723721320189e-29,1.63146587498589e-27,"UMODL1",0,9.45175746074964
1369.97004335618,5.08644655036529,0.45785133502705,11.1093845561568,1.12935179909102e-28,4.17571820523483e-27,"ACAN",0,9.43971461021196
5820.63711300839,1.76279387625991,0.149554192142353,11.786990728966,4.55528178959304e-32,2.12040232873789e-30,"MCM6",0,9.43091268112203
158.144085576274,4.85079037942105,0.459082333906769,10.5662754176164,4.27122622873983e-26,1.29764631823498e-24,"SLC26A9",2,9.42129021216627
2797.15611693649,1.3675471089292,0.115590066880567,11.8310088906015,2.69878333356195e-32,1.27444176007173e-30,"DNAJB11",0,9.37866813456787
4214.78950751473,1.43525430636669,0.121471209159727,11.8155924872652,3.24254886037751e-32,1.5229463269092e-30,"SNRPD1",0,9.37577091257129
261.778936505554,5.99235169474173,0.601912455595432,9.95552034026925,2.3857154768867e-23,5.70536195743171e-22,"CCKBR",3,9.37082054782979
922.546100507774,4.45149771716038,0.39829930089522,11.1762629438595,5.32869253531796e-29,2.01017407117414e-27,"KCNG1",0,9.34447921510449
12603.702255175,1.32783311974469,0.112410518526227,11.8123565050087,3.36982103506e-32,1.57421370826002e-30,"STIP1",0,9.33923082894892
1547.53612939211,4.6251849499769,0.415490478137417,11.1318674996138,8.77769846295578e-29,3.25937700618046e-27,"FBN2",0,9.33361510576722
1204.18864732796,2.14446280169864,0.184355635205399,11.6322064107745,2.82694650986868e-31,1.25110381447788e-29,"FBXL6",0,9.31415083604659
302.618841536427,6.59339339773858,0.616823574853494,10.6892694548917,1.14267466548202e-26,3.61043642486301e-25,"HOXB13",0,9.31075010871216
235.536267395379,2.55949158067199,0.221741434066191,11.542685251634,8.03762357309511e-31,3.41232465276662e-29,"HSD17B6",0,9.3079323710698
5090.97166708063,2.28126472407129,0.19695613485193,11.5826030287725,5.04892786467437e-31,2.18985694922574e-29,"SMC4",0,9.28225469348045
4892.93226715501,1.91541637874612,0.164321579367866,11.6565114948054,2.12574527893103e-31,9.52092821063491e-30,"ALYREF",0,9.2810211264686
345.077867318613,1.93194494477209,0.166080812167916,11.6325595928493,2.81527199189764e-31,1.24805603763258e-29,"AL031985.3",0,9.25071325775842
2083.11447971276,2.29109781515366,0.208260876864324,11.0010955953395,3.77517042859671e-28,1.33343316479987e-26,"SLC35F2",2,9.24983796877141
18543.4069958428,1.6649609268107,0.142573423708363,11.6779192328046,1.65292248858785e-31,7.44157694473565e-30,"PDIA4",0,9.23798878504769
145.013585937563,2.79201972520813,0.244021256559686,11.4417070240978,2.58743855395293e-30,1.06048366015552e-28,"CHRNA5",0,9.22995472316323
5419.04160554979,1.57397788684227,0.134653695143908,11.6890805347757,1.44947302797462e-31,6.55962038545391e-30,"RANBP1",0,9.22712975399332
920.478059440469,1.53924789820233,0.13170005281686,11.6875268102039,1.47622996583642e-31,6.66913111255772e-30,"WDR4",0,9.21455359279108
5304.57013093034,1.9261633911654,0.165994319685947,11.6037909900147,3.94219755824528e-31,1.72129420018057e-29,"TOMM40",0,9.20709248572341
1451.35289946713,1.61388059299521,0.138375468778522,11.6630542049206,1.96852142093717e-31,8.84714618613264e-30,"GEN1",0,9.20012321687527
460.382104382738,2.84540152085071,0.249702839762707,11.395150826297,4.42063815561418e-30,1.79490303430522e-28,"CCNE2",0,9.1774081587325
740.216688254845,4.42999048745591,0.400575037497035,11.0590777576566,1.98124131961481e-28,7.10385384847308e-27,"ZIC1",0,9.17354894087244
3996.17370429884,1.73449761606885,0.14940120351251,11.6096629430674,3.68063578419318e-31,1.60978411051281e-29,"RTKN",0,9.15831899391789
562.486045653468,2.67451295283897,0.23440437501049,11.4098252335063,3.73478943180718e-30,1.52116806435809e-28,"RNFT2",0,9.14770072609514
2914.44132462562,1.88288500994316,0.162739150786408,11.5699572035644,5.85118495190805e-31,2.52940030085219e-29,"NCAPG2",0,9.14396023321949
1615.87579507338,2.13729662115879,0.185652983486767,11.5123203571416,1.14359370084744e-30,4.78492086677212e-29,"TEAD4",0,9.13722655841023
8481.06577656881,1.25859147760745,0.113034730186304,11.1345555081437,8.5168825720896e-29,3.17156540009514e-27,"ALDH18A1",2,9.12719534188955
2004.55531197913,2.25622619399453,0.196581088524718,11.4773308609023,1.71493185514115e-30,7.12968559297678e-29,"PAFAH1B3",0,9.12094674461079
268.533467521901,4.56765678097539,0.41604821975289,10.9786716157284,4.83988231900153e-28,1.68890511926925e-26,"MKRN3",0,9.10201545866381
172.108551965981,5.4497063133808,0.505468898783347,10.781486905521,4.210243504093e-27,1.36843413243382e-25,"INA",0,9.09404472457749
2515.84721451877,1.47944776409692,0.127373279837186,11.6150558891787,3.45562351208473e-31,1.51391156452962e-29,"SCNM1",0,9.08980417727931
7533.96101527183,1.3125159654123,0.112695241824323,11.6465961132444,2.38808300885431e-31,1.06483620461971e-29,"YARS1",0,9.08556994698158
477.901662950962,2.27578680502588,0.214866850367341,10.5916143003685,3.25922065885529e-26,1.00068439239553e-24,"RTN4R",3,9.08264690365467
562.169227643721,3.94294487863051,0.355398595685299,11.094430103269,1.33508209621798e-28,4.8810077141815e-27,"TMSB15A",0,9.07633061537801
891.960122043157,1.68069033997185,0.145444544592716,11.5555405991902,6.92105765244457e-31,2.96241723852664e-29,"TBC1D31",0,9.06271323411935
1027.01194948641,1.77634710910371,0.154242787961184,11.5165651022253,1.08864795280013e-30,4.56969181733348e-29,"LIN9",0,9.0349380591354
558.107816801431,1.54381651094603,0.140335387275399,11.0009067628566,3.7830848213359e-28,1.33442046059219e-26,"SLC25A19",2,9.0255571455767
3537.31566559229,5.36800084503504,0.49947784309026,10.7472251658318,6.10712567354945e-27,1.95811125378122e-25,"KIF1A",0,9.02284904448223
330.277179051517,2.64393833717959,0.234204767560317,11.2890030579701,1.48713849630849e-29,5.81187993752227e-28,"CHAC1",0,8.96388651094975
6077.66751038293,1.29459638284829,0.111944978480645,11.5645775310245,6.22971558377547e-31,2.67528823924671e-29,"PRCC",0,8.96016774074501
15219.0126746404,1.15684677918307,0.0999930343372401,11.5692736684182,5.89798439228257e-31,2.54540991976208e-29,"UBAP2L",0,8.92532671407273
3275.95497678725,2.69282199393741,0.239395123117456,11.2484413168944,2.35720763560774e-29,9.08954607061938e-28,"INHBA",0,8.92028393961554
11843.746648196,1.69155584271815,0.147789614568449,11.4457017000657,2.4709695068972e-30,1.01642916859988e-28,"MCM7",0,8.90534361694675
2972.27341815762,1.46581157242277,0.127559328674536,11.4912142267756,1.46044583954862e-30,6.09111067192221e-29,"INTS7",0,8.9043345245918
1826.17901200655,1.67722849651133,0.146538379623254,11.4456601801073,2.47215288637865e-30,1.01642916859988e-28,"SPINDOC",0,8.9010454130847
5400.05516927711,1.31879421465507,0.114525880950691,11.5152505591542,1.10537778461479e-30,4.63245702758099e-29,"SNRPC",0,8.89589484459747
6695.12288844524,1.09395017652658,0.0947170232881396,11.5496680380111,7.41061149459907e-31,3.15126280309484e-29,"GATAD2A",0,8.87863966601009
4741.49142083187,1.50359339363157,0.131211371551009,11.4593222817356,2.11160618343592e-30,8.73702196565463e-29,"NACC1",0,8.86866898981898
10114.1967829846,1.92060360005377,0.169083168955039,11.3589283423265,6.69609907111889e-30,2.68534176133625e-28,"NCAPD2",0,8.84748121025495
211.429961922419,4.31678373453348,0.398288729953663,10.8383275997684,2.26575040518412e-27,7.51416231704001e-26,"XIRP1",0,8.83227094869014
797.675727956188,1.98423469658827,0.175441450273102,11.3099537965487,1.17151199361293e-29,4.61993996028868e-28,"MTBP",0,8.79587950949696
15734.9996363699,1.89249491080503,0.176274393388304,10.7360738813389,6.89130379123814e-27,2.20682574847917e-25,"IDH2",2,8.76461806048761
1503.78298293112,1.64691450768994,0.145211884107588,11.3414581582712,8.17704855632872e-30,3.26918902941443e-28,"TBC1D7",0,8.73974234244751
5137.13628968371,2.34921900329241,0.209988267290329,11.1873821980939,4.7010847399599e-29,1.77856568819354e-27,"CTHRC1",0,8.72974472807161
4073.13866046718,4.92579885872853,0.464043347703484,10.6149541483698,2.53919066109499e-26,7.89845858744189e-25,"COL9A3",0,8.70847695398907
1784.61489651283,1.67292288827513,0.147939926433613,11.3081230240157,1.19621085660639e-29,4.71021577026566e-28,"CHAF1A",0,8.69996462582862
310.899168999642,3.16641354711476,0.288127832876735,10.989613587485,4.28757770047112e-28,1.50220817094329e-26,"TUBA5P",0,8.69690502816338
3027.80784405317,1.38142292887168,0.121544112729904,11.365609553969,6.20299452355154e-30,2.49142462627763e-28,"MRPL13",0,8.6954925527972
17793.4376609903,1.69067976629354,0.162053305206835,10.4328619779502,1.75520462265511e-25,5.09497983282302e-24,"CDK2AP1",3,8.69506118909746
351.75784287532,5.58895429015466,0.535044637797538,10.4457719885972,1.53203788185569e-25,4.46208172808181e-24,"SERPINB7",0,8.68182503086157
14044.9769062509,2.11567978706517,0.18885747096002,11.2025210139187,3.96292918138079e-29,1.51025840600955e-27,"PTK7",0,8.68098855761981
2007.94285449441,5.33871082057422,0.508554836231262,10.4978075916802,8.84096131022989e-26,2.63379815398586e-24,"ART3",0,8.67543849949126
541.073124920262,2.99499447587584,0.272067466972739,11.0082786053062,3.48600502369419e-28,1.23464256729126e-26,"HES6",0,8.67103596888991
1059.38120017319,2.39119211283729,0.214782104642515,11.1331068145422,8.65647837405234e-29,3.21895038197464e-27,"PPP1R14BP3",0,8.66504334914007
2621.47078304531,1.92847756558678,0.172306182596505,11.1921553627751,4.45471310319959e-29,1.69026210278171e-27,"MTHFD1L",0,8.61015705338677
163.114537775888,6.1684459335425,0.601922118901329,10.2479137081747,1.20925409845468e-24,3.2664898014941e-23,"DPYSL5",0,8.59630938808551
1761.28636482325,2.09759930295048,0.188260400808195,11.1420101834776,7.83310662778527e-29,2.92529499235643e-27,"LAGE3",0,8.58942889057068
3342.02154986738,4.03300659637744,0.376105551586028,10.7230711681079,7.93247835489104e-27,2.52473642584792e-25,"EN1",0,8.58923716514016
3763.15052457419,1.49928610183561,0.133077855605346,11.2662328004584,1.92636838170915e-29,7.45024400682676e-28,"PGAM5",0,8.5881346815148
255.046616688363,6.53185670028681,0.643426872044696,10.1516691081455,3.25743904782281e-24,8.42377615670606e-23,"NCAN",0,8.58190496471255
4109.57171603168,1.26060428411206,0.111451956207186,11.3107416595599,1.16103935809315e-29,4.58557771930519e-28,"NUP93",0,8.57976306767015
4873.66870455608,1.54410302877759,0.137425566498915,11.235922602435,2.7164122000392e-29,1.04283824474848e-27,"B4GALT3",0,8.55776582363967
1751.11478387806,2.54083834637278,0.243573035085864,10.4315255811346,1.78007027725816e-25,5.14995470780116e-24,"SLC39A4",2,8.54871048103861
151.749100126648,2.95282271224598,0.294514490742443,10.0260693618239,1.17085203776435e-23,2.87387947913401e-22,"EMSLR",3,8.54830624827593
5060.36897293468,1.27213312551767,0.112759343131449,11.2818422863166,1.61331498182916e-29,6.28614075206885e-28,"ISG20L2",0,8.54212470735068
1427.53890849102,1.52027209960995,0.135471720554659,11.2220623860503,3.17771921371222e-29,1.21635252193592e-27,"MASTL",0,8.53056379190592
3160.28478842157,2.53225953466562,0.230140748214272,11.0030907360567,3.69254654956646e-28,1.30601914392875e-26,"IQANK1",0,8.52489299750747
1297.10231102056,1.87302330822871,0.168507109861236,11.1153963163402,1.05580788705897e-28,3.90933866363156e-27,"BCL2L12",0,8.48427600404995
3939.60217325687,1.65948982896911,0.161863475553442,10.2524045235962,1.15435528869379e-24,3.12142938904369e-23,"POMK",3,8.44954089417585
276.052098236213,5.36392976072689,0.519952144261431,10.3161989423971,5.95335568594831e-25,1.65091619857037e-23,"PAX6",0,8.44386141958062
301.185932719751,6.18988764065567,0.612277253447014,10.1096155472177,5.008040990318e-24,1.26865504853857e-22,"PRSS33",0,8.42596322658043
10561.6805509641,1.27018332303855,0.113718326897055,11.1695569016628,5.74668325944495e-29,2.16159873771936e-27,"PPM1G",0,8.38062247349094
6750.86310278313,1.72362808147153,0.155706586361902,11.069718511877,1.75952419886435e-28,6.34377832528314e-27,"LSM4",0,8.37638402481828
1414.23442955372,2.43987532234358,0.223532450108993,10.9150833409374,9.76397063520464e-28,3.31402893942551e-26,"ADAM8",0,8.3758557077432
2620.71418506742,2.83821811363497,0.262130699223358,10.8274922473562,2.55044605729107e-27,8.41550346524131e-26,"SBK1",0,8.37394140314363
2798.51084960191,6.78887721741042,0.684782324748011,9.91392004737947,3.62151650432091e-23,8.53544943201927e-22,"S100A7",0,8.3572952471061
9986.52628380231,1.45649256117356,0.131198624060148,11.1014316774072,1.23450337204907e-28,4.53875873049409e-27,"GARS1",0,8.33986663916041
913.437416905598,2.21990037057998,0.203194787401715,10.9249868019068,8.75531291097221e-28,2.98332995621324e-26,"BRCA2",0,8.32355972448103
746.035013011823,1.43543565416391,0.12942453583254,11.0909082650386,1.38870533794672e-28,5.06285063556044e-27,"HAUS8",0,8.31931216174883
2233.85717563774,1.83019814711971,0.166379246829456,11.0001588659416,3.8145928636008e-28,1.34371611047949e-26,"SSX2IP",0,8.3105671868856
4239.78720952353,1.67795795329729,0.152188768001199,11.025504545014,2.87899492359411e-28,1.02383029567978e-26,"LIMK1",0,8.30031899306687
5721.22566306002,1.45262744279378,0.131191137210561,11.0726034828277,1.70377598748507e-28,6.15982367070364e-27,"UBQLN4",0,8.29891774873117
219.31656250296,4.24098318623687,0.405578764735731,10.4566204026984,1.36642805712137e-25,4.00209889494188e-24,"CCL20",0,8.29160861101602
2026.1089661291,1.38257459571461,0.124809851950776,11.0774476061384,1.61408403300042e-28,5.85993432983593e-27,"DPH2",0,8.28440455399512
5108.17832893586,1.87303555653286,0.171081398362009,10.948212806687,6.77715638625632e-28,2.33060864802828e-26,"NT5DC2",0,8.25166986087162
6555.62248752778,1.48178075565039,0.134430778115163,11.0226302073546,2.97244471048229e-28,1.05418661589309e-26,"TCF3",0,8.23765897728074
4544.49801097828,1.7088196011537,0.164635891195876,10.3793868320039,3.07745355322278e-25,8.69122229380913e-24,"SLC50A1",2,8.23092162296522
132.357198208671,3.89311603056537,0.382334086511487,10.1824978936279,2.37388126671477e-24,6.19419048843381e-23,"FOXD3-AS1",1,8.23033944207599
5180.75139755518,1.24260205474539,0.112270447118509,11.0679353884976,1.79488163959319e-28,6.46231763802149e-27,"MOGS",0,8.22966412618498
1860.45806013087,1.39071942117047,0.13711396104769,10.1427995409363,3.56727063212236e-24,9.19763042211015e-23,"DTYMK",3,8.22811303990246
2931.47085302668,1.76572004847805,0.161258141813902,10.9496489827829,6.67056084419137e-28,2.29698163177723e-26,"RIPK2",0,8.22136875785469
8455.25815870861,1.69476738395946,0.154652686221064,10.9585382922927,6.04681145620595e-28,2.09325676266827e-26,"DNMT1",0,8.21218346430152
488.323119291981,4.44795927738881,0.457722727917773,9.71758448094336,2.53728997195348e-22,5.54238600606238e-21,"SLC15A1",2,8.21127875238013
1695.21631268073,1.72658759118116,0.157760937633669,10.9443289136022,7.07396308565741e-28,2.42627625991884e-26,"POLD1",0,8.20249420269927
312.621330668972,3.78138025698091,0.360357016953916,10.4934275706486,9.26067283980623e-26,2.75254229093762e-24,"AC020907.1",0,8.20249387699408
8117.37628242648,1.47370679145868,0.134056014131009,10.993216537219,4.11977206154506e-28,1.44535798557598e-26,"TMPO",0,8.1941194095579
1617.89096804756,1.63116452236216,0.148921900692231,10.9531540678708,6.41733816809659e-28,2.21563912619568e-26,"HSPA14",0,8.18569964897087
398.613408982304,2.45362813393902,0.234254864502926,10.4741822081068,1.13514453296262e-25,3.34049310866418e-24,"FOXP3",1,8.17894526613541
4838.04146478047,5.80062801607215,0.579687365362507,10.0064765297148,1.4274616446832e-23,3.46781385759153e-22,"MSLN",0,8.17817167150137
2802.51011482038,1.58651796638791,0.144853857251621,10.9525420757835,6.46085364821851e-28,2.22771259322899e-26,"SNRPA1",0,8.17159764194065
9714.79024480797,2.05336710545376,0.189771257592497,10.8202218370868,2.76108259124172e-27,9.0760579956996e-26,"ANP32E",0,8.12864095293154
306.461364116549,2.17562209922724,0.201880326538653,10.7767910649317,4.43073750668869e-27,1.43473334890502e-25,"RHPN1-AS1",0,8.10565527182206
288.58087684993,5.18847106196119,0.514053912860147,10.0932430084872,5.91813496721907e-24,1.49339810445788e-22,"TRPM8",0,8.10428863986313
4247.56478041174,1.51849775577684,0.139088190053972,10.9175175490284,9.50584815371177e-28,3.2348426086528e-26,"ACTL6A",0,8.10259338026006
1056.61687669762,1.93145381537134,0.178617204869496,10.8133693883662,2.97536729231878e-27,9.74358030262231e-26,"FBXO5",0,8.08282057397614
2283.37165781682,1.38479597590776,0.126678702752542,10.9315610739467,8.14352679433243e-28,2.78214040560765e-26,"MYO19",0,8.08212507967919
4611.60064890099,1.44231621139094,0.132352731987423,10.8975174877992,1.18444834025161e-27,3.99935425975891e-26,"VPS72",0,8.05209790082358
8086.61996775807,1.34146956355039,0.122877551899484,10.9171247539805,9.54703727349549e-28,3.24462347598705e-26,"SF3B4",0,8.04909157722547
646.35324007946,2.55972398600578,0.240770168186817,10.6314000828361,2.12892145850264e-26,6.65402825644943e-25,"TLCD1",0,8.02099180356895
6452.66164127685,2.07252779621439,0.193059637793396,10.7351687794645,6.9591687350647e-27,2.22582394376603e-25,"CDC25B",0,8.01751109588826
4725.85391088802,1.66044252227744,0.153566637497684,10.8125211916715,3.00301309713357e-27,9.82177445457728e-26,"FLAD1",0,8.00047576962779
5212.3434453892,1.33974418432988,0.134554073776304,9.95692026803441,2.35236963559769e-23,5.63595765543429e-22,"CSK",3,7.97663293885778
419.91199001664,6.61746223320517,0.686560444503861,9.63857193664461,5.49470324125411e-22,1.15788544373299e-20,"ORM1",0,7.96613899168185
232.990454161728,2.68793631505237,0.254788131209266,10.5496920217397,5.09638714438642e-26,1.53758707977686e-24,"DGCR5",0,7.95032897821647
172.412183196562,2.27273186397876,0.21379213023414,10.630568400669,2.14799317446025e-26,6.70559737468926e-25,"PRR19",0,7.93388831715592
263.914258043644,4.75733344798981,0.473297114778847,10.0514735869724,9.05038129564442e-24,2.24468400793114e-22,"IGF2BP3",0,7.92185347065316
987.662521641248,1.77975844605867,0.165876511051808,10.7294181362592,7.40610400022343e-27,2.36586903154196e-25,"WDR76",0,7.9217303239599
2214.27977956817,2.53338015925143,0.239879516825914,10.561052451552,4.51570154669602e-26,1.36714044387602e-24,"H2BC12",0,7.91927010843053
336.654023198388,2.46504631677828,0.233299134438766,10.5660328432349,4.2822843807527e-26,1.29949134986124e-24,"PLAAT1",0,7.90538187715133
10332.8777695539,2.43986390825945,0.245076107475604,9.95553558195111,2.38534991660409e-23,5.70536195743171e-22,"SLC2A1",2,7.90507421188511
1527.47157819376,3.28567826650383,0.316591581539486,10.3782869099886,3.113110829767e-25,8.78240909085891e-24,"TMEM158",0,7.90261938105557
300.706614754955,3.35778920413256,0.324241068221617,10.3558417894106,3.93707873745012e-25,1.10590335613268e-23,"H3C10",0,7.89422160842914
11226.6785957915,1.41528831695204,0.1314627540704,10.7656980637583,4.99813237329692e-27,1.61046126792003e-25,"COLGALT1",0,7.86250140977526
9791.85838222906,1.34445820686294,0.124717263669009,10.7800489468005,4.27658145194783e-27,1.38653791925279e-25,"HNRNPAB",0,7.86075793669026
1639.10904092982,4.17151034386965,0.411793429975367,10.1301041741224,4.06216435944763e-24,1.03710517490422e-22,"A2ML1",0,7.84670626277329
344.803748507233,3.07231797541997,0.295871191146677,10.3839713610267,2.93314028224779e-25,8.30164687701988e-24,"F12",0,7.84594611580519
1497.42124131424,2.05600352430022,0.193879841436123,10.6045244780005,2.83904511256018e-26,8.78923859253042e-25,"NME1",0,7.83361568109508
8504.48358220649,1.32976171179063,0.135119239939587,9.84139425580826,7.46687726016492e-23,1.69694062372031e-21,"POGK",3,7.83002851957644
178.666162621774,3.18303440862245,0.307865534685139,10.339041074792,4.69208983987582e-25,1.30951505199189e-23,"ULBP2",0,7.81977717417315
107.028934973721,3.17007100071724,0.30655248557664,10.3410383209067,4.59531254702029e-25,1.28811281772699e-23,"CAMK2N2",0,7.81803512966892
764.64697599766,2.93027860946209,0.300036050633428,9.76642174590607,1.56895718311128e-22,3.4985463551892e-21,"SLC7A11",2,7.81591729305266
149.096155314148,3.87923992104723,0.381436339409552,10.1700848090461,2.69673762513956e-24,7.00856028659153e-23,"WFDC21P",0,7.81008333228532
9511.89275997943,1.38680761926572,0.129282258791759,10.7269754738701,7.6044513461707e-27,2.42625744480577e-25,"RANGAP1",0,7.80056122147926
252.882309888731,3.31053353940823,0.321729077541442,10.2898176462828,7.83245643873558e-25,2.14237819505268e-23,"H2BC9",0,7.79389121997929
2634.46687418267,2.98475839014407,0.288049851496955,10.3619508034206,3.69350970073202e-25,1.03860536536118e-23,"KCNK5",0,7.79049234850348
1015.93540208086,9.87455345911626,1.14321967450155,8.63749433233085,5.74593078041619e-18,8.14017269853852e-17,"MAGEA4",0,7.78917595209514
803.420586480646,1.86538433224385,0.175801517949373,10.61074076039,2.65634651845225e-26,8.25303750852143e-25,"DNAH14",0,7.7846311540027
1167.00392333807,2.7207280278626,0.261374179984698,10.4093220991526,2.24816820246771e-25,6.42576760238222e-24,"CCN4",0,7.77384090398424
324.002943396991,6.47794308275864,0.68104932875959,9.51170907775074,1.87555410002631e-21,3.7636696478357e-20,"CT83",0,7.77069947582225
756.12102788072,4.93340566647363,0.500212744602065,9.86261489678419,6.04541017609544e-23,1.39333074323855e-21,"LINC02487",0,7.73680543402127
115.046161688267,2.17722325171826,0.207289704264727,10.503286979163,8.34236118573341e-26,2.48810445112715e-24,"AC068831.6",0,7.73440639306403
2986.43718084341,1.70111330970568,0.160445553141462,10.6024335134164,2.90325668445342e-26,8.96672890919992e-25,"CKS1B",0,7.72454378092742
3323.12239542081,1.12604035479642,0.104982594281145,10.7259718861667,7.68746237061269e-27,2.44974427401908e-25,"RRP36",0,7.72107588106984
3462.62375760927,2.27604173202034,0.217539615511996,10.462654016665,1.28213147813234e-25,3.76366230185538e-24,"PODXL2",0,7.71012932489953
368.400197253817,3.28691805989657,0.321327755003161,10.2291756896762,1.46763248419813e-24,3.90774013948852e-23,"GPC2",0,7.70849771520151
117.373615687197,3.32073205469197,0.32518537336575,10.2118124819747,1.75554421005828e-24,4.64115323768653e-23,"AC138904.1",0,7.6962318440601
3909.61040920811,2.99396583022926,0.29104939712713,10.2867961926116,8.08208755269105e-25,2.20834146997901e-23,"LRRC15",0,7.69496988065305
103.175658525887,4.23867375975557,0.424155436469367,9.99320861012162,1.63211450020496e-23,3.95026264408937e-22,"DLL3",0,7.69261433637139
394.352219086612,5.64397517185294,0.58472475405425,9.65236229990239,4.80361886273272e-22,1.01884404308262e-20,"CST1",0,7.69076023837915
889.686289261378,1.49389790581188,0.140639306922166,10.6221933149788,2.34974218039698e-26,7.31788881916464e-25,"DNAJC9",0,7.68885362965685
958.859887086628,3.73559978309992,0.37135797976706,10.0592958455966,8.35940982221047e-24,2.08122956862999e-22,"ADAMDEC1",0,7.62518393870546
4097.28848125205,1.89016126206551,0.180282317405803,10.4844517713342,1.01834532300463e-25,3.01307690519429e-24,"TTLL4",0,7.6233453136206
3907.66968414669,1.41678652551359,0.133858584726601,10.5842036833671,3.52767492626917e-26,1.07929462797017e-24,"DNMT3A",0,7.6150939530253
1334.16747500186,4.20025836983758,0.422508459482329,9.94124088067697,2.75375182948527e-23,6.5674335717468e-22,"COL22A1",0,7.61485880434725
135.01996365075,4.51078235564712,0.457644659083168,9.85651698565408,6.42391955313198e-23,1.47016954338447e-21,"NOTUM",0,7.60302448024714
142.893341275502,2.59575442528526,0.251870412143639,10.305912485683,6.62598436056316e-25,1.82771993996614e-23,"MIR924HG",0,7.6001534326135
41971.7990404048,1.2508265403042,0.117916716625542,10.6077117485924,2.74386581304131e-26,8.50467897128987e-25,"ARF1",0,7.59635058464773
160.385986272935,2.160999328069,0.207774144335591,10.4007134043522,2.46083841748068e-25,7.01056557688184e-24,"AC083855.2",0,7.59457388160371
681.165357312356,1.4112289976466,0.133529002843198,10.5687076784644,4.16190061063278e-26,1.2675303483164e-24,"CENPH",0,7.59248118937792
1320.8122341001,2.18715140723425,0.210688926675355,10.380950920142,3.0274448577322e-25,8.55926302673592e-24,"CHTF18",0,7.57641451042603
34578.1626004145,1.69196734673357,0.161320140758704,10.4882585570288,9.78145417937473e-26,2.89742234197456e-24,"TPI1",0,7.56898666262978
7852.98814773761,2.10449722669281,0.202535145072654,10.3907755167029,2.7312322624661e-25,7.76390745754676e-24,"DHCR7",0,7.56432506296498
5654.21657156621,1.53013132493566,0.145460771692214,10.5192025804271,7.04674357718396e-26,2.11377980237577e-24,"TTLL12",0,7.56152147433866
1760.73875793845,1.59283596895942,0.151639743016748,10.5040798491956,8.27256039543335e-26,2.47011262116565e-24,"FBXL19",0,7.56003576426833
2598.01037557971,1.62902990744448,0.155249945522214,10.4929499457466,9.30761834036687e-26,2.76334495761211e-24,"RHNO1",0,7.55627844141244
471.691691831397,2.70881971589009,0.264421863518855,10.2443106626731,1.25516392254686e-24,3.37999565795754e-23,"HOXC13",0,7.55397107205589
4600.71822786501,1.11500267709748,0.105207965197669,10.5980823315284,3.04152863624805e-26,9.36051085727011e-25,"CNOT9",0,7.5431109377245
387.097382897086,4.90071935496457,0.504674079715798,9.7106618943544,2.71567814858813e-22,5.89913185827056e-21,"AL031668.2",0,7.53897937538167
10453.9365800449,2.23612394512727,0.216461341545977,10.3303616671539,5.13665432830446e-25,1.43052530316146e-23,"ESRP1",0,7.52418852033245
1047.94223083553,2.58208424222959,0.252004124601266,10.2461983362975,1.23089997472958e-24,3.31808372712266e-23,"APBA2",0,7.51835907047986
298.72090839512,2.81057606180153,0.276364821669823,10.1698039743979,2.70452401661303e-24,7.0217955718179e-23,"TNFRSF9",0,7.48923836408015
4260.17228550035,1.4404400621454,0.137504436860812,10.4755896975417,1.11838386985973e-25,3.30157557594945e-24,"RUVBL1",0,7.47651564571274
1127.68604988343,5.05707186475483,0.525998645896726,9.61422981637813,6.96284690922452e-22,1.45323088319036e-20,"AFAP1-AS1",0,7.46842117383014
15473.2110014425,1.21534051445534,0.115559007058884,10.5170557050223,7.20912292851446e-26,2.16000238365042e-24,"CBX3",0,7.46426588521276
12070.0726896325,1.39534755332926,0.133261225029579,10.4707693706069,1.17682606646472e-25,3.45843574684733e-24,"SMARCA4",0,7.45694035255665
2230.38379579107,1.03717614964715,0.0983051825057058,10.5505744784813,5.04874473408214e-26,1.52497831962131e-24,"CIAO2A",0,7.45617374406519
458.99325318348,4.03694280793934,0.410041951638295,9.84519459974767,7.18999497097876e-23,1.63830068975964e-21,"DLX5",0,7.44676475815105
3195.61895474118,1.45889572920346,0.139670645343419,10.4452565935838,1.54038261943402e-25,4.48137876571279e-24,"SNRPG",0,7.44224522316307
9924.09024735725,1.65136178966706,0.158955073560566,10.3888586421109,2.7866776715867e-25,7.89568770274463e-24,"HMGB2",0,7.4261915481801
7515.54917502492,1.61197645437513,0.155138625387458,10.3905552234282,2.73754820639352e-25,7.773384433122e-24,"SNRPB",0,7.41640989242486
1420.94326084779,1.1925130686791,0.113759951908686,10.4827142475967,1.03723384193672e-25,3.06548464373747e-24,"KNOP1",0,7.41180417713056
516.538603506033,9.12533751390989,1.07420633545684,8.49495782393526,1.98004800759036e-17,2.65616211856197e-16,"MAGEA6",0,7.41032488058674
11279.3172605756,1.37358844127058,0.131675504742083,10.4316170571062,1.77835715605694e-25,5.14995470780116e-24,"SMG5",0,7.39853550950795
480.744967130459,3.44465663792173,0.346286562645903,9.947416416051,2.58815091263307e-23,6.17814375820571e-22,"GSDMC",0,7.39613958849367
1935.87071689871,1.74843578398445,0.169104814072139,10.3393613811525,4.67643440639289e-25,1.30794652007987e-23,"REEP4",0,7.38955373917983
627.88521265858,2.76699184010342,0.274155301185856,10.0927898462471,5.94552711429205e-24,1.49885933547631e-22,"ETV7",0,7.37736928886625
271.021081614511,3.37714879532889,0.363600577641983,9.28807324023058,1.57106468028896e-20,2.87187538717337e-19,"SLCO5A1",2,7.37569496111391
2066.79858408477,1.51833775148891,0.146423907080989,10.3694661736426,3.41426721700659e-25,9.6111990870098e-24,"POP7",0,7.36066805344208
1609.8514764146,1.86846453984873,0.181743675754984,10.2807678566361,8.60393705620401e-25,2.34356141320867e-23,"EFNA4",0,7.34957646033684
7643.81729378092,1.34702126673279,0.129627903135173,10.3914453150426,2.71211729745017e-25,7.7179870734316e-24,"VARS1",0,7.33785516596412
134.04039744179,2.88427497589662,0.287601526890535,10.0287192737833,1.13985465026663e-23,2.80043272087655e-22,"GABRD",0,7.33111494974823
935.989338030713,1.85059715534255,0.180233413125706,10.2677806697908,9.84432332263166e-25,2.67582873880125e-23,"SAC3D1",0,7.32694165245853
3437.91801828262,2.67043567242404,0.265073768445496,10.0743113439123,7.17617314485762e-24,1.79521406302307e-22,"PSAT1",0,7.32489582922114
228.024428642331,2.382266819161,0.234957288413409,10.1391484181984,3.70313614728162e-24,9.52908686586279e-23,"RIBC2",0,7.32096465996763
371.227209390888,2.8115494162363,0.280296522825925,10.0306253816155,1.11806182626109e-23,2.7520790958591e-22,"HAGHL",0,7.31156655140866
4922.65373510592,1.1034941381747,0.105868385264853,10.4232640878962,1.94172555528444e-25,5.59281326514913e-24,"PSMD14",0,7.30675914569519
2169.81313918908,1.50336496370784,0.145503583838987,10.3321507556229,5.0417253632032e-25,1.40558989350393e-23,"KNTC1",0,7.30665190136426
324.540233832442,3.89925611167192,0.399331649889724,9.76445546639919,1.59969038273664e-22,3.5609845607853e-21,"ONECUT2",0,7.30430580628391
670.050218578057,2.21791469218325,0.2183800381174,10.1562153359041,3.10912005568307e-24,8.05620601307064e-23,"JPH1",0,7.29353523861887
956.969997889952,2.30759314743157,0.227970842018858,10.1223170779037,4.39876750615537e-24,1.11975266194289e-22,"H4C9",0,7.27754131316485
335.910336334939,2.73564707115446,0.273009593383985,10.0203331217991,1.24084008900182e-23,3.03082001657631e-22,"PRR7",0,7.2762260773013
612.100006082923,9.21379121099881,1.10508356432197,8.33764206478988,7.5786570826728e-17,9.5206194782666e-16,"MAGEA3",0,7.27053780103514
971.094628718331,1.62802035036844,0.158609753111233,10.2643142583212,1.02043373048604e-24,2.77079646381038e-23,"SAP30",0,7.25562471769963
3532.7815105654,1.48368797801986,0.144091385779722,10.2968541109601,7.28033026731371e-25,1.99975099133895e-23,"SAMD1",0,7.25481361717979
144.826713516418,3.24990965360437,0.328948735278785,9.87968429442374,5.09933089870805e-23,1.18154896476998e-21,"PPEF1",0,7.25323737887765
8737.83359932181,1.36540866264735,0.132527647313455,10.3028212627806,6.84245529448949e-25,1.88344542937125e-23,"GMPS",0,7.22713668633015
10644.1419883586,1.42973420988956,0.139032913736055,10.2834226189334,8.37013365294797e-25,2.2822622796171e-23,"CKAP4",0,7.22141059722901
394.548104345681,2.9714055279386,0.299506032984844,9.92102061626576,3.3728938473695e-23,7.97833247907267e-22,"ARL9",0,7.2208480192024
3485.28954496908,1.36160617037288,0.132270653686529,10.2940911866949,7.49237144123402e-25,2.05582785640681e-23,"FAM136A",0,7.21458582717966
1458.75773199357,1.58036988344441,0.154378995990565,10.2369488368806,1.35440426029262e-24,3.62849494892577e-23,"RBL1",0,7.20619300817682
2182.6063701169,1.95491435040418,0.205764903142234,9.50071815237046,2.08447729524197e-21,4.14462773875458e-20,"SLC25A22",2,7.2012286463392
674.96032052311,3.50039016405572,0.358058691544491,9.77602344732017,1.4270762251474e-22,3.18762604635111e-21,"NXPH4",0,7.19907683916977
724.245800451257,4.25927185267122,0.444415627692884,9.58398307184331,9.33729125747869e-22,1.92255269517138e-20,"FBN3",0,7.19261808014226
3391.31642718807,1.46653939962773,0.143189266506956,10.241964606729,1.28598121595085e-24,3.45453190481009e-23,"AP1S1",0,7.17844505748065
1260.57766363625,1.92057900409701,0.189505472922815,10.1346888534414,3.87605573192239e-24,9.92506333634783e-23,"HOMER3",0,7.17715371516666
1258.52812797974,1.51052254844067,0.14774484196618,10.223859786499,1.55041718256058e-24,4.11974767561739e-23,"LRWD1",0,7.16869557931761
316.605002302282,3.50085447333715,0.35911553501631,9.74854644808988,1.87128333574984e-22,4.12379263898662e-21,"ARTN",0,7.1656672962792
7671.33842972049,1.13368350708677,0.109975598046156,10.3085004967282,6.44998116354625e-25,1.78105570964153e-23,"NOP56",0,7.16490180093419
2380.00533012511,1.70689360026634,0.167755808285013,10.1748703530215,2.5674165457828e-24,6.68579891098104e-23,"CHST11",0,7.16452208703132
1157.81773846829,1.19322612022282,0.128029451453803,9.31993464529814,1.16411984980636e-20,2.16905733558987e-19,"POLR3K",3,7.15708652645136
144.770516813297,4.34030019017011,0.455303699925994,9.53275844425511,1.53158457027477e-21,3.08768870791588e-20,"FSD1",0,7.15520000419399
1572.06698611794,1.59859371947041,0.156880797768223,10.1898622534555,2.20075815759289e-24,5.75975531063994e-23,"HENMT1",0,7.15145690568375
4643.51247279285,1.19357575258602,0.116067063222623,10.2835009299467,8.36333329034313e-25,2.2822622796171e-23,"TIMM17A",0,7.15056306003795
3475.35434602374,1.4828064330766,0.145177343445999,10.2137592401128,1.72066345780896e-24,4.5535567872798e-23,"RUSC1",0,7.14733670281698
3688.90512286309,1.10852517295736,0.107655599327958,10.2969578905077,7.27248262565193e-25,1.99970258019904e-23,"UBE2O",0,7.14226792979555
1962.72682930223,1.35875912609433,0.132744200615369,10.2359208145852,1.36886725551144e-24,3.66347666831793e-23,"MTERF3",0,7.13845970883402
1719.94554748312,1.36612019011907,0.133498139787458,10.2332526302918,1.40712313135743e-24,3.75429669038834e-23,"TRIM11",0,7.1374774798607
917.918231090322,1.85485813558288,0.183347092496696,10.1166487579633,4.66102114772436e-24,1.18419920329172e-22,"E2F5",0,7.13443001130673
1959.18805305999,3.13063797654311,0.319303444627482,9.80458566676439,1.07587625233988e-22,2.42183646543554e-21,"MYBL1",0,7.12394794874734
3397.75915983766,1.32890837522002,0.129886743721044,10.2312856350769,1.43600196426922e-24,3.82742977531757e-23,"POLR2H",0,7.12380034322952
547.169382852239,2.80888802222857,0.284253226021962,9.8816399079726,5.00077307834071e-23,1.15974334371092e-21,"CILP2",0,7.12335784009264
3244.72570535522,2.55814384190638,0.257400689721294,9.93837213364214,2.83420682637822e-23,6.75313248109698e-22,"DBNDD1",0,7.11859157166985
1536.95198458124,3.33498996835108,0.382667421531757,8.71511338749886,2.90467797567429e-18,4.25611246722326e-17,"TINCR",3,7.11179306182103
4549.40673714834,1.90407111947513,0.188896139478388,10.0799895896918,6.77332989238438e-24,1.70096715129849e-22,"PFDN2",0,7.10201255783417
6644.63072241482,1.87962252630766,0.186540771885601,10.0762021477019,7.03946222412265e-24,1.76440059419428e-22,"GFUS",0,7.08990759928339
1852.44670466389,1.89186478228667,0.187833559029775,10.0720275549204,7.3448082495665e-24,1.83388042760009e-22,"NFKBIE",0,7.0885481300502
1468.99046745489,1.26764719536884,0.124075651101947,10.2167281340904,1.66878640614254e-24,4.42075764724773e-23,"RABIF",0,7.0866451465511
2238.62328108483,1.37318562424831,0.134748902899757,10.1906998476259,2.18187787059823e-24,5.71608145255115e-23,"ZC3H3",0,7.08482616465336
3554.27536092082,1.39180803201549,0.136653605379738,10.1849345880621,2.31515539160545e-24,6.05307478364886e-23,"TOMM34",0,7.08294959775343
8640.69873570843,1.34441185474398,0.131876400155205,10.1944840256615,2.09855894053439e-24,5.50887572033333e-23,"PTDSS1",0,7.08100466396963
5238.47743709292,3.10560328231052,0.318059826238963,9.76421108894536,1.60355142607637e-22,3.56653370507959e-21,"MMP9",0,7.06600708490666
125.496051402166,3.54864213667319,0.367766496761583,9.64917187378739,4.95542762320553e-22,1.04933494601217e-20,"CLDN9",0,7.0583184000769
1571.85149405341,1.49117803944296,0.147076708236531,10.1387776305465,3.71721734074868e-24,9.54647334199959e-23,"CEP85",0,7.05340052258743
4447.51506858704,1.17858898920849,0.115424329312821,10.2109234355116,1.77170569123022e-24,4.67913396689951e-23,"NOP58",0,7.05252705290447
2802.82641913656,1.43177825772025,0.141081702060855,10.1485751646422,3.36236431671416e-24,8.6864965950236e-23,"BAX",0,7.04788008119043
7579.13483056871,1.44114381300352,0.1421729999661,10.1365506344183,3.80291354454283e-24,9.75694363834626e-23,"PRDX4",0,7.03554900502145
401.594942895091,2.97608192653969,0.304891284086373,9.76112497101291,1.65311164902805e-22,3.66425691796038e-21,"GRIN2D",0,7.02362880302587
2157.10612774926,1.84609272551638,0.184236023841984,10.0202592686203,1.24176766705164e-23,3.03082001657631e-22,"TMEM97",0,7.00935977360988
1731.29379451216,2.87250445068178,0.294227860093802,9.76285675247071,1.6251170861806e-22,3.60834131903491e-21,"LAMP3",0,6.99455905176842
7998.18536411991,1.40002488638171,0.138494653077479,10.1088731967037,5.04612934409515e-24,1.27706265643231e-22,"ATP6V0B",0,6.98814380425109
222.336362520693,2.14967691203219,0.216469623850374,9.93061693273911,3.063541748975e-23,7.27298203738902e-22,"CFAP20DC",0,6.9863893191204
20150.4495575013,1.42801422884028,0.141417701588819,10.0978463996843,5.64686302376192e-24,1.42632537248452e-22,"PSMB4",0,6.98213868630816
1506.14576752018,1.55156603017908,0.154143588349212,10.0657188975257,7.83130790521301e-24,1.95161284096738e-22,"FLVCR1",0,6.9783517089646
553.461219264422,5.25669714163781,0.574751064218732,9.14604159764945,5.90579548055313e-20,1.0215419428771e-18,"SBSN",0,6.97423228166009
390.330459478396,1.62808753540998,0.162424538607917,10.0236549807298,1.19982033851583e-23,2.94221230141976e-22,"POLA2",0,6.94782405854111
6871.52233537354,1.52888800224629,0.152197627245745,10.0454128616452,9.62438035043731e-24,2.3825139847564e-22,"GTPBP4",0,6.9455557631188
3571.90479105213,1.58635894721078,0.158268170190716,10.0232342693998,1.20494024967131e-23,2.95199036543065e-22,"TET3",0,6.9348732034463
4417.70776794276,1.15327640193777,0.113909523663307,10.1244949925927,4.3019368235465e-24,1.09617387272128e-22,"STX6",0,6.93401908664313
1924.0987736681,1.81461062910099,0.182083689263024,9.96580548453049,2.1512293636546e-23,5.15879446388081e-22,"ATAD3A",0,6.93061872119873
3891.70797499651,1.09077745082859,0.107624887448939,10.1349927203974,3.86402352380326e-24,9.90398241838541e-23,"LSM14B",0,6.92849027703428
3601.11807422933,1.34088003513391,0.133084659600354,10.0753914024389,7.09776279756915e-24,1.77730435008871e-22,"RFWD3",0,6.92733546938267
156.707394724346,5.24599428692336,0.57615067658856,9.10524711692671,8.60702703417313e-20,1.47120900786748e-18,"LCAL1",0,6.9234959734806
5101.32884061982,2.96421046103442,0.306229295474026,9.67970897900536,3.67761332403111e-22,7.87063600308037e-21,"ISG15",0,6.92046018995706
151.984044025059,4.43560028169335,0.476535235781961,9.30802162911382,1.30235479662106e-20,2.40769379315752e-19,"CACNA1B",0,6.91619970855262
11308.2076222733,1.42329142013045,0.15154654431171,9.39177746740923,5.8996117721069e-21,1.12745733184392e-19,"HDAC2",2,6.91135739148931
2286.82157966461,1.22296498712856,0.121239407655181,10.0871903845556,6.29453788197407e-24,1.58435293974977e-22,"PPIL1",0,6.90693391593378
2794.06860245064,1.35372469993828,0.134673925287682,10.0518693358536,9.01410274988668e-24,2.23781539410758e-22,"DPP3",0,6.90117013286094
109.538528704945,3.27872242561196,0.342548456713623,9.57155801274864,1.05306598303052e-21,2.15296242977699e-20,"CBS",0,6.88370579231056
294.246230499203,1.62001296778891,0.162428217359054,9.97371635377737,1.98653463628969e-23,4.7814402921665e-22,"C5orf34",0,6.88213626925759
3303.78420027136,3.45186620613825,0.362496891342063,9.52247119515564,1.69108945232378e-21,3.39611931846872e-20,"GBP5",0,6.876264979769
14822.2153577234,1.39156236057267,0.138885661356148,10.019481831204,1.25157385136734e-23,3.05189668695906e-22,"CCT5",0,6.87209775984334
8389.34095421618,2.30543652753204,0.235234367420614,9.80059398977945,1.11925508483468e-22,2.51730994791937e-21,"NUP210",0,6.87134995064114
1424.11720772091,2.0139412859619,0.204235388480111,9.86088307687196,6.15060394873395e-23,1.4125796751687e-21,"YDJC",0,6.8591784998478
4350.95553520651,1.4595987968874,0.146063203962608,9.9929260572776,1.6367747966444e-23,3.95786721930702e-22,"MRPL15",0,6.85864127301639
17183.031446933,2.97113979645345,0.308612035816358,9.62742683898903,6.12438645607802e-22,1.28641725826419e-20,"SPP1",0,6.85852738158594
578.369289644295,2.41324640315582,0.247217351849396,9.76163843315479,1.64476202606195e-22,3.64885206241335e-21,"PCAT6",0,6.85532704418838
3368.4428600888,1.26051050052368,0.125613764131138,10.0348119431222,1.07163411813079e-23,2.64029173509596e-22,"LSM2",0,6.85165757528452
194.674629134266,1.88141946203911,0.190349600637486,9.88402106302394,4.88331222592196e-23,1.13553345042915e-21,"AGMAT",0,6.84786585896764
4153.79359186649,1.3341026704259,0.133292849977239,10.0088089545217,1.39420880888088e-23,3.39335583763753e-22,"TMEM63B",0,6.84104198008486
2407.54315871486,1.45018519891434,0.145385790509703,9.97473820398942,1.96619279152039e-23,4.7412347360372e-22,"PFDN6",0,6.83228812241154
5232.35590736871,1.17871327225421,0.117420417395031,10.0384013138766,1.03335287938081e-23,2.55079635481246e-22,"GRAMD1A",0,6.83161124536869
17442.0190183385,1.18296418196319,0.117857664174294,10.037227449322,1.04572089899785e-23,2.57888426434975e-22,"RAN",0,6.83145969892107
7923.10138258462,1.39881584593375,0.140097200298721,9.98460956358255,1.7800045450997e-23,4.29623874788092e-22,"SMS",0,6.82971823146945
157.927761015216,5.3114271437067,0.589876450893764,9.00430443639338,2.1703720800778e-19,3.57165965980985e-18,"PAX1",0,6.82756712251306
234.177476511023,2.89392697166626,0.300789848080245,9.62109256724053,6.51355841598855e-22,1.36596079830711e-20,"H2AC11",0,6.82754662078624
2232.34963317532,1.76953622351009,0.178953246929458,9.88825994427266,4.68093152990175e-23,1.09139393729829e-21,"ACOT7",0,6.81946640596964
127.394550924163,4.71204734069069,0.514972634931142,9.15009268661577,5.6884720829858e-20,9.8525848363582e-19,"GABRQ",0,6.81554914728435
25328.9176530752,1.81983385380557,0.184342003557357,9.87205204829697,5.50271781293218e-23,1.27162540097255e-21,"MARCKSL1",0,6.81464239780703
13383.3717388599,1.81756592912553,0.184395914766205,9.85686657662678,6.40159943602286e-23,1.4676384564539e-21,"IRAK1",0,6.79528405382906
11797.8468593109,2.36920214697158,0.24389326616817,9.71409413713768,2.6257332663342e-22,5.72282517170013e-21,"FSCN1",0,6.78347750047582
3153.34545228789,1.4152867962415,0.142464806389354,9.93429066525765,2.95269931862758e-23,7.0290422957685e-22,"MRPL47",0,6.77051719189267
14249.6875736694,1.25533673024112,0.134884013064839,9.30678663629084,1.31758217874797e-20,2.43067336542273e-19,"SLC39A7",2,6.76088303842782
679.341087398134,2.34559968230889,0.259981198298868,9.02218967239486,1.84366664413325e-19,3.06497821509066e-18,"SLC2A6",2,6.75775168708197
135.352797316818,5.13241768105237,0.621925065629589,8.2524695734151,1.55154408238528e-16,1.88287242064884e-15,"SLC1A6",2,6.75727903606726
3835.00074556534,1.66855259429618,0.169194341159911,9.86175177525099,6.09761312189693e-23,1.40288156441736e-21,"FAM189B",0,6.75645947585942
10724.9541112485,5.82039910490397,0.661443781459611,8.79953711570176,1.37381630763414e-18,2.07721981966933e-17,"COL2A1",0,6.75087499414987
6387.92563073832,1.49500798827194,0.151093940955305,9.89455949603021,4.39541176310113e-23,1.02758025496643e-21,"LPCAT1",0,6.74495767127979
3327.63440553088,1.18455773865639,0.118853645457604,9.96652424160548,2.13572355012053e-23,5.13105122405455e-22,"INTS8",0,6.74230541650571
1333.85047476718,4.12807957099277,0.447189658974614,9.23116062311967,2.67715120171019e-20,4.75053099897751e-19,"GNG4",0,6.73540122438698
2507.84080601134,2.46809083928121,0.255768850151949,9.64969282934555,4.93031881173345e-22,1.04486683305249e-20,"ZNF469",0,6.73470896867581
358.135856114203,3.15696334139491,0.375433616559983,8.40884567109757,4.14065504273877e-17,5.31958871360628e-16,"HOTAIR",3,6.72932558564252
149.147239590981,2.5128416728702,0.292827394276164,8.58130667413019,9.38014320351625e-18,1.29921462744983e-16,"CDKN2B-AS1",3,6.71974823140808
16636.7401544818,1.25134475638428,0.126194824750002,9.91597523007188,3.54774634406895e-23,8.37673043033019e-22,"PRDX1",0,6.69848106499489
4540.73309866099,1.30737785665579,0.13227840454283,9.88353209410291,4.90720773828922e-23,1.14007294219238e-21,"TBRG4",0,6.67513356544363
1991.74525287318,1.12702490773226,0.113604656667755,9.92058724342901,3.38757162133875e-23,8.0057868951439e-22,"GTF2IRD1",0,6.66708626466895
289.186323820383,5.00108493444057,0.559224600544095,8.94289151366873,3.79117866191906e-19,6.10028729507681e-18,"ORM2",0,6.66472039371115
1612.22014915359,1.94811310123817,0.200518323840444,9.71538692288447,2.59262460908121e-22,5.65539294434476e-21,"RPP25",0,6.65869509466824
2307.2345502395,1.4951369331707,0.152212602733911,9.8226881763819,8.99133120129271e-23,2.03452283354251e-21,"PNP",0,6.65600230945418
345.792964893962,1.80550336406716,0.185232993082971,9.74720180253435,1.89622883077531e-22,4.17474636248479e-21,"PRELID3A",0,6.65546198072715
144.084463255864,2.14240351416203,0.221821169420628,9.65824641425226,4.53561031960945e-22,9.64353623175036e-21,"AC109322.1",0,6.64745015929592
220.524656277967,2.5558966676309,0.267587647048962,9.5516242839238,1.27678542761207e-21,2.59609717172884e-20,"C2CD4D",0,6.64247271707621
609.225460129448,2.37820867907728,0.248252527937208,9.57979642277323,9.72364064939057e-22,1.99736911589964e-20,"LRFN1",0,6.62332510461472
223.409930369323,3.23488848114166,0.345501304034431,9.36288356474419,7.75896598585251e-21,1.47414698508176e-19,"MAST1",0,6.61990430777391
42034.9049965816,1.25185930549134,0.127127953899038,9.8472386843065,7.04529803619799e-23,1.60814171549539e-21,"CFL1",0,6.61366049631887
354.38585200746,2.57989325516853,0.305030036611131,8.45783347709301,2.72390708377597e-17,3.59150662381327e-16,"IL21R",3,6.60738497502883
26445.13499566,1.2809080110798,0.130253288608877,9.83397828001174,8.03793268457031e-23,1.82354039415748e-21,"PFN1",0,6.6059977869146
6774.21748732829,1.29680036360155,0.132074809475856,9.81868055496697,9.35600631416581e-23,2.11337102765477e-21,"CACYBP",0,6.59154738427367
320.492984641352,5.35047234524671,0.60932114476592,8.78103835917623,1.61972291312828e-18,2.4321035239928e-17,"COL9A1",0,6.58934708647169
3242.1427978922,1.66864290621233,0.171556982292131,9.72646454791873,2.32534711209699e-22,5.08940580781127e-21,"RBM38",0,6.58859274754296
1956.80648606534,1.0827150798766,0.122391971506051,8.84629168526041,9.04755845340699e-19,1.40132326919168e-17,"CDK2",3,6.58085302388448
1290.25986822375,2.59810568515185,0.273880685152217,9.48626838620576,2.39452986436652e-21,4.73942368826439e-20,"CTXN1",0,6.57671404508279
508.804500055888,2.36933219262594,0.248309374528429,9.54185558690886,1.40299141307303e-21,2.83722088165823e-20,"P2RY6",0,6.57493171352229
10684.2869873276,1.17533729197077,0.119525010198283,9.83340047426877,8.08419955589523e-23,1.8324419984654e-21,"CSE1L",0,6.57369211649552
1281.61763318518,1.20322836503393,0.12254971468518,9.8182877710073,9.39252613796231e-23,2.11978336656505e-21,"MSANTD3",0,6.56308106550222
9683.21276208921,1.19424543486967,0.135841707308945,8.79144894839696,1.47643311996156e-18,2.22592146547356e-17,"CDK16",3,6.55402067918813
1336.55129596476,1.57385279181784,0.16190637368157,9.72075870782721,2.45942035960629e-22,5.37833141894774e-21,"COA6",0,6.55296156941464
4537.01749053302,1.37251322882895,0.140616314930159,9.76069689716057,1.6601047964885e-22,3.67663141291978e-21,"SNRPE",0,6.54211894060932
2901.81567671188,2.90256744651449,0.309459891522622,9.37946249587664,6.63098972790884e-21,1.26537342047877e-19,"RASD2",0,6.54010462163164
12642.3708771698,1.54279014400839,0.158763639331858,9.71752821049626,2.53869217448823e-22,5.54238600606238e-21,"PAICS",0,6.539728012366
1116.10974091869,1.44891964876596,0.166457000371148,8.70446809407425,3.19067581495116e-18,4.64125817345602e-17,"CDK5",3,6.53468517651592
833.447642284336,1.64185216731024,0.169457761456329,9.68885787939174,3.36267866168163e-22,7.23822829678407e-21,"ZNF93",0,6.53466596714708
191.880419596089,2.1561421956176,0.225538526442968,9.55997287746235,1.17787568975105e-21,2.40060090732922e-20,"DEPDC7",0,6.5327466689128
592.985410351487,4.3254612230211,0.480663393580617,8.99894038278918,2.27906626691973e-19,3.7458020416013e-18,"SIX3",0,6.52557492029984
2500.60831244559,1.39278346157195,0.16022944636241,8.69243134262429,3.54764228027578e-18,5.14329206451328e-17,"PVR",3,6.50446268247382
4108.08806471162,1.0769696928853,0.109934608331787,9.79645726880628,1.16603713667028e-22,2.61800947817263e-21,"CBFB",0,6.49769954350782
1416.85786821566,2.17739750247,0.228642761907915,9.52314205925721,1.68020445380369e-21,3.37686117943722e-20,"ABTB2",0,6.49466528850924
457.350119233475,4.92444882134006,0.559177257838337,8.8065971072875,1.29002345154163e-18,1.95619786569725e-17,"BARX1",0,6.48991081218151
1929.25985464346,1.19591154852842,0.122540007215791,9.75935594995065,1.68220100643833e-22,3.72240523215856e-21,"DHX34",0,6.48752636956944
2267.55176146076,1.44697972900818,0.149285117220548,9.69272594581861,3.23769670016873e-22,6.98073117314295e-21,"PUS7",0,6.48092364458754
4733.31292964443,1.35747862847913,0.139744730213046,9.71398797228057,2.62847070254686e-22,5.72400549735078e-21,"SRC",0,6.47993357588807
527.004761805627,2.90095652016913,0.311162999345029,9.32294818559852,1.13151622269728e-20,2.11132665547961e-19,"PRSS27",0,6.47292032684044
2550.29618023493,1.44652428554273,0.149387467436554,9.68303640435617,3.55983152990224e-22,7.64366791515336e-21,"YIF1B",0,6.46896674249915
199.449438378328,2.14836535315473,0.22602757381083,9.50488171391321,2.00275493377094e-21,3.98822099760176e-20,"AL031058.1",0,6.46427584124161
608.395780581748,2.90967652138951,0.312552087778762,9.30941316715538,1.28540565384575e-20,2.37973502690321e-19,"PANX2",0,6.45994437553017
4488.5214864539,1.42176446926702,0.146893062475924,9.67890821596861,3.70652904707097e-22,7.91951579262287e-21,"MANF",0,6.45691975202373
4072.41730973065,1.72734004291464,0.179873435448041,9.60308585095997,7.75860773016081e-22,1.61407524103832e-20,"C19orf48",0,6.45582488015149
216.797783356368,3.91288529190626,0.432620591012838,9.04461177574912,1.50197928532464e-19,2.51458535841731e-18,"LEMD1",0,6.45372567282952
5868.07066777849,1.11088836557885,0.114003106062749,9.74436928909114,1.94985883103596e-22,4.28557927054085e-21,"CYRIB",0,6.44366364987083
248.165803091524,1.76032875555941,0.183900816244015,9.57216390613327,1.04691147619883e-21,2.143742454837e-20,"ZFP69B",0,6.42874684401668
3458.40981226146,4.12291583665615,0.460044055096152,8.96200220605923,3.18835476667165e-19,5.16216420514472e-18,"KLHDC7B",0,6.42302520647959
130.997952521433,1.81832024011544,0.190473920633338,9.54629502070108,1.34417566042004e-21,2.72250403575519e-20,"RHEBL1",0,6.41500551237076
3189.10185319567,2.30811685601443,0.245314854629937,9.40879368881379,5.01863433909034e-21,9.66179773390457e-20,"IGSF9",0,6.39691767436803
1456.79768219568,2.85791143554437,0.30847055836161,9.26477862498024,1.95482413152036e-20,3.52395578397934e-19,"CTSV",0,6.39326429549394
476.145429992139,3.22928630497422,0.352383955162463,9.16411277433273,4.99562112343715e-20,8.67560665054204e-19,"C5orf46",0,6.38729593559099
17176.0723481382,1.1459644733982,0.11846885046108,9.67312900343102,3.92199630382233e-22,8.35933586686318e-21,"APH1A",0,6.36713780953466
2336.2617791176,1.46024881194213,0.152252169384213,9.59098854123479,8.72450527448842e-22,1.80064670617648e-20,"PSMG1",0,6.36144609030466
14432.1619491548,1.00810817692044,0.103923502746469,9.70048305030489,3.00074563429856e-22,6.48056640010443e-21,"ARPC5",0,6.35894856364412
4379.96364806009,1.34182802656534,0.139676077594296,9.60671325882174,7.49017474345338e-22,1.55947591883066e-20,"CDC123",0,6.3446548061172
794.491459359578,2.92565315700314,0.317867452602167,9.20400353371441,3.44855941425042e-20,6.0697905638937e-19,"APLP1",0,6.34274383525684
1425.17514245532,3.16536877849082,0.346313196743568,9.14019104167911,6.23421012868853e-20,1.07478277397172e-18,"PGBD5",0,6.34021442439223
5190.16318150274,1.07515643882504,0.11125391171754,9.66398773963767,4.28838355020087e-22,9.1253301227009e-21,"ATP13A1",0,6.33447235624461
26009.6519296405,2.45809725799725,0.263804128911711,9.31788773791298,1.18679348164126e-20,2.20714719435608e-19,"SDC1",0,6.33427978824837
1789.35677223106,1.33479011196877,0.13907981144674,9.59729595606998,8.20691975397365e-22,1.69920394937912e-20,"TRMU",0,6.33136338094685
1851.87121248067,1.38086885743372,0.155267761609298,8.89346792355014,5.92307653623819e-19,9.34605545218649e-18,"SLC19A1",2,6.32307215119215
169.283452236993,3.44566798235899,0.380749095841829,9.04970758956284,1.43351699336976e-19,2.40305385634531e-18,"ZIC4",0,6.3194713434601
537.71629856418,3.42060955349378,0.377904290566499,9.05152346475375,1.40987360838371e-19,2.36494049869616e-18,"FUT3",0,6.31403680050649
11301.3309657984,1.32354508480249,0.155098391860397,8.53358354607447,1.4188290973391e-17,1.92929671780586e-16,"F11R",3,6.3114438178014
11825.3996139443,1.06421367583546,0.110316746231781,9.64689144837081,5.06683629756876e-22,1.06945118841073e-20,"KHSRP",0,6.31051581252652
11808.9980852071,2.53715954564344,0.273658323809802,9.27126758039641,1.83946675901965e-20,3.32289535740578e-19,"FADS2",0,6.30469286420591
1311.0189264745,2.40936702538224,0.258945385915888,9.30453739061743,1.34576889183406e-20,2.47916308858222e-19,"CLEC7A",0,6.3045185784498
1582.11400411455,1.58992295456041,0.16717925189582,9.51028872620626,1.90134076432858e-21,3.80433101555743e-20,"RFC3",0,6.30289339698192
2233.23601250919,1.04553604563219,0.116633311826925,8.96430041516523,3.12256710316936e-19,5.06193760437287e-18,"SLC25A13",2,6.30236577742344
2258.39107336755,1.67702894934711,0.176879553357388,9.48119167826393,2.51395461320992e-21,4.9644890077684e-20,"MRPS12",0,6.29434631877509
2196.81681948342,1.13186096498018,0.117717817135317,9.61503528118522,6.90856625579918e-22,1.44415073448209e-20,"MRPL9",0,6.29167453185555
125.605000641331,4.1452220294303,0.469023804302009,8.837977926513,9.74665268837345e-19,1.50513030585208e-17,"BX571818.1",0,6.29029437871802
612.476063509786,1.55087455954958,0.163151940787974,9.50570708542806,1.98693508107168e-21,3.95974287142931e-20,"ATAD5",0,6.28596227217396
692.780666853311,3.0569522705422,0.335486531249958,9.11199701267468,8.08792772771694e-20,1.38702639525261e-18,"KLRG2",0,6.27446026341671
3199.88692664134,1.49975684592618,0.157860822991749,9.50050061505487,2.08883663915796e-21,4.15012992933921e-20,"MFSD12",0,6.26450854572482
1690.71882768976,1.56863822427239,0.165409756230946,9.48334765745164,2.46253401716502e-21,4.86663185939655e-20,"RPUSD1",0,6.26442291881115
1549.15353078841,1.58480640672555,0.167222667324744,9.47722238904297,2.61141616679142e-21,5.14525965379834e-20,"LPAR2",0,6.26201973316472
1682.08383849878,1.7281922655276,0.183171316679329,9.4348410922496,3.91587354009568e-21,7.62892941477384e-20,"RRS1",0,6.25371860065235
3005.9426228704,1.01306443935499,0.105403195064002,9.61132571683284,7.16208249917879e-22,1.49235814952913e-20,"ELK1",0,6.25175741334436
1374.95776953166,1.23716102194941,0.129588060895893,9.54687502379797,1.33667394112083e-21,2.71152370608535e-20,"ZNF74",0,6.24118428487423
418.915416994699,1.91513774961713,0.204367490578734,9.37104890897171,7.18152445154636e-21,1.36742730371409e-19,"RHBDL2",0,6.23377005069466
1256.89100499185,1.30386505671158,0.136906968933931,9.52373036131426,1.67071611540579e-21,3.36038248304652e-20,"TLCD3A",0,6.23324290336592
5665.73646044477,1.17731291626739,0.123249892243558,9.55224296619151,1.2691818748006e-21,2.58265136068909e-20,"SRPRB",0,6.22957413982825
127.039566198345,5.60269471657597,0.669686261536081,8.36614850620481,5.95321575051341e-17,7.52947476800743e-16,"GABRA3",0,6.21777901029234
917.884070408814,2.06352934116567,0.221459575400423,9.31786009900264,1.1871026073147e-20,2.20714719435608e-19,"SEMA7A",0,6.2159094131989
140.081337198868,4.20733471260633,0.481085965082695,8.74549460590296,2.22040836723973e-18,3.29609253467188e-17,"TUBB4A",0,6.20680059510132
3207.22448469199,1.65351519388186,0.175643483572561,9.41404235585413,4.77414402990166e-21,9.21151831439279e-20,"RRP1",0,6.20675519219292
419.804629528991,3.17870023234339,0.352355069593773,9.0212984192567,1.85873005187735e-19,3.08805074966775e-18,"HOXC11",0,6.20670474100058
4581.97726053766,1.08015238625296,0.113038142818396,9.55564519481094,1.22816243535324e-21,2.50113360955882e-20,"CASP2",0,6.20460464821948
4234.88025931344,1.36377049928764,0.14389407412599,9.4776001553306,2.60198184441529e-21,5.13054922378012e-20,"MSH2",0,6.19608199217733
1889.62754136098,2.15402514104911,0.232191477568642,9.27693455248514,1.74424543464742e-20,3.1669429456926e-19,"LIMD2",0,6.19601547050184
572.146567352648,1.64451049522373,0.174819558971102,9.406902207639,5.10974431916838e-21,9.82994134079426e-20,"AC026401.3",0,6.19558787069801
41204.5416171555,2.28649357575929,0.247481354503931,9.23905390910155,2.48686320045833e-20,4.4309680824571e-19,"BGN",0,6.1919984862195
2394.24597584506,2.87950940492321,0.31697674548551,9.0842922893687,1.04375485020177e-19,1.77132536980531e-18,"SEPTIN3",0,6.18936331861986
1699.94873087338,3.29690704544987,0.367384063478737,8.97400669542294,2.85919901378371e-19,4.65526175467208e-18,"IL12RB2",0,6.18868888201954
26996.0599614919,1.17349096556192,0.123401811942625,9.50951162781571,1.91559720603916e-21,3.82928469093733e-20,"RPN1",0,6.17711199302306
706.879593666707,1.32419596802607,0.13980909692573,9.47145784604783,2.7596489716345e-21,5.42911469762993e-20,"FKBPL",0,6.17684008535881
549.170253271833,2.02028232265331,0.217375461294479,9.29397601101085,1.48629932257402e-20,2.72074188493939e-19,"MXD3",0,6.17567849404858
232.718126287694,2.40336634138808,0.261499858303564,9.19069844618466,3.90298804197551e-20,6.82813350940776e-19,"AC108860.2",0,6.17071930115144
553.813016188118,1.99467615655043,0.214633347113624,9.29341215321249,1.49419711754108e-20,2.7332797377504e-19,"SH3BP1",0,6.16739762240307
9331.73703316792,1.16847801919336,0.123049723219415,9.49598250708617,2.18144398076622e-21,4.3275266549949e-20,"PSMB2",0,6.15967148029246
1833.40419636888,1.20971379248961,0.127543960519257,9.48468110575075,2.43125316720807e-21,4.80845799010719e-20,"TTC13",0,6.15831238991306
2194.74495757893,1.28618166138936,0.135923448272737,9.46254437871947,3.00539466864749e-21,5.89921858641824e-20,"ZNF598",0,6.15461615184358
2433.82347457121,1.10697302955822,0.116489887720106,9.50273926109345,2.04440309179033e-21,4.06805003005332e-20,"DNAJC2",0,6.14927602325874
1470.04691917202,1.84165573559011,0.197685362280018,9.31609560945352,1.20700310840159e-20,2.24254811309366e-19,"ARHGAP39",0,6.14727418984086
4055.33528492641,1.13443369076692,0.119516222867827,9.49188037862852,2.26903661846414e-21,4.49786901395473e-20,"EHMT2",0,6.14442806607616
3306.37811359688,3.91034867873296,0.445945897580978,8.76866162452565,1.80802501945078e-18,2.69930058316286e-17,"IDO1",0,6.14372922906356
10120.272590081,1.11375072326672,0.117345604776843,9.49120101587738,2.28387511407699e-21,4.5238429026326e-20,"DAP3",0,6.13747296248757
165.214297721045,2.560828261775,0.280758778561203,9.12109774411477,7.43671875633857e-20,1.27618793825858e-18,"AC011447.7",0,6.13647408784586
50949.0816269249,1.2381223662372,0.130961314280388,9.45410767325059,3.25788784241497e-21,6.38041791046063e-20,"PTMA",0,6.12998197222991
140.816363178716,4.9922768105028,0.5904004465574,8.4557470096992,2.77306263587833e-17,3.64158305941765e-16,"KRT75",0,6.1292959771349
919.750950850092,1.3004421027272,0.137791838019061,9.43772955947732,3.80944095064096e-21,7.42712769337007e-20,"SUV39H1",0,6.1288863635984
136.080321666905,2.95680226045637,0.328127348293152,9.01114239894058,2.03921039904908e-19,3.3707100489545e-18,"RIPPLY3",0,6.12872425940123
4823.52640138913,1.55695218356034,0.166211703077271,9.36728373956025,7.44231065063584e-21,1.41501613224015e-19,"PDE7A",0,6.12185723771716
175.21916890856,3.9076145059754,0.447029167040704,8.74129652846475,2.30450271607158e-18,3.41121364564667e-17,"PCSK9",0,6.11241167570481
4372.30501115915,1.18647865223885,0.125541728247648,9.45087078854266,3.36023486252513e-21,6.57591908118939e-20,"YEATS2",0,6.1105566575424
8290.98485246166,1.15343323585015,0.121967078259885,9.45692273936766,3.17138938057572e-21,6.22036169928271e-20,"PPP1CA",0,6.10788527916924
3109.08480492546,1.43776109757464,0.153199018647808,9.38492367813356,6.29620240296875e-21,1.20236709185485e-19,"ZBED4",0,6.10731720487234
14160.0980729833,1.35476955715699,0.144060653951181,9.40416081698544,5.24470409846946e-21,1.00799155437195e-19,"PDIA6",0,6.10539379915264
469.234159603246,3.90477463395306,0.44710479990192,8.73346614666102,2.46984664909341e-18,3.64561113261143e-17,"ELAVL2",0,6.10290128765116
2489.50488433987,1.74258670938375,0.187447131546053,9.29641704842851,1.4525818705583e-20,2.66088908080417e-19,"TSPAN33",0,6.09526798140785
793.945209848036,2.13910880310123,0.232704838527516,9.19236925470413,3.84282365441157e-20,6.7364414391087e-19,"BICDL1",0,6.09320347930596
101.759754166066,2.37426821855311,0.26025388845109,9.12289239051776,7.31455864794328e-20,1.25630449944666e-18,"SYNGR3",0,6.08255199100628
21287.3725774433,1.77921236913549,0.191939206815632,9.26966615447423,1.86729457366808e-20,3.3708287847511e-19,"PLOD1",0,6.07544270258088
4658.15602027934,1.18405071461572,0.125745861862543,9.41622012110462,4.67619335473168e-21,9.04931938959099e-20,"TOR3A",0,6.06823043940085
1677.30249524468,1.78174250879399,0.192370953176201,9.26201424578902,2.00611418467075e-20,3.60892880964889e-19,"PYCR3",0,6.06730925808531
3179.56160663735,1.06306125931512,0.112551694011296,9.44509337379169,3.55087583945915e-21,6.93858174716505e-20,"MEN1",0,6.06653716500067
432.019739758681,3.05244389923316,0.341805932065708,8.93034208267154,4.24693498346816e-19,6.80005247015138e-18,"RASGRF1",0,6.0659794906312
7774.39043109689,1.95728447835316,0.212397058962797,9.21521459812678,3.10656273542257e-20,5.49008615757696e-19,"FAM83H",0,6.06531159550061
1583.3937284721,1.42179432762685,0.152015158086636,9.35297733148788,8.52145080386747e-21,1.61665690032324e-19,"MAGOHB",0,6.06395294020239
3989.71516182769,1.12318507933048,0.119162804121758,9.42563484980455,4.27511465191727e-21,8.31017253031524e-20,"FARSA",0,6.06107251167524
4714.35031208292,2.55143598118901,0.281671745091685,9.05818927758805,1.32633947730078e-19,2.23129169835518e-18,"LAD1",0,6.06086388946989
2217.15873977048,1.9016127268859,0.206238356861743,9.22046100357895,2.95825593398756e-20,5.23864520592757e-19,"STK26",0,6.05471812218049
1254.93135674143,1.68734697473483,0.1819113169557,9.27565696831131,1.76527765794943e-20,3.2021915594828e-19,"BARD1",0,6.0545698998852
625.57674173188,1.12654975752704,0.119599957402505,9.41931570874831,4.54037313174183e-21,8.8060942280591e-20,"TIMM8A",0,6.05452992878613
2725.75813285351,1.4337179572434,0.15347615699252,9.3416331587797,9.48594634677033e-21,1.79051530355729e-19,"INTS13",0,6.05422197598773
130.828206101871,4.71434393835546,0.557312047507289,8.45907415682379,2.69508624582671e-17,3.55530431022089e-16,"LINC00393",0,6.04904014770053
1872.34655159483,1.46572303431024,0.157164984685738,9.32601518869521,1.09926145976012e-20,2.05998910651094e-19,"CCDC137",0,6.04555743316214
3362.72181952006,1.40089734709369,0.155743657650102,8.99489178712487,2.36465045645007e-19,3.88157074611361e-18,"FOXRED2",1,6.04356695230095
1500.80728725304,1.54864203896005,0.166524814576649,9.29976738239952,1.40753285713205e-20,2.58563488279501e-19,"HSPE1",0,6.04082245222802
2702.61745238838,1.34712809784601,0.144058201117689,9.35127668813153,8.65960533371434e-21,1.64047915867683e-19,"NUDCD1",0,6.03964721416348
4306.25681249421,1.34596608678561,0.143982424746965,9.3481276562123,8.92129544705304e-21,1.68760093191823e-19,"SELENOI",0,6.03560889907556
4224.60902086923,1.36643454403346,0.14626562516908,9.34214407830881,9.44027313823704e-21,1.78318550648134e-19,"PDCD5",0,6.03457140553217
210.304256410464,1.75233783439391,0.189652961114388,9.239707221534,2.47172629873714e-20,4.40701022087422e-19,"DDX12P",0,6.0324581329961
2428.08192031202,1.29150579959972,0.138087730489554,9.35279184487302,8.53641257127377e-21,1.61831757451195e-19,"ARMC6",0,6.02473261473574
5887.60713078011,1.74474956353093,0.18894620286793,9.23410757690895,2.60447988227628e-20,4.63736182317595e-19,"SPTBN2",0,6.02354357434197
839.85412966131,2.49133466620972,0.275568192911221,9.04071924952652,1.55644301557981e-19,2.60409499917323e-18,"EFNA3",0,6.02270335279912
933.477505488773,1.7898496948765,0.194098560733478,9.22134449690328,2.93397921239351e-20,5.19918668453172e-19,"CGAS",0,6.02217428495207
2720.60017849044,1.10088461439397,0.117140961105942,9.39794760091078,5.56377223533317e-21,1.06640331513551e-19,"DPY30",0,6.02188893836752
9291.63049810287,1.29761934071534,0.150196819025589,8.63945953804961,5.64795628245234e-18,8.00572465550218e-17,"SLC25A39",2,6.0182656074726
613.470476825566,1.67109943850765,0.180789478822278,9.24334452089654,2.38910245582183e-20,4.27138091329956e-19,"PUSL1",0,6.01215934074933
2155.94129446368,1.33355992482988,0.143017053045503,9.32448191619213,1.11527113092092e-20,2.08615481351763e-19,"UQCC2",0,6.00426401716693
2990.19111286863,1.76524163526085,0.191850471911327,9.20113261997469,3.54196395852903e-20,6.22578385077386e-19,"GMDS",0,5.99131427899806
1748.48008718474,1.37849979783056,0.14821239303526,9.30084029817001,1.39340047444402e-20,2.56147885524205e-19,"TRAF2",0,5.99100270679859
12577.8475028839,1.34656545265151,0.144800166099128,9.29947450287922,1.41141521251283e-20,2.59094086933606e-19,"PSME4",0,5.97993238531701
472.698269034189,2.62803154178193,0.293131728400938,8.96536023622586,3.09268266663501e-19,5.01973593220266e-18,"B4GALNT1",0,5.97820520114826
666.408807555941,2.43890896037002,0.270740545760907,9.00828855728108,2.09297053153223e-19,3.45300397756018e-18,"CELSR3",0,5.97021356452524
72599.063377245,1.12607381944924,0.12048605846208,9.34609226845643,9.09458510694738e-21,1.71913379247859e-19,"YWHAZ",0,5.96722924267611
213324.803651398,2.37806747900844,0.263957925801849,9.00926718447406,2.07437939871805e-19,3.42666969495458e-18,"FN1",0,5.95295857057947
193.078548471838,4.24781946882669,0.499826448831332,8.49858881769606,1.91909383702527e-17,2.57993909488074e-16,"RPL26P30",0,5.95086300456478
2393.00209221982,1.52417827720455,0.165186800040466,9.22699802182241,2.78322752852416e-20,4.93540081537683e-19,"MAD2L2",0,5.94925675461056
1364.47632216719,5.7272590757568,0.710361315979333,8.0624591273822,7.47747509257119e-16,8.38345562314208e-15,"CASP14",0,5.9411508017901
17057.2665351799,1.58431563844711,0.172199186757513,9.20048269843522,3.5634537403243e-20,6.2593361623338e-19,"SOX4",0,5.93633620864717
309.154606276571,1.7925392054229,0.195974967871146,9.14677637095722,5.86577783641028e-20,1.01529369762089e-18,"GSEC",0,5.93578425452676
718.472683935309,2.31749244169197,0.257356301476876,9.00499590797935,2.15673856058784e-19,3.55146582810128e-18,"MROH6",0,5.93012544042238
1173.37152485515,1.47647187150761,0.160179640456417,9.21760011010478,3.03823867914896e-20,5.37367564737116e-19,"APOO",0,5.92386012673129
3220.85281516372,3.16538478553866,0.360900861558886,8.77078755607843,1.77420915668024e-18,2.65185264261375e-17,"COMP",0,5.92255061936596
1436.43135737572,1.86101719423222,0.20430190431007,9.10915246001695,8.30280304874277e-20,1.4220050398921e-18,"EXOSC4",0,5.91243481758077
2159.90812286517,1.02319690139449,0.109802234119852,9.31854355784458,1.17948181243739e-20,2.19611088605753e-19,"SAYSD1",0,5.90446279099817
3161.26476122844,1.14841900462728,0.123793254731356,9.27691098452387,1.74463116968373e-20,3.1669429456926e-19,"RRP12",0,5.89433362957529
2144.89359514738,1.39495594504377,0.151434578672378,9.21160779310315,3.21276074781003e-20,5.66240935856416e-19,"LIG1",0,5.89258640459047
781.803040380081,1.50074077323914,0.185750730675549,8.07932635194036,6.5125524918082e-16,7.35859149562047e-15,"CDKN2D",3,5.89018382371203
379.775538021709,1.84910150786882,0.231828020331986,7.97617779430133,1.50934478680961e-15,1.64344572087578e-14,"OSCAR",3,5.89000384288009
4644.78645343785,1.15074934256743,0.124263553309725,9.26055397514028,2.03374269289025e-20,3.65610832934967e-19,"EBNA1BP2",0,5.87631908619148
1978.08483299591,1.31029771371012,0.142191958464278,9.21499167647583,3.11302456733348e-20,5.4977785499107e-19,"URB2",0,5.87103314135942
423.259258593823,4.50189721017354,0.539141780473414,8.35011748898495,6.81950968660064e-17,8.58349391601249e-16,"HOXC12",0,5.87046993195704
10160.6857771297,1.04609403122288,0.112720112310491,9.280455898956,1.68754933821221e-20,3.07402855340165e-19,"RNPS1",0,5.86751584021665
2457.83258704441,1.07962158824127,0.116514119627783,9.26601506916277,1.93230497809162e-20,3.48577120165497e-19,"COA7",0,5.86119681319955
152.639166975816,6.52108484393305,0.842794802222638,7.73745261211329,1.01428467408587e-14,1.00149085603774e-13,"S100A7A",0,5.85613135666382
2452.23223139865,1.25887917921958,0.136661385959612,9.21166700000848,3.21098883143809e-20,5.66240935856416e-19,"MAGOH",0,5.85176337484321
224.682790461446,1.57354750301397,0.172483813363237,9.1228705600346,7.31603264725525e-20,1.25630449944666e-18,"MRPL20-DT",0,5.84233577634454
585.866211058038,3.78591447866831,0.44446892851126,8.51783833652705,1.62558900521395e-17,2.20240273383119e-16,"PCSK1N",0,5.83290532235856
2158.69952504714,1.35074853260802,0.147319744930706,9.16882209674859,4.78215702961197e-20,8.31597647037327e-19,"CAPN15",0,5.82925058422821
6126.6914671818,1.212560556618,0.131871537681511,9.19501340423064,3.74947847940283e-20,6.57723119263752e-19,"CAD",0,5.81835523465316
4859.80087116804,2.08249381168168,0.232326940883441,8.96363462525197,3.1414865234848e-19,5.0894424616332e-18,"EIF4EBP1",0,5.8127470808525
1318.72049013915,1.19622986296361,0.130148308489671,9.19128244420131,3.88185365730547e-20,6.79572056984431e-19,"FANCC",0,5.80919830498726
2234.10795432807,1.56756445461023,0.17239076837343,9.09308815895867,9.62651382932374e-20,1.63688412256348e-18,"PSMG3",0,5.80606395553673
1461.74608614404,1.3722159329686,0.150105964222616,9.1416483020856,6.15075827798021e-20,1.06180010617292e-18,"ZMYND19",0,5.80385195056107
452.355973203461,1.70996519923543,0.215814889288384,7.92329576922968,2.31296518119156e-15,2.47098620402133e-14,"CDK5R1",3,5.7951284635722
2669.06795563099,3.7101307915906,0.436317281952398,8.50328635847016,1.84297544278932e-17,2.48401452260544e-16,"SCUBE3",0,5.79449299830251
540.288165197667,3.73872935600841,0.440114135854385,8.49490859626784,1.98088738960543e-17,2.65616211856197e-16,"SPIB",0,5.7943424332163
118.970648827845,3.43313176895471,0.400307210512955,8.57624264263309,9.80226482468745e-18,1.35696036741969e-16,"AC008514.1",0,5.79016938164913
1164.70023314241,1.19163253975007,0.140907074260923,8.45686808842171,2.7465431015641e-17,3.61221690355558e-16,"SLC25A15",2,5.79015761574579
1155.62951252226,2.09290160665497,0.234277201444159,8.93344121303164,4.12958810998364e-19,6.62844662949159e-18,"LRFN4",0,5.78144695285435
1028.18016683185,1.04612135094191,0.11366546327854,9.20351108215134,3.46440637750355e-20,6.09356822148348e-19,"C1orf131",0,5.77837490197085
8671.97876579124,3.22444575358179,0.374061377371147,8.62009806049146,6.68967993912509e-18,9.40053299046759e-17,"CXCL9",0,5.77538798270984
132.046577050445,1.46344612371016,0.161087845917896,9.08477058198457,1.03917604577541e-19,1.76470371239268e-18,"SNRPGP2",0,5.76503229731903
246.452433572818,1.81251000831848,0.201653195872499,8.98825332510224,2.51190516905077e-19,4.10519323145118e-18,"MTX1P1",0,5.75975292124201
276.192715202804,3.72799499255066,0.440443221819221,8.46418972496029,2.57939637066079e-17,3.40909998883481e-16,"NKX1-2",0,5.75860657598593
816.032246337099,2.54160364882401,0.289547544638718,8.7778456280653,1.66635777976212e-18,2.49494246094538e-17,"MLLT11",0,5.74336293437065
969.701776019187,1.12134961522869,0.139420750672199,8.0429176419023,8.77242893550949e-16,9.7806204047017e-15,"PASK",3,5.73929496341476
447.67692930803,3.82892334137101,0.455185558437205,8.41178563422994,4.03815402840017e-17,5.20329021543783e-16,"GFRA3",0,5.73379358755918
726.004099589841,3.43634562850502,0.40319414284701,8.52280641836833,1.55732954966114e-17,2.11321756226013e-16,"GJB3",0,5.73342042515871
409.7962755434,1.39439181709695,0.153662396476854,9.07438546493701,1.14320783718535e-19,1.92880250433078e-18,"FAAP24",0,5.73273121675355
2645.94511035223,1.39069222583888,0.153368037930925,9.06767958044312,1.21578480475902e-19,2.04860132551089e-18,"TRIM65",0,5.72377043293658
2147.76355315974,1.29615707607695,0.142571932709964,9.09124994969203,9.79069078140016e-20,1.66371536244301e-18,"TSEN54",0,5.7225234147753
192.879055729621,2.10362200490944,0.237054824039079,8.87398943867372,7.05712565354083e-19,1.10551739429597e-17,"AC046185.3",0,5.71801692741542
2884.13726756699,1.2400405568157,0.136259377354817,9.10058875130961,8.98434631517931e-20,1.5336932246089e-18,"ADRM1",0,5.71629061734531
6108.79459217577,1.0748556937178,0.117566306423922,9.14254880001142,6.0997431140215e-20,1.05369121108813e-18,"SCAMP3",0,5.71564270083967
1450.34045049461,3.72955618891389,0.443289718512443,8.41336045742104,3.98428192300405e-17,5.13641329806857e-16,"MMP12",0,5.70566886816942
3087.18739175401,1.73575237594359,0.193736155774374,8.95936212322216,3.2656201713331e-19,5.28070229566625e-18,"UNC5B",0,5.70391820745191
8150.67915850535,1.71084494909514,0.190838176989001,8.96489882731242,3.105658410298e-19,5.03766009839689e-18,"MYO10",0,5.70258482631409
941.824800080903,1.25638765885805,0.138324096824876,9.08292689196941,1.05693610421189e-19,1.79019840341075e-18,"MAZ",0,5.70104594801738
439.52309481406,1.85381130609276,0.207861500321518,8.91849285810648,4.72676614333821e-19,7.54055159476114e-18,"SH2B2",0,5.69292245706693
1955.1979481015,1.96717923105245,0.221523810604189,8.88021574605058,6.67308081684506e-19,1.04913870719361e-17,"ADAM19",0,5.68390389622665
616.193875554663,2.78353298870979,0.32154427378442,8.65676429546998,4.85344877849854e-18,6.94373486877725e-17,"LAG3",0,5.68258195764092
1198.67057437979,2.96756015217042,0.344867071963579,8.60493910095255,7.63572901624769e-18,1.06781410014232e-16,"H4C8",0,5.68171935026744
11633.4625896897,1.44326090370635,0.16012486262111,9.01334671006977,1.99862206253406e-19,3.30991622008102e-18,"SFT2D2",0,5.67703317076925
262.644307755815,3.00530451383973,0.349948276911009,8.58785344042135,8.86091992950022e-18,1.22860425426746e-16,"DUSP9",0,5.6747677497088
241.053676454554,2.5213979268966,0.289460258915557,8.71068773427774,3.02036647801285e-18,4.41109625303294e-17,"PACSIN1",0,5.66305541772673
19691.2196693156,2.26354486730236,0.257839189736901,8.77890156888903,1.65078920439222e-18,2.47589886023544e-17,"EPCAM",0,5.66094359021942
6406.01817854206,1.55832854682382,0.181075456515285,8.60596227016707,7.56791576374989e-18,1.05946756290907e-16,"TP53BP2",1,5.65997226463313
398.761163543971,1.4436660786273,0.160543176425199,8.99238516873336,2.41922209910412e-19,3.9636620023474e-18,"BORA",0,5.65367083958998
1789.50605039659,1.17599345626696,0.129827061584012,9.05815353069489,1.32677413298443e-19,2.23129169835518e-18,"POLR1C",0,5.64823113199328
1247.29596472513,1.73456436426904,0.194783194688487,8.90510275818762,5.33366170657809e-19,8.4621156241857e-18,"EBP",0,5.64212562274332
6151.25767120203,3.43189886266543,0.406931851286901,8.43359607219791,3.35202262686717e-17,4.35796378127413e-16,"MUC5B",0,5.63778457383919
3440.99049387416,1.33702180455854,0.148460006898922,9.00593925924334,2.1382751934349e-19,3.52328820905609e-18,"TMEM65",0,5.63702209023977
298.74633280302,1.66231177103808,0.186617833016759,8.90757193011022,5.21623601665497e-19,8.29095269793567e-18,"HYAL3",0,5.62311220009506
1842.08415569304,2.06701369540363,0.235042697011602,8.79420514521071,1.44064154596994e-18,2.17447615395474e-17,"C1QTNF6",0,5.61889771379916
660.393694334331,2.30214511841022,0.289008122256821,7.96567619080431,1.64322718435798e-15,1.78029937716789e-14,"SLC38A5",2,5.61549562355184
304.427930954795,3.87280282523531,0.467511161845793,8.28387243193295,1.19233328306151e-16,1.46606375894171e-15,"LINC01833",0,5.61199499013095
1250.89924190757,1.30313874988253,0.144925316342787,8.99179510362607,2.43224828547129e-19,3.98000100799624e-18,"RGS19",0,5.61097667034513
345.476292450715,3.29310895391432,0.389883544698149,8.44639123321779,3.00445651327303e-17,3.92961203870988e-16,"IGFBPL1",0,5.60962778348644
380.408332357526,2.95638697586091,0.346229367225593,8.53881055657133,1.35610495001109e-17,1.84882781024786e-16,"CSMD2",0,5.60684715319226
3335.4939090934,1.76872097921289,0.199572575258732,8.86254525162018,7.82080512635457e-19,1.21928784227682e-17,"LINC00665",0,5.60478442074389
3319.09143953409,1.10801565170396,0.122604703263596,9.03730136128433,1.60587184932673e-19,2.68507129547145e-18,"SMC6",0,5.60371794896769
635.984905843742,1.14755542224008,0.127211413710609,9.02085267954518,1.86630922374862e-19,3.09866767741753e-18,"GINS3",0,5.59691412607543
4058.52666951848,1.4786452783095,0.16553052665206,8.93276489971888,4.15491997216753e-19,6.66500301012252e-18,"PRKX",0,5.59645347852561
106.503865117547,3.91492835140846,0.474712599508658,8.24694426788025,1.62496154677841e-16,1.96647505291889e-15,"AL732437.3",0,5.58637197305135
169.991635707856,4.09146753773144,0.499253521747225,8.19517010798969,2.50239017633931e-16,2.95692677817937e-15,"SNORA73B",0,5.58618809022738
1186.85462789999,2.3170481532927,0.26653921294917,8.69308544756066,3.52726888481657e-18,5.11660089151439e-17,"FNDC10",0,5.58241998333743
6414.88109924209,1.11076576154554,0.123191456518595,9.01658112450254,1.9405072204052e-19,3.21776092330168e-18,"PSMA5",0,5.58096359648019
6632.14278895493,1.18380269934351,0.131625891684,8.99369177445354,2.3906224816617e-19,3.921734186877e-18,"SEPHS1",0,5.57709736358114
2138.53900787552,3.82850915880273,0.463366509251391,8.2623777989221,1.4279889778838e-16,1.74103782443858e-15,"NCCRP1",0,5.57631028573126
7224.6148923102,1.50381637465807,0.168858255543427,8.90579124969889,5.30065926649482e-19,8.41487728987336e-18,"PLOD3",0,5.57363057622257
6586.8391340733,1.27273586191252,0.142141429304553,8.95401058044482,3.42795964090748e-19,5.53634597023143e-18,"PPP4C",0,5.55885379207262
131.850938679634,5.42903947688502,0.698953777379402,7.76737983624639,8.01262917865449e-15,8.02093720430056e-14,"LINC01606",0,5.5574443081834
5982.62742798615,1.57952367263642,0.178112679527157,8.86811470598076,7.43946756493808e-19,1.16122515577989e-17,"DHTKD1",0,5.55438217115818
512.628270564051,1.79384301479676,0.2037096451213,8.80588159548659,1.29828043242581e-18,1.96757418790951e-17,"CLCN2",0,5.5499735694803
6487.74620456074,1.26787664997492,0.141803952772303,8.94105294801458,3.85479616120994e-19,6.19500441025028e-18,"PSMC4",0,5.54275050902599
19256.8490040502,1.3293204728282,0.149019437494401,8.92045021226273,4.64396471082339e-19,7.41299621047357e-18,"MAGED1",0,5.53779800841537
263.555683627048,1.61294070176194,0.182451049551859,8.84040242971297,9.5374445904214e-19,1.47544550824044e-17,"CHAC2",0,5.53320525815159
8255.55908126136,1.11332695481478,0.124087496568576,8.97211230463906,2.9088161473763e-19,4.73013789854385e-18,"SEC13",0,5.53153594584865
2689.72539938734,1.16205758615153,0.129772305787448,8.95458841622838,3.41005390325567e-19,5.51084160546594e-18,"APEX2",0,5.5262518972771
559.288639586097,2.17516209512819,0.25058815627426,8.68022706048228,3.94979491874762e-18,5.6978032178746e-17,"SDS",0,5.52583639469186
244.686056262182,2.37554681274784,0.275523867412453,8.62192751233308,6.58363783792508e-18,9.25650957503738e-17,"GPR156",0,5.52272986741154
1565.704666385,2.01713519781939,0.231340547265847,8.7193326965782,2.79846157241117e-18,4.10278390371439e-17,"KCNK1",0,5.52121696644653
1191.4374553799,1.60181792080864,0.181418257840746,8.82941959576504,1.05220292249707e-18,1.61815773337647e-17,"NUDT1",0,5.51783912030641
163.554169280216,3.12079766564355,0.371252682427957,8.40612826076792,4.2376770149043e-17,5.43619718245622e-16,"SNORD3A",0,5.51565073935332
571.34944307472,1.92477091176217,0.241290438383592,7.97698791819615,1.49947496660347e-15,1.63406412853062e-14,"SLC11A1",2,5.51345054462852
3624.48962697232,1.15528252616029,0.129162112226419,8.9444381656991,3.73846600903777e-19,6.01918427780034e-18,"ELOC",0,5.51272346600167
11418.9950781086,1.13117495232479,0.126489932131665,8.94280622387665,3.79410675677257e-19,6.10123262361447e-18,"HM13",0,5.50372721056034
7311.1435030031,1.53090982368614,0.173336551281079,8.83200809276317,1.02813004694565e-18,1.58300448515844e-17,"SCRIB",0,5.49942830349803
13202.1344759524,3.91668858369234,0.479985539525548,8.16001371117112,3.34986563180211e-16,3.89651706489003e-15,"KRT16",0,5.49780360033296
1842.34503896159,1.25922643700167,0.141444133648385,8.90264166156206,5.45330108499063e-19,8.64141029680553e-18,"ZDHHC13",0,5.49679254328258
46579.4807998029,1.29432014341034,0.145562211349176,8.89186919746299,6.00894046182438e-19,9.47580465930889e-18,"P4HB",0,5.49531121323287
3133.94994220629,1.16571599618558,0.130623282187772,8.92425895798466,4.48692995044452e-19,7.17110993367488e-18,"AXIN1",0,5.49303888475936
339.416361834617,2.77949033564879,0.361196387934731,7.69523292173966,1.4123665130677e-14,1.37271282237642e-13,"SLC6A17",2,5.49257319357364
2874.07444647543,1.62336251584046,0.184552373368164,8.79621587202248,1.41507242290601e-18,2.13712009547456e-17,"NCS1",0,5.48806007634301
1824.71824459287,2.84140240198611,0.336346630683437,8.44783964748672,2.96742567260157e-17,3.88312675741491e-16,"PPP1R14C",0,5.47566625034312
1469.75319225426,2.28955902616952,0.266395664177941,8.59458067095337,8.35694027020227e-18,1.1618152641246e-16,"PLCH1",0,5.46732658444733
310.601383053615,2.3812352661444,0.277900567025861,8.56865925690179,1.04696825521215e-17,1.44169685729609e-16,"SRSF12",0,5.46670839431716
359.46076395909,2.07373229504217,0.239707846328939,8.6510822520031,5.10133172341834e-18,7.27840251966863e-17,"TRIM46",0,5.4635088675631
2415.58236507643,2.8743229687993,0.341265874612065,8.42253264281609,3.68431757587511e-17,4.75912320368368e-16,"CAPS",0,5.45903880626547
8229.83393889041,1.04101918937277,0.116646311673878,8.92457870663992,4.47398792299137e-19,7.15481246555926e-18,"KDM1A",0,5.45592628031979
1405.46213357556,1.40176670195309,0.158853766433399,8.82425852043488,1.1018741955458e-18,1.6875766542475e-17,"SMCO4",0,5.45235095795534
3690.19888287011,1.45289883140072,0.164967052790491,8.80720608645359,1.28303672309054e-18,1.94786943860228e-17,"PGAP6",0,5.44900169630551
273.73181214866,2.74021515022599,0.324504973187479,8.44429323627918,3.05890464000539e-17,3.99481298852808e-16,"DRAXIN",0,5.44161560909304
427.196810978844,1.18271362255805,0.133294194595711,8.87295674162926,7.12290069107316e-19,1.11515106495018e-17,"GPR89A",0,5.44061397572786
885.852068119568,1.24354547996976,0.140481320798557,8.85203436941585,8.59382259361819e-19,1.33421782934988e-17,"C4orf46",0,5.43549562202194
4605.67791350727,1.12697869635607,0.126865923999876,8.8832261715697,6.49487259247668e-19,1.02173713861249e-17,"WRNIP1",0,5.43529185502054
6326.72401112987,3.47691029209948,0.422746842361449,8.22456833190659,1.95895087275512e-16,2.3434590362601e-15,"AARD",0,5.43211587769756
119.618599090556,2.78368874089744,0.364849819249971,7.6296837603481,2.35330267717016e-14,2.22501055080865e-13,"SLC22A20P",2,5.43090699985656
1194.25854479526,1.35807576451009,0.15404159249454,8.81629268120055,1.18311964603827e-18,1.801424054514e-17,"FAM83G",0,5.43073794207169
578.826663109612,1.69190219748314,0.193971598179072,8.72242232041204,2.72312488289177e-18,3.99458054712098e-17,"ZNF124",0,5.42712930442288
1528.43968930079,1.47082833231031,0.167530514548554,8.77946525905302,1.64253716732345e-18,2.46494049168799e-17,"PUS1",0,5.42370656797749
1868.34081810091,1.99280674524317,0.230770337736071,8.6354544730195,5.84940152028471e-18,8.2643007820738e-17,"TMEM79",0,5.42268018904401
295.825883904238,2.6923997614728,0.319064777120114,8.43841111442779,3.21680446172942e-17,4.19262209519504e-16,"BAIAP2L2",0,5.42097421281887
1512.46569369485,1.01303844298967,0.113842981609804,8.89855859943873,5.65766159390575e-19,8.95435730226722e-18,"WDR77",0,5.41830120693336
15203.705601005,1.36779420572625,0.178990454530123,7.64171591896851,2.14345697244409e-14,2.03398226795414e-13,"DEK",3,5.41783411297714
1558.5156086113,1.13643752623044,0.128209500245165,8.86391042830151,7.72558308684334e-19,1.20516322157238e-17,"CLN6",0,5.41661749696738
2561.82486907256,1.28285139125559,0.145406220651783,8.82253445213832,1.11897753696328e-18,1.71175982723133e-17,"FBXO45",0,5.41482256842595
4891.34974053262,1.00061078508696,0.112480863823828,8.89583126472215,5.79836239344434e-19,9.15480996425885e-18,"USP39",0,5.41168843543495
142.755324187575,4.05399340754541,0.504747487490823,8.03172577975262,9.61110020330783e-16,1.06609595318989e-14,"DLX6",0,5.40785913382113
30432.0385153996,1.08685630095495,0.12255444861681,8.86835454136158,7.42346529751956e-19,1.1594216291818e-17,"COPA",0,5.40678447090507
9470.61707576329,2.16846954322345,0.25301299171908,8.57058575723691,1.02959978453531e-17,1.42003055997259e-16,"TAP1",0,5.40485155573282
2122.79000624253,1.13800923906046,0.128591899563693,8.84977391983226,8.76967648985772e-19,1.36070926822096e-17,"DCTPP1",0,5.40127316884381
4982.86071134603,1.57014828659142,0.179823443493958,8.73161060695725,2.51071326388815e-18,3.70173996887852e-17,"DYNC2I2",0,5.40052271352007
5953.82502697058,1.84448266168109,0.213235990308836,8.64995941355713,5.15177495952806e-18,7.33431555816592e-17,"PFKP",0,5.39373692105385
27908.5672233988,1.0699661335446,0.120804782129478,8.85698491966826,8.22076505630464e-19,1.27858402579172e-17,"SEC61A1",0,5.38897105780358
487.425072006348,1.66137792608543,0.191085337727099,8.69442912704345,3.48577899493722e-18,5.05923168491251e-17,"RANBP17",0,5.38718800737872
1067.41329354419,1.17366298891131,0.132972626961991,8.82635032281335,1.08146916740162e-18,1.65827392862694e-17,"NTAQ1",0,5.38620201482878
72712.8355947193,1.45223510108364,0.166058307066025,8.74533244823596,2.22359965767532e-18,3.29895118250556e-17,"PKM",0,5.38015776363893
271.330698836893,3.59028445884417,0.441661233558723,8.12904594300737,4.32682312344867e-16,4.98397253022256e-15,"CXCR2P1",0,5.36781264565617
6744.77085722609,1.22778894045956,0.139616316937817,8.79402184063054,1.44299508043927e-18,2.17676809964181e-17,"NAXE",0,5.36699303285738
19249.5141705586,1.42014486764502,0.162538502947207,8.73728280926943,2.38784176796197e-18,3.52656494988469e-17,"CCT6A",0,5.36183789425474
18186.8119893127,1.16260749832944,0.152062108295073,7.64560949052101,2.07957908041378e-14,1.97480465898529e-13,"EZR",3,5.36012500655624
764.04170363394,1.57263608708868,0.181093980478925,8.6840881344021,3.81792689376802e-18,5.52285795448673e-17,"LRRC61",0,5.34914166407617
1274.45042870365,3.76226239808226,0.466950281703341,8.05709418218634,7.81294529535186e-16,8.75204318925385e-15,"AC024940.1",0,5.34604588378426
14305.3448936861,1.85267882901433,0.215608799554906,8.59277929675843,8.48904990625085e-18,1.17955257945757e-16,"ST14",0,5.33428845730585
1482.38029473279,1.33464390563216,0.152862331324877,8.73101891136058,2.52388468922389e-18,3.71905608784619e-17,"NRM",0,5.32926335326195
1110.17324212946,1.29525215991794,0.14817041746821,8.74163805468007,2.29754546353974e-18,3.40284759080059e-17,"RMI1",0,5.32902289856458
7645.01606566974,1.08006255593494,0.122745266304198,8.79921962333143,1.37770825369763e-18,2.08189687241369e-17,"TUBA1B",0,5.32848100295304
1642.40168477337,1.15643532287244,0.131742945737463,8.77796770369005,1.6645505356413e-18,2.49366889727367e-17,"MEX3D",0,5.32787896031059
3407.83072373249,1.19084936678889,0.135854004818306,8.76565522217441,1.85693490883712e-18,2.76914887120464e-17,"ARPC5L",0,5.32455091874043
4818.00704605275,1.0614226418458,0.120757224321636,8.78972374372167,1.49928175368641e-18,2.25775721971945e-17,"TIPRL",0,5.31232362063998
868.879437524849,1.15996458057052,0.132415332393997,8.76004734194289,1.95168389313996e-18,2.90545654154651e-17,"CMC2",0,5.30902505901597
7129.60551863197,1.03380804175227,0.117644633314926,8.78754952624863,1.52857500633359e-18,2.29921319619721e-17,"EIF4A3",0,5.3016686395043
341.067113272271,2.23689824600009,0.26457548598948,8.45466932673057,2.79879371054614e-17,3.67167366143966e-16,"PPFIA4",0,5.30161025156203
112.35477281442,5.09337016374572,0.669687909766454,7.60558775134819,2.83611989571152e-14,2.65981492655458e-13,"IVL",0,5.30055562345459
12412.8645259453,1.10600574284749,0.126161195547507,8.76660797361436,1.84129524304312e-18,2.74739800231283e-17,"HMGN1",0,5.30012524941603
23111.7311537071,1.56578378310582,0.181219016235037,8.64028409179219,5.60734130256211e-18,7.95247909324737e-17,"SERPINH1",0,5.29958437412037
1294.07778290298,1.80733076128061,0.210835040601814,8.57225040070052,1.01482132597495e-17,1.40187321166874e-16,"IKBKE",0,5.29818660731124
708.148065753865,1.42465168948663,0.164312902896192,8.67035798391728,4.30763915183154e-18,6.18662422979574e-17,"HYLS1",0,5.28995938540101
1744.71463616286,1.54194133823057,0.178522332287738,8.63724621155694,5.75841940557755e-18,8.15343392966811e-17,"PPAT",0,5.28918023457919
342.761803333045,2.23795831527793,0.265265344765161,8.43667806384278,3.26484128485005e-17,4.25310433644109e-16,"SLAMF8",0,5.28277568351818
9817.61813523319,1.47192186195354,0.17792663794525,8.27263347945946,1.31032036763319e-16,1.60508087514541e-15,"FOXP4",1,5.27992748256483
2693.53416633053,1.72645559045703,0.201388135821002,8.57277705768892,1.01018948490146e-17,1.39621470323045e-16,"GGCT",0,5.27445101499082
1264.97116095193,1.25073207715273,0.14370295225088,8.70359347224247,3.21537334124893e-18,4.67457539801093e-17,"NR2C2AP",0,5.27429697242339
18002.1009084303,3.70876234342279,0.463569504429177,8.0004450421941,1.23970316321961e-15,1.36007333146657e-14,"S100A9",0,5.27256000553209
9668.42907667423,1.03398530668263,0.118040923579321,8.75954944547528,1.96032338729618e-18,2.91665238222885e-17,"NOLC1",0,5.27073019060553
127.512289288811,2.74040098272223,0.33089630072158,8.28175164468832,1.21376522740511e-16,1.48960537583659e-15,"P2RX5",0,5.27019892552705
4050.89308110792,1.25537392997377,0.144356284688947,8.69635799147088,3.42706085174853e-18,4.97677967813532e-17,"NIPSNAP1",0,5.26752765450177
473.833054559494,1.61663101490182,0.188143351706828,8.59254924628388,8.50606914339148e-18,1.18128771636007e-16,"ZBTB12",0,5.26328259807997
1209.43614178901,1.17517219842453,0.134860669747917,8.71397272919657,2.93406988901594e-18,4.29676403353812e-17,"TFAP4",0,5.26260920830324
5751.00197791969,1.15427424696388,0.132512409848281,8.71068791432782,3.02036168011028e-18,4.41109625303294e-17,"NAT10",0,5.25291831374691
102.151535940259,2.93506292805992,0.357634253970998,8.20688425527027,2.27002206648663e-16,2.69211397666547e-15,"RUFY4",0,5.2514908455872
6154.15936671488,1.23964700615929,0.142804999004238,8.68069755823113,3.93348841631687e-18,5.68056745419014e-17,"NSD2",0,5.24557658547001
1533.4200732594,1.13104970039377,0.129899840235415,8.70709077350662,3.11773411723133e-18,4.54784416529765e-17,"EIPR1",0,5.24197323764791
145.017246833349,3.27081061308478,0.403834675574087,8.09938029327232,5.52398515305923e-16,6.27970872153489e-15,"C1QL4",0,5.24186133396815
4923.75888652213,1.04191074008226,0.119401744064391,8.7260931424953,2.63621587815318e-18,3.87800447493335e-17,"RRP1B",0,5.23599073025857
1395.79737475292,1.36320764794845,0.157849610797948,8.63611662428099,5.81561424074152e-18,8.22548108591477e-17,"KIF20B",0,5.23441390196578
2204.9380850142,1.01414630911192,0.116161154630143,8.73051160984896,2.53523176823921e-18,3.73366590410686e-17,"KDM2B",0,5.23260325658975
163.540902374318,3.27889406951337,0.405403946397174,8.08796781248162,6.06684322481813e-16,6.87584358005801e-15,"NIPAL4",0,5.23247042437142
6654.86939897605,1.21732545524461,0.140418103858092,8.6692913648432,4.34817990814353e-18,6.24141000361109e-17,"MGAT4B",0,5.22661282276416
2709.4259928547,1.99365411797351,0.235946092837643,8.44961700359822,2.92259976521311e-17,3.82644782794338e-16,"SRD5A1",0,5.22325749650878
3605.10518490267,1.06410782161169,0.122217181069736,8.70669583685228,3.1286118234951e-18,4.56115908294446e-17,"PLXNA3",0,5.22150978056829
13293.633115662,1.08214419733851,0.124382015660234,8.70016610998277,3.31398720812171e-18,4.81525666410862e-17,"SSRP1",0,5.21985742691384
1377.04967541817,1.23229270005948,0.142320885564143,8.65855137968553,4.7779726892085e-18,6.83950653979121e-17,"GTPBP3",0,5.21918037927271
4645.68933284462,1.1643675224894,0.134189244331157,8.67705551434462,4.06146885935102e-18,5.85242171126054e-17,"TCOF1",0,5.21910957291166
1246.06667462581,1.71226652980436,0.201032346527975,8.51736827121046,1.63219838119084e-17,2.21020858194814e-16,"SMOX",0,5.21034998067543
185.888745276209,3.43269232816166,0.428148561213711,8.01752624937172,1.07896031395612e-15,1.19124347750505e-14,"CLPSL1",0,5.2070075377291
43647.7207766438,1.77647878716896,0.209099812374253,8.49584113442136,1.96504616740153e-17,2.64035352812658e-16,"S100A11",0,5.20644501206299
236.976744988001,2.92542837301171,0.358487775956283,8.16046897333664,3.33726282587516e-16,3.88359062866464e-15,"GPR158",0,5.20085847857201
2046.30344045948,1.13002718730068,0.130364078812879,8.66824049685255,4.38849028119075e-18,6.29234192298126e-17,"NDE1",0,5.19936446200343
158.962763115974,3.96560831022344,0.505392349788201,7.84659346720493,4.27490175745708e-15,4.4149708443595e-14,"TCL1A",0,5.19620414108994
504.128859430304,3.20198710282021,0.396563646502764,8.07433341673666,6.7846254667969e-16,7.6428190165512e-15,"KRT86",0,5.19562005818752
15678.1827471328,1.05406792446684,0.133131519176436,7.91749340041641,2.42346486953344e-15,2.58057429551178e-14,"SLC25A5",2,5.19270546722355
125.425227906724,2.22238333605365,0.27898892374834,7.96584791322518,1.64094661154229e-15,1.77856778890116e-14,"FOXP4-AS1",1,5.19169387401331
554.321537706002,1.15897741178946,0.133971193479125,8.65094489114967,5.10747635398669e-18,7.28318304810564e-17,"SPATA33",0,5.18899685597484
17922.0284891229,1.18502987129886,0.137108912239543,8.64298207857191,5.4764512947217e-18,7.77107544363149e-17,"EPRS1",0,5.18836462382216
1337.60074792299,1.04929338694196,0.139880795197621,7.50133987628205,6.31687627253221e-14,5.70159327548813e-13,"TWNK",3,5.18798914600911
626.221435370851,1.21531734712268,0.140831008470547,8.62961474409133,6.15589677783529e-18,8.68321219198228e-17,"SASS6",0,5.18299107992993
1221.64561450714,1.3264912799448,0.154303214583531,8.59665356632421,8.20742733607323e-18,1.14163825170449e-16,"AMER1",0,5.18068883044011
313.569727732139,2.73019769634149,0.333226717805478,8.19321366042217,2.54342088302989e-16,3.00268805063135e-15,"CRACD",0,5.17580624420045
1313.53422289646,1.01655235391284,0.117167853958156,8.67603459115917,4.09807565229442e-18,5.90190817836236e-17,"CSTF2",0,5.17366797162945
2242.02536006075,1.51199784549794,0.177116620934141,8.53673606420121,1.38066443301591e-17,1.87936186816845e-16,"TRABD",0,5.17139623038811
6508.67344787991,1.14982660251207,0.133128126123886,8.63699231702594,5.77122637611162e-18,8.16713126743223e-17,"MRPL3",0,5.17132711998144
782.828792233501,2.37668542680802,0.286952987699961,8.2824906123406,1.20625470256938e-16,1.48248191097954e-15,"TMCC2",0,5.16170880718053
5254.85841021696,3.76747572197691,0.478646846795233,7.87109692083411,3.51545151046364e-15,3.67136516519454e-14,"S100A8",0,5.16079444172062
2849.29870669202,1.02498398845361,0.118340046270568,8.66134517228536,4.66229447258518e-18,6.68125508613952e-17,"TSEN15",0,5.16003778058752
255.979702094577,2.72210265591022,0.349795511750521,7.7819827998584,7.1396577143279e-15,7.21634190148838e-14,"MYCN",1,5.15913566636361
27128.785803445,1.41932437707878,0.166047758935249,8.54768764227801,1.25579024331479e-17,1.72287811960456e-16,"RAD21",0,5.15492094646301
11440.3424457903,1.07286672794787,0.124128957130901,8.64316234298549,5.467814243256e-18,7.76304541824369e-17,"PSMA7",0,5.15485038027197
1957.38748987547,1.13583837580954,0.131692192432808,8.62494848651771,6.41215106967225e-18,9.02026669903651e-17,"B3GALNT2",0,5.15418569923391
546.368974853636,2.38747045977095,0.339926607062833,7.02348804172791,2.16396678454034e-12,1.63170732347738e-11,"MAPK15",3,5.1524484591055
3046.68251092308,4.35682294878164,0.567231347604306,7.68085714441316,1.58027627225556e-14,1.52228608975927e-13,"KRT6A",0,5.15229800095513
1262.82255889105,1.15181983241034,0.133656250641545,8.61777752167708,6.82661569045758e-18,9.58779047430806e-17,"VRK1",0,5.15103038932507
639.543222712385,3.22002193551032,0.401294464738003,8.02408759266741,1.02283302281181e-15,1.13215237391234e-14,"EDN2",0,5.1498351161939
1191.16180922358,2.42817383092422,0.294145338415897,8.25501381052308,1.51884676214721e-16,1.84405116669266e-15,"OASL",0,5.14872025911491
6777.38197871175,2.26902067671973,0.273514514430834,8.29579622654182,1.07860289486318e-16,1.33124723770827e-15,"SERPINE2",0,5.14342858712458
5420.42123225311,1.36150777098933,0.175164020298841,7.7727593181894,7.67945743878734e-15,7.71705539926252e-14,"SLC7A1",2,5.14221684590339
77722.5992368995,2.2838464911531,0.275542806038818,8.2885360862274,1.14650780325663e-16,1.41238274610069e-15,"CD24",0,5.14016822629268
5688.55032565989,1.99927539872481,0.239219048167048,8.35750921192826,6.40563057712641e-17,8.06645276589151e-16,"TYMP",0,5.1277778410922
1749.54502160873,1.01411529560735,0.117498654941966,8.63086727340188,6.08885069775665e-18,8.59329026196116e-17,"PDCL3",0,5.12398674422375
287.004772296397,1.92855053988124,0.230318246539123,8.37341621369826,5.59714846254287e-17,7.09634576717437e-16,"ZNF726",0,5.12325473150475
732.188681452037,1.50972800415173,0.177984608850405,8.48235144545923,2.20687778581854e-17,2.93803285203943e-16,"JMJD4",0,5.11250140696313
185.083779475065,1.90179826256097,0.227213925037734,8.37007794414507,5.75801343059543e-17,7.29320389190141e-16,"ATG9B",0,5.11166397225225
974.089792194922,1.78219331253173,0.212333454049567,8.39337032644744,4.72400641787573e-17,6.02744372465818e-16,"FGD1",0,5.10061804447857
6582.35152842278,1.24982960474924,0.146465660731557,8.53326027757408,1.42280097421568e-17,1.93368889441502e-16,"CPSF1",0,5.08903290052763
4670.02046329864,1.35315027705875,0.159128816091445,8.50348987879821,1.83974583334025e-17,2.48094436821937e-16,"TBCB",0,5.08755997534095
13151.832055807,1.3543103960068,0.159348978476164,8.49902151214214,1.91195473000765e-17,2.57166790232763e-16,"PUF60",0,5.08322865349591
1639.59753333575,1.43033241964832,0.168755103292311,8.47578764578605,2.33494330029369e-17,3.10060962856625e-16,"ABHD17C",0,5.08166559849007
56599.874350093,1.38774406949467,0.163646251159472,8.48014580023787,2.24911917760982e-17,2.98816460768375e-16,"TAGLN2",0,5.07370186557209
583.863668760651,2.67507658641834,0.329880601250884,8.10922672104584,5.09429152406978e-16,5.82936335197221e-15,"H2BC8",0,5.07283663803073
2021.93846615137,1.60455032149419,0.190754730462172,8.41158862800723,4.04494364980163e-17,5.2079465421791e-16,"DDX11",0,5.06636514113942
2281.50461206473,1.57824347335527,0.187486482745642,8.41790538839239,3.83275109097512e-17,4.94350928690987e-16,"TMEM54",0,5.06526243569814
3844.67366119587,1.03005491673075,0.120184340936293,8.57062499745087,1.02924898355573e-17,1.42003055997259e-16,"WDR46",0,5.06332716778501
1253.08649507445,1.97792513655016,0.238252929048137,8.30178728317139,1.02556709604564e-16,1.26999798064711e-15,"MAP3K21",0,5.06223663184232
1284.55408758912,1.68982331275975,0.201641411475746,8.38033864369674,5.27756371987445e-17,6.70420338625571e-16,"SDF2L1",0,5.05904283950752
921.135259187127,2.59529426924035,0.319718449328977,8.11743668433068,4.76133065145362e-16,5.46274674698246e-15,"LYPD5",0,5.05736496064725
525.623947662798,1.51870786221046,0.180230927012677,8.42645536691736,3.56293627859149e-17,4.61147268987311e-16,"CCDC138",0,5.05646046636414
1498.23376399633,1.01122751662283,0.118013473668878,8.56874630654575,1.04617725348877e-17,1.44136905215073e-16,"QSOX2",0,5.05573569708021
1540.34573832358,1.17499982442277,0.13787028518508,8.52250231328256,1.56142532003128e-17,2.11767293534107e-16,"ENTPD7",0,5.05474228146578
16708.8918004836,1.23507068219757,0.145221268525364,8.50475067969712,1.81986261168484e-17,2.45667315892225e-16,"EIF5A",0,5.0534169904037
1436.06293893218,1.17554713657703,0.13798629878702,8.51930334323609,1.60515915916746e-17,2.17585459188862e-16,"LCLAT1",0,5.05137518028987
3180.07334018949,1.09307600021529,0.127980952505036,8.54092721471409,1.3314906675834e-17,1.81812295609725e-16,"CARM1",0,5.05003582495509
698.296539409064,1.48501218036244,0.176206686516066,8.42767212597828,3.52609390384095e-17,4.57059621041383e-16,"SAMD10",0,5.04751179754485
1850.43111530294,1.15954257705699,0.136156308509002,8.51626039039043,1.64788087009494e-17,2.23028611841978e-16,"RPS6KB2",0,5.04335459873
2780.31082375637,1.36602428279601,0.16151383263182,8.45763028798863,2.72865603057161e-17,3.59507832649551e-16,"MTFR1",0,5.04309477778105
117.63438885732,2.37525087851992,0.291106870601005,8.15937759770524,3.36755345288492e-16,3.91534415059551e-15,"GAPDHP35",0,5.03474428106034
12057.3062685143,1.20193472038379,0.141503209367136,8.49404565281144,1.99565860699923e-17,2.67047396861648e-16,"CKAP5",0,5.03260391144883
9562.43673900837,1.45582197608807,0.172928172277321,8.41865126379408,3.8084321588834e-17,4.91700847377977e-16,"TMED3",0,5.02923630580535
1746.4901113693,1.4394486481821,0.170898635383301,8.42282119429229,3.67525158222758e-17,4.74976613752733e-16,"TDRKH",0,5.02883292636812
220.15808244793,3.73849000666964,0.482797844652704,7.74338586651911,9.68036858626506e-15,9.58731641102475e-14,"TMEM132E",0,5.02703788380115
348.714631764686,1.51311695817794,0.180142700594665,8.39954632179391,4.4820688892057e-17,5.72997007037395e-16,"STX1A",0,5.02648938140271
137317.439991383,1.24177187802515,0.14667227874377,8.46630248511013,2.53305811938658e-17,3.3517373603071e-16,"PABPC1",0,5.01495056931967
276.861275921014,2.22043374664104,0.271384888179815,8.18186215722451,2.79490663277925e-16,3.28027155320382e-15,"MIR210HG",0,5.01135718467366
285.013232060002,2.16951781108732,0.264918547822226,8.18937680627471,2.62582246843285e-16,3.09296494734023e-15,"CYP27B1",0,5.00374284387839
3081.14385461338,1.04030863187796,0.122234207355922,8.5107815101937,1.72764914608624e-17,2.33703322734977e-16,"BPNT1",0,5.00149312342569
1231.87833904164,1.23666673595709,0.146282195611101,8.45397986262685,2.81537896149945e-17,3.69157361113714e-16,"RAVER1",0,5.00083656094317
1527.55458426881,1.39988269337629,0.166519406794079,8.40672399888747,4.21621677287823e-17,5.41133050805597e-16,"C1orf35",0,4.99997358996351
2713.94631953599,1.12409381380666,0.132550354148986,8.48050403956809,2.24220450071938e-17,2.98049692607099e-16,"DNAAF5",0,4.99494154066488
6576.52526374853,1.1683175840966,0.138031337178148,8.4641474029099,2.58033309470636e-17,3.40909998883481e-16,"NUP205",0,4.99070335344972
100.856148839821,3.40994152412569,0.436898246678408,7.80488717922386,5.95547973903046e-15,6.06175284487728e-14,"RAET1L",0,4.988202989751
964.383053369419,2.05113663454702,0.249978562253402,8.2052501464817,2.30111267001039e-16,2.72650472587095e-15,"KIFC2",0,4.9846591139273
586.391993607045,3.4812181455182,0.447486138303817,7.77949940240307,7.28120896754718e-15,7.34233212376243e-14,"ST8SIA6-AS1",0,4.98461523599618
11698.3361727027,1.37939392886706,0.164257082953073,8.39777441598151,4.55020259433796e-17,5.81422210914743e-16,"HYOU1",0,4.98447069318859
3129.01866502187,3.66138568311745,0.47408794637896,7.72300943544922,1.13614760010617e-14,1.11463904749595e-13,"VGLL1",0,4.98427542904097
588.423399327467,2.55198992898445,0.316849844107434,8.05425653963443,7.99633481841815e-16,8.95362799448909e-15,"ACBD7",0,4.97999726479134
1706.94399820293,1.15203045575436,0.136226129941792,8.4567509643459,2.7493019687532e-17,3.61402190718556e-16,"TMEM201",0,4.97821190248509
127.447597317699,2.2508215716358,0.276503577873789,8.14029817966116,3.94305593789801e-16,4.56207896729638e-15,"DLX4",0,4.9774976319632
13247.5668333906,1.86977966396304,0.226637240622055,8.2500989635729,1.58263410784798e-16,1.91970792411696e-15,"DSC2",0,4.97596335192057
6763.51882251179,1.32649302848254,0.157834643440725,8.40432112726071,4.30343660511625e-17,5.51512694127656e-16,"SEM1",0,4.97548125464002
351.078265744105,1.8386850990846,0.222644932213042,8.25837390866466,1.47670348506537e-16,1.79539317841413e-15,"MCOLN2",0,4.97535765850001
335.365131629212,2.23544831090621,0.274587746831845,8.14110730248706,3.91679068698777e-16,4.53571669647758e-15,"ARSI",0,4.97364071713861
345.972207687668,2.78654284490668,0.349358087975121,7.97617957282019,1.50932304900778e-15,1.64344572087578e-14,"BLACAT1",0,4.97123624399145
4354.16074520371,1.15792752024786,0.137095881213144,8.44611457325706,3.01158141044729e-17,3.93695549779987e-16,"NUDT5",0,4.96883010437053
1688.27934833934,1.30506605765709,0.15532733620815,8.40203720424463,4.38798760472895e-17,5.61520240021942e-16,"THOC6",0,4.96671019278409
337.996801416249,1.62732000800072,0.195957739117656,8.30444367917339,1.00288225100713e-16,1.24308757189743e-15,"GBAP1",0,4.95984548505016
119.08412062295,2.75049185734128,0.344927794299323,7.97410908253581,1.53483936607326e-15,1.6698104238494e-14,"KCNJ10",0,4.95834740685503
4772.48409535408,1.11851508229956,0.14612618677537,7.65444652312031,1.94146583007835e-14,1.85174496131183e-13,"SLC35B2",2,4.95528017321322
493.63660422155,1.75719776467635,0.212687117186587,8.26189093124427,1.43382690486383e-16,1.74733828560475e-15,"NOD2",0,4.95444623157447
1090.50836673911,2.26729234986902,0.331747469106169,6.834392304417,8.23533756239924e-12,5.80033894188222e-11,"MAPK8IP2",3,4.95115169329071
9586.1052901375,1.23914269405267,0.147464753573033,8.40297538244608,4.3530596882629e-17,5.5732419888973e-16,"NASP",0,4.94791043808589
320.660733547522,1.04818319245203,0.123956087702384,8.4560848271421,2.76504495739028e-17,3.63288442057925e-16,"EXO5",0,4.94637948340595
2194.92022373933,1.18778960380693,0.141209111909361,8.41156486112132,4.04576351245356e-17,5.2079465421791e-16,"RPUSD3",0,4.94133692583324
6268.32201660071,1.00801860603864,0.119184952631297,8.45759958605667,2.72937430779707e-17,3.59507832649551e-16,"GNL2",0,4.93569307475384
9211.10692434671,1.55316322808465,0.1870951000335,8.30146394965207,1.0283625809253e-16,1.27285505208831e-15,"TFDP1",0,4.93451528322773
88993.5885348789,1.57284287096894,0.189607380233463,8.29526186708712,1.08346262703878e-16,1.33661241358352e-15,"TMSB10",0,4.93405121421567
176.723784631585,3.05922439085158,0.389539473295487,7.8534387413185,4.04782559363288e-15,4.18875227269664e-14,"HOXB9",0,4.93114191431174
1020.22429563211,1.51652561648667,0.182555576054786,8.30719964440608,9.79870093804897e-17,1.21571983508864e-15,"SIX4",0,4.92950763419869
2403.41184324321,1.4889018972824,0.179209655166059,8.30815670005482,9.72001174895838e-17,1.20710598504096e-15,"CENPX",0,4.92214694821408
810.326147091497,1.37446053348144,0.164808552154462,8.33974035639404,7.44538327186449e-17,9.35770519516353e-16,"XYLB",0,4.92098735232265
1922.57585749343,1.06755513634021,0.126707027382242,8.42538222540473,3.59574502528159e-17,4.65162707563351e-16,"NVL",0,4.91998507397894
17099.4816586278,1.19646109386215,0.142690098986177,8.38503233485075,5.07118145449462e-17,6.45461362179254e-16,"SSR2",0,4.91597725310645
6609.6157365282,1.21192237927767,0.14463615674547,8.37911077387383,5.33290656007515e-17,6.77120678526444e-16,"MSH6",0,4.91437689071948
1197.62305364399,1.50281441676501,0.181145206754346,8.29618648868254,1.07506724311324e-16,1.3275119766098e-15,"NOP16",0,4.91393279065665
2975.73335570741,1.95889920897137,0.283981836947873,6.89797358177854,5.27495528223198e-12,3.80365862633309e-11,"HR",3,4.91360930290521
1673.23589828581,2.03743666099503,0.250325096515998,8.13916259037505,3.98021174158956e-16,4.60302482111868e-15,"B4GALNT4",0,4.91231800326813
8952.10905036233,1.1520154044233,0.137240780967829,8.39411868906041,4.69401786384649e-17,5.99504966471761e-16,"UQCRH",0,4.9122667857459
1456.27468579522,1.17965747051125,0.140716139529357,8.38324213879636,5.14894019942862e-17,6.54719142334175e-16,"SIRT7",0,4.90908072951895
146.641488446271,1.71963516925003,0.209454667895615,8.2100589427161,2.21079940879101e-16,2.62426722171928e-15,"ANO7",0,4.89018813399426
10050.3697720512,1.16320322237276,0.139016877913735,8.36735251020796,5.8927210942721e-17,7.46020207694953e-16,"KDM5B",0,4.88713578925895
607.75914379481,1.01557507562301,0.12079981512565,8.40709130694169,4.20303871612168e-17,5.39707439473616e-16,"DBF4B",0,4.88502500132511
4108.84774299259,1.00888459267594,0.132486187570839,7.61501716649892,2.63656425110233e-14,2.48202673649275e-13,"SLC20A1",2,4.88422344117507
326.932030242409,1.95253049381082,0.266946466229131,7.31431481896779,2.58697990950938e-13,2.18165012297577e-12,"SLC16A10",2,4.8841236172801
105.983268741624,3.2322915422904,0.417416542714244,7.74356359063415,9.66684058321292e-15,9.57755733495291e-14,"KCNJ6",0,4.87531103453196
206.925774893656,1.72184598463289,0.21021442861109,8.1909029556597,2.59273585626556e-16,3.05675466147781e-15,"MINAR1",0,4.87097562043957
659.836216555384,1.3567539267975,0.163599869097613,8.2931235475988,1.10312657590608e-16,1.36022707919318e-15,"THOC3",0,4.8669427530999
2563.06343340394,1.23867775789401,0.148792491437418,8.32486737689311,8.44232076817082e-17,1.05446083116391e-15,"PDIA5",0,4.86469419172601
6003.06332672152,1.01449510062716,0.120948278865907,8.38784239130764,4.9514541383211e-17,6.30838489851496e-16,"TRAF7",0,4.86437307516197
7938.48109562767,1.0147689482749,0.12099470192501,8.38688745978182,4.99182454563171e-17,6.35671179438114e-16,"PDAP1",0,4.86346092803527
90961.2941275947,1.36524386367621,0.164755858391626,8.28646627199756,1.16662757859876e-16,1.43581119411397e-15,"ENO1",0,4.86244395862376
488.881095691634,2.54495859498161,0.320555660752576,7.93920964929072,2.03473601967444e-15,2.189903543553e-14,"GRHL3",0,4.86136008259385
8799.68899862019,1.48766310870383,0.180474296583248,8.24307470298194,1.67840709191046e-16,2.02644917391524e-15,"EFNA1",0,4.85427821795467
4138.80032786528,1.22207619012344,0.146976588976298,8.31476766902323,9.19321878488694e-17,1.14277364838173e-15,"MAGEF1",0,4.8492347918538
1613.669547146,1.71324026056918,0.209700188583216,8.16995097688862,3.0851479585006e-16,3.60630277283565e-15,"SNHG3",0,4.84685342243223
2935.55687970121,1.77175286054343,0.217421471472449,8.1489323411554,3.67151285803702e-16,4.26114539939675e-15,"PTP4A3",0,4.84266795211
4228.41679461423,1.16571964122526,0.140057036564886,8.32317796960668,8.56357196083802e-17,1.06858128436173e-15,"LYPLA2",0,4.84107362332525
1506.41302901742,1.1870720717205,0.142773062140914,8.31439806585425,9.22191272977916e-17,1.14579408544878e-15,"HMBS",0,4.83838964868447
28275.3308193224,1.00452296332771,0.120075886052368,8.36573433977919,5.97416662491828e-17,7.55230850687415e-16,"RPN2",0,4.83793297230875
6325.96361279254,1.11708880172701,0.134127165153464,8.32857982533871,8.18178943826381e-17,1.02388240656372e-15,"HSF1",0,4.83205161635226
4512.0243086318,1.40526763872221,0.170547746783843,8.23973148412972,1.72597569272279e-16,2.0771472013945e-15,"PRPS2",0,4.82634010917206
954.959048470586,2.16569141638309,0.270161985689766,8.01626998281696,1.09004767452005e-15,1.20297513682109e-14,"H2AW",0,4.82563042949427
3648.66230855203,1.32816933340197,0.160788583664903,8.2603459967655,1.45250813316763e-16,1.76762509371058e-15,"LRRC8D",0,4.82423375252984
377.276792686669,2.83123050013884,0.362609257426728,7.80793772401398,5.81312945693097e-15,5.92611832435744e-14,"FZD9",0,4.8175380544589
878.239565380992,1.39019995303818,0.168819785615559,8.23481648178361,1.79833096489185e-16,2.15923967120386e-15,"JTB",0,4.81676973066774
7653.07122409598,3.98438772001178,0.535219362562771,7.44440130292276,9.73850476298505e-14,8.58572663378212e-13,"CALML5",0,4.81518319902501
2924.32756794256,1.4176426116683,0.172493960786007,8.21850576801936,2.0605433185421e-16,2.45597543138714e-15,"OCIAD2",0,4.80822557810662
7329.91202335239,1.2307915742106,0.148813551050944,8.27069554834598,1.33179741365117e-16,1.62985742636831e-15,"NUTF2",0,4.80559258756463
5260.7178004827,1.15651912500606,0.139564352944188,8.28663695713585,1.16495533420802e-16,1.43443035884744e-15,"BZW2",0,4.79995189703271
720.116805269255,1.2885184282103,0.184258954936174,6.99297588362332,2.69115785501484e-12,2.00086742175334e-11,"CYTOR",3,4.79619003454216
3780.50996740559,1.1040413347538,0.133057046014743,8.29750372356437,1.06321768667955e-16,1.31350215349175e-15,"TSEN34",0,4.79568316368111
1554.5931792049,1.29026563549322,0.15655538675093,8.24159207977915,1.69934077204931e-16,2.04982489148586e-15,"CCNQ",0,4.79356466187899
9466.53187707519,1.6851749106489,0.207435190077354,8.12386225317163,4.51578248519379e-16,5.19016322934509e-15,"PFN2",0,4.7909981682396
225.975077908397,2.41359408182851,0.305296881828858,7.90572791759304,2.6637241613943e-15,2.81913510820403e-14,"SPOCD1",0,4.7890434575152
3487.19191992442,1.15588857406232,0.139705246573143,8.27376639328392,1.29792344746616e-16,1.59064271298074e-15,"MRPL17",0,4.78629478014867
28903.2901630574,1.68532365017355,0.207659232492901,8.1158137297419,4.82540365978207e-16,5.53382301801756e-15,"MMP14",0,4.78268951540824
3639.42554667501,1.24415451387027,0.150921618475624,8.24371303751439,1.66947270763736e-16,2.01659615708912e-15,"DDX49",0,4.78186067358789
8689.7270350819,1.10670411855926,0.133622886782523,8.28229463684965,1.20824203007812e-16,1.48422455221708e-15,"CYCS",0,4.78056135212896
593.507456390911,1.29345501702629,0.157217416495038,8.22717384538063,1.91682166902764e-16,2.29640829716958e-15,"CBX8",0,4.77972177290259
666.522882376566,3.52923487281677,0.467496805459104,7.54921708898289,4.3788246655212e-14,4.01064028658261e-13,"MAB21L4",0,4.7778063482586
226.900648271345,2.92149556722776,0.377666443679414,7.73565037646741,1.02875820203415e-14,1.01462883285752e-13,"DNAH11",0,4.77455651029816
113.373662161061,3.66806212281985,0.488977625573408,7.50149276977332,6.30951109730205e-14,5.69758180479631e-13,"HMGA2",0,4.77371146602152
2575.88521985872,1.13361278525582,0.137195824666384,8.26273531291787,1.42371703255064e-16,1.73664164190442e-15,"BRIX1",0,4.76817077242601
4910.02371228957,1.06534571531422,0.128691127404337,8.27831519392158,1.24930192330399e-16,1.53249662281248e-15,"PRPF3",0,4.76398385675534
976.762864662833,1.87606428548948,0.260304039525544,7.20720388707366,5.71124577159315e-13,4.62760034318296e-12,"SLC45A3",2,4.76321253226421
516.927844443426,2.35396243217204,0.298073801043316,7.89724700370417,2.85130976882459e-15,3.01033178387811e-14,"BCL2A1",0,4.76260442044523
8058.71215594466,1.17587618255399,0.142622793259226,8.24465820422379,1.6563298246126e-16,2.00257650919187e-15,"BANF1",0,4.76228611952881
177.443992946244,2.74287284132365,0.35288875112599,7.77262758467576,7.68745094195094e-15,7.72211112538864e-14,"CELF4",0,4.75654103827689
2815.7788317376,1.14462786465122,0.138834694921272,8.24453761576167,1.65800095647229e-16,2.00366763710539e-15,"YIPF2",0,4.75284065431796
312.791376763056,2.75388905160371,0.35469803377911,7.76403810943792,8.22671616134375e-15,8.21631456619722e-14,"AIM2",0,4.75176359804674
6779.64015765032,1.33462855271096,0.163010259519864,8.18738990197317,2.66952245623136e-16,3.1425576575984e-15,"DUS1L",0,4.75120358943838
456.077729648814,3.70952383047981,0.498065258030253,7.44786706294318,9.48613331221532e-14,8.37652564530883e-13,"FAM83A",0,4.73593797240753
3603.47992083773,1.14745192993143,0.139505938634984,8.22511171322764,1.95009013260072e-16,2.33500227315126e-15,"POLE",0,4.73374938667154
1998.16117296468,1.18407884037145,0.144173226268714,8.21288994507574,2.15927442117038e-16,2.56661223605328e-15,"NUDT19",0,4.73241557399496
4489.45552189758,2.03002154224026,0.254918858963323,7.9634027489992,1.67371566415903e-15,1.81182500903793e-14,"IL32",0,4.73157158766307
2228.79110926493,1.0116624580279,0.122456490172759,8.26140334906443,1.43969698120184e-16,1.75367201911161e-15,"SPATS2",0,4.73031422562681
181.147264893319,1.78713826875272,0.222446820924371,8.03400229019376,9.43434330844397e-16,1.0469349809332e-14,"AP001505.1",0,4.73016556732524
8711.91237324165,1.648884334746,0.204212449677527,8.07435754945286,6.78328387635605e-16,7.6428190165512e-15,"CHPF",0,4.72968922776526
2019.80727556349,1.61573019606809,0.200077186141048,8.0755343836606,6.71817729650052e-16,7.57779002976543e-15,"RELB",0,4.72085628860119
3930.6412404493,1.29455941844119,0.158556990196272,8.16463163710852,3.22417565177819e-16,3.75923629036678e-15,"NDC1",0,4.71583793816321
1989.55658742122,1.16171264664677,0.141670038643082,8.20012938355683,2.40128442892523e-16,2.84132007302741e-15,"PAK1IP1",0,4.71245774614538
5592.06333513529,1.01451531992505,0.123128872640028,8.23945917941622,1.72990817620944e-16,2.08091907841493e-15,"SMARCB1",0,4.70887803839377
5683.1645091388,1.02966021211086,0.125040910981362,8.23458661673005,1.80178710577115e-16,2.16239339254773e-15,"BUD23",0,4.70841765193711
826.631295131435,4.00911194875544,0.627128413213364,6.39280865654455,1.62866019423564e-10,9.73945521521919e-10,"SLC6A15",2,4.70617318514953
853.696895500785,1.06230278312254,0.129205566752494,8.22180351685223,2.00465422852459e-16,2.39593405662313e-15,"AIMP2",0,4.7048483767029
1042.03839219093,1.32977009995941,0.163539983496025,8.13116200413296,4.25194637773976e-16,4.90556442272075e-15,"ZNF707",0,4.69172433493965
1969.80410693549,1.29396161112749,0.176786129015054,7.31936163960749,2.49153318413409e-13,2.10319933649039e-12,"SLC37A1",2,4.69132435251164
1793.95383884852,1.10489935850272,0.134815059991278,8.19566715005133,2.49207055633067e-16,2.94606817196697e-15,"KLC2",0,4.69069696989389
8478.21645048777,1.35389546826228,0.166765392271875,8.11856374885648,4.71732903811691e-16,5.41464623675005e-15,"NDUFB9",0,4.68609761423716
2743.65891986612,1.08690200123736,0.132645731223117,8.19402170891675,2.52639468277595e-16,2.98393883986954e-15,"GLMP",0,4.6836336251512
305.585007230926,3.35508243720066,0.447453480724025,7.49817038359337,6.47147472235266e-14,5.83507200233714e-13,"RIMS2",0,4.67671086533242
107.962251159739,3.14794385378833,0.416840198070178,7.5519200604025,4.28887719913072e-14,3.93378472729559e-13,"AMH",0,4.6659399791747
30511.940671308,1.13153426462849,0.13860740408142,8.1635917801607,3.25206643409086e-16,3.7895223843293e-15,"PGK1",0,4.66588493636551
263.121667531847,2.70648038329291,0.352095236348699,7.68678500555609,1.50878358016078e-14,1.45772652275949e-13,"ASCL2",0,4.66284129828643
2486.29702383066,1.27793574629751,0.157487700944129,8.11451141032828,4.87743206317273e-16,5.59102997320684e-15,"TUBG1",0,4.65913317774107
987.184858729128,1.36209429350561,0.168461165580435,8.08550913685356,6.19050368909331e-16,7.00989833464793e-15,"PGP",0,4.65491477223465
2471.08234946526,1.07349030266993,0.131412749315901,8.16884441013696,3.11357401927917e-16,3.6378993258875e-15,"LRRC42",0,4.65379188789262
511.228239314498,3.08960496582396,0.408828647026924,7.55721251016074,4.11798879431058e-14,3.78770691253683e-13,"GLDC",0,4.65336857978766
11412.1160332795,2.12865754708887,0.271036648336249,7.85376280350121,4.03737516597342e-15,4.18125778511836e-14,"EPHB3",0,4.65220518100792
5272.12336466912,1.1594846702757,0.142459987657278,8.13901987037314,3.9849057954218e-16,4.60640972812683e-15,"B4GALT2",0,4.6488366316705
1717.65063225363,1.05780879309264,0.129539204007948,8.16593556517247,3.18953499857542e-16,3.72164766373614e-15,"RNF8",0,4.64612206137896
2230.13104154931,1.03037415650545,0.126083533923872,8.17215479641918,3.02929498241857e-16,3.54578501601728e-15,"TPMT",0,4.64419852682663
1927.92475366423,1.62827373996921,0.203767368608093,7.99084638081024,1.34015467008224e-15,1.46534445407021e-14,"DNPH1",0,4.63870020449808
1454.61995815202,1.3005355902239,0.160873511721262,8.0842121012269,6.25673613125641e-16,7.0793405582488e-15,"RHBDD3",0,4.635162835576
4323.17861472273,1.42639814222502,0.177296095842874,8.04528794299647,8.60428721937213e-16,9.60547986926652e-15,"SEC61G",0,4.63316372281807
902.258776551823,1.83208466400897,0.231193432793488,7.92446671980287,2.29127504815668e-15,2.45082752073451e-14,"TMEM38A",0,4.63283157466783
18866.4239222106,1.21921412366234,0.150451440021827,8.10370524526357,5.33101723854108e-16,6.07624076768912e-15,"TAPBP",0,4.6306737448354
401.414922685987,1.02245520054352,0.148302891489319,6.89437131181732,5.41035373310395e-12,3.89482714059157e-11,"GK",3,4.62959010386239
1306.36249763298,1.21278975066571,0.149671523356254,8.10300933317139,5.36161233748181e-16,6.10310693454753e-15,"FRAT2",0,4.62817163136772
403.496859648622,2.32824952703074,0.299712007380105,7.76828912322481,7.95533114494448e-15,7.9727649732898e-14,"MRPL12",0,4.62799216955503
2606.84975992892,1.44552574983742,0.17992462351692,8.03406294025946,9.42967827243402e-16,1.04686296221268e-14,"SKP2",0,4.62769077450202
8403.11401583661,1.17665736751751,0.145083497378752,8.11020818202192,5.05331082762634e-16,5.78500893033535e-15,"PPIB",0,4.62430600014227
9980.26573196848,1.74577603251585,0.219825737243088,7.94163619970181,1.99531446181166e-15,2.14836274580936e-14,"TPD52",0,4.62410052591988
12940.1340635808,1.01713518577283,0.138819005719463,7.32706001243331,2.35256494686124e-13,1.99428651934413e-12,"SLC3A2",2,4.61520428965486
6101.1527781963,1.15614612456474,0.142629880532992,8.10591806039763,5.23487171726567e-16,5.98234989276476e-15,"NOC2L",0,4.61378229429678
1663.00651659979,1.61502093771084,0.20267434014164,7.9685516014616,1.60544830689667e-15,1.74154061655744e-14,"LRRC45",0,4.61222619902879
4180.49322383246,1.7234440127666,0.217170182735171,7.93591454895197,2.08949841128853e-15,2.24606000359003e-14,"CDCP1",0,4.6116067975471
1130.65990006632,2.41985907605365,0.313394390407736,7.72144987313058,1.15013834023514e-14,1.12751621342269e-13,"B3GNT7",0,4.61032088412133
2335.31880477053,1.11745431684451,0.137735464927653,8.11304711848519,4.93659177067964e-16,5.65635770049697e-15,"TIMM44",0,4.60947523529549
581.446409905956,1.7189115796774,0.216651087409271,7.93400854910201,2.12183481856771e-15,2.27800116209244e-14,"ARHGAP22",0,4.60840729151539
739.452383709762,2.69758275358051,0.353421467716344,7.63276427719888,2.2977278717119e-14,2.175621955391e-13,"CPA4",0,4.60799979621364
369.811900588059,2.12107892811751,0.271673801212321,7.80744745592832,5.83577925483033e-15,5.94688263626514e-14,"FAM171A2",0,4.60403686814453
601.578874912677,1.43034014330812,0.17847597906971,8.01418852421283,1.10866542338429e-15,1.22196962331324e-14,"RPP40",0,4.60298391999087
5030.38135828381,2.12057141637056,0.271674067234276,7.80557172040238,5.92324075667196e-15,6.03365051989714e-14,"HAPLN3",0,4.60199737948077
5321.57973127076,1.95621381336793,0.263000373744191,7.43806476591038,1.02170969168663e-13,8.97940206783388e-13,"FOXC1",1,4.60088991853199
7923.63438079909,1.10522274753459,0.136309854599895,8.10816467216338,5.13900612892472e-16,5.87794966049498e-15,"PRMT1",0,4.6007990655405
923.145558659596,2.38758875002972,0.309482263911671,7.71478378066653,1.21187503998654e-14,1.18580880883367e-13,"GALNT14",0,4.59407222334985
131.800475804741,2.1743256978529,0.27948017330324,7.77989247735912,7.25862148214734e-15,7.32805910825463e-14,"ANKLE1",0,4.5928010202456
2720.92980319591,1.13453752446363,0.140270408985301,8.08821712769451,6.0544405379524e-16,6.86477170521119e-15,"FDPS",0,4.58937342766328
290.640943712626,1.84635322614392,0.281771983117094,6.55265014540727,5.65248379455619e-11,3.57976907368067e-10,"XK",3,4.58774946431322
2529.71233079367,2.22101365608171,0.286296752945127,7.75773260868034,8.64612021149504e-15,8.6055141486461e-14,"LARGE2",0,4.58587104993098
5108.79507482675,1.10352969644689,0.136504470277865,8.08420188877754,6.25726038524005e-16,7.0793405582488e-15,"ARFGAP1",0,4.5760610674429
8242.55541477828,1.05203595786016,0.129920468450355,8.09753821248084,5.60824908577264e-16,6.3699446151998e-15,"ZMIZ2",0,4.57437009047146
8228.62117506931,1.21123451331196,0.1506135728417,8.04200106576721,8.83831230117128e-16,9.84565328011247e-15,"CD276",0,4.56539699265474
3704.60732301545,1.20834042342298,0.150388127840154,8.03481259310118,9.37220434248866e-16,1.04136935462767e-14,"UCK2",0,4.55722068908835
1548.87338356193,2.42987324259906,0.317166898520935,7.66118171199593,1.84229973020601e-14,1.76102776190979e-13,"QPCT",0,4.55523211202885
1092.91093989065,1.39594150977653,0.175085307339399,7.97292206290348,1.54965909126805e-15,1.68523001802605e-14,"CCDC77",0,4.55078469702504
6618.4868570303,1.29005344330661,0.16119196831889,8.003211678354,1.21215299091389e-15,1.33040808480641e-14,"PPIF",0,4.54982057037205
237.406946987156,3.61847551084773,0.497459776051237,7.2739057207211,3.49239772899427e-13,2.8918783863308e-12,"COL26A1",0,4.54718864563604
11076.1510072135,1.11757956984089,0.138800003644809,8.05172579606544,8.163463984e-16,9.13291912750764e-15,"RALY",0,4.54709098736312
116.055275328927,3.59481115204335,0.493845477618122,7.27922258067761,3.3574933774995e-13,2.78547994498025e-12,"DLX6-AS1",0,4.54497333482668
3489.82536386499,1.78740673064782,0.22783115029846,7.84531319929827,4.31874263601231e-15,4.45848175417556e-14,"IMPA2",0,4.54146592108997
165.628620136439,3.48126138200552,0.476229654127665,7.31004747779165,2.67048011150934e-13,2.24625379369841e-12,"OGDHL",0,4.53894076752236
3011.92129403484,1.13845578776927,0.141797183227836,8.02876165699307,9.84614295298777e-16,1.09170314060201e-14,"ZNF672",0,4.53010536842611
107.636401106236,3.44798342226461,0.471980270821195,7.30535498076115,2.76535690720494e-13,2.3245584811387e-12,"LRRC14B",0,4.52449288369405
1941.78471927565,1.18756276866454,0.148311377806687,8.00722632495829,1.1732445546153e-15,1.28987624652708e-14,"TIMM17B",0,4.52310441705111
2723.22537136029,3.58555467849801,0.494074477105615,7.25711374427372,3.9543717038231e-13,3.2578573705296e-12,"CRABP1",0,4.52178678347551
8279.78987974024,1.01092676030311,0.149319190313042,6.77024003534801,1.28568907145316e-11,8.82413297145067e-11,"LTBR",3,4.51957641492271
3392.70956895697,1.12750743917893,0.140565447065945,8.02122756846476,1.04693561507406e-15,1.15686607368103e-14,"SEH1L",0,4.51926730621886
779.591616537053,1.15662352735233,0.144497562534766,8.00445008941967,1.20001714163804e-15,1.31764308471268e-14,"TMEM177",0,4.51104772207781
108.328089447602,1.93389502583895,0.248902858209447,7.7696778564576,7.86859856703532e-15,7.8949483774792e-14,"HS3ST3A1",0,4.51096371935906
144.058207249489,3.50894217173582,0.514571215732342,6.81915751300209,9.15759522782403e-12,6.41701656738105e-11,"FOXI3",1,4.51048270335598
3186.56404639169,1.14075073940207,0.159107245913049,7.16969697298063,7.51639518812083e-13,6.00459311580588e-12,"PARP12",2,4.50868014661937
521.793731246127,1.80871679756678,0.231735565307964,7.80508937056378,5.94593945406018e-15,6.05440639644479e-14,"NUAK2",0,4.50799356850539
1056.51837991118,1.66458408376305,0.212135051198015,7.84681302954154,4.26742731045561e-15,4.40899832348975e-14,"NAT14",0,4.50607324502282
461.322531627605,1.93153286826849,0.248959306361073,7.75842805999442,8.59884969710921e-15,8.56173472324468e-14,"GPR37",0,4.49969133022208
3252.47592268013,1.56082166702135,0.19831344060607,7.87047848220113,3.53287430154147e-15,3.68808307642297e-14,"RGS10",0,4.49820629153083
3301.63842912501,1.41787552114853,0.179223815290943,7.91120041076472,2.54918767594371e-15,2.7023048047509e-14,"SNHG1",0,4.49584235631897
3563.44325201745,1.11502838122044,0.139390562905421,7.99931041226235,1.25117933816769e-15,1.37208631922664e-14,"GTF3C6",0,4.49329408413613
694.777136707226,1.56915535343975,0.199799243260521,7.8536601432154,4.04068289936125e-15,4.18302149077243e-14,"ADCK5",0,4.48429957728409
439.065147657825,1.40286922857459,0.177518779640152,7.90265250481299,2.73029968200197e-15,2.88842215141012e-14,"TEX30",0,4.4826625684859
698.355792362496,1.48278925736974,0.188257965888851,7.87636927005357,3.37031201830998e-15,3.5240242030199e-14,"PFKFB4",0,4.48072511246469
1672.33958850721,1.35268183082721,0.204892157664737,6.60192096293206,4.0586389322374e-11,2.62392214897401e-10,"CDK18",3,4.48011926559796
15673.9256404592,3.97364219313765,0.561344162419886,7.07879846119315,1.45409673081103e-12,1.11976187539294e-11,"KRT81",0,4.47735495485403
2976.91579472804,1.48626779240245,0.188866159746558,7.86942348167025,3.56279243926607e-15,3.71633895615641e-14,"TOP1MT",0,4.47484574237224
313.453411808843,1.91001386845266,0.247051164315333,7.73124819608113,1.06497157471406e-14,1.0479657998517e-13,"FCGR1A",0,4.46690002760543
1176.81017096621,1.03519404906345,0.129453609061291,7.99664108687252,1.27859245097834e-15,1.40155884859767e-14,"RFC5",0,4.46657481343342
985.3316628115,1.45177088817772,0.184497711411895,7.86877450710813,3.58132010131255e-15,3.73417084323657e-14,"TIGD5",0,4.46387301136959
362.39227206756,3.18249396600712,0.434540581568505,7.32381301309002,2.41022468955778e-13,2.04015632153699e-12,"NPTX2",0,4.46184915619497
931.472397638744,1.48526895389522,0.189220691525047,7.84940030566697,4.18031323753842e-15,4.32242067286449e-14,"AC064807.1",0,4.45486257667697
615.259577307053,2.76591817284167,0.371447118032499,7.44633095416739,9.59718724139217e-14,8.46885172042552e-13,"CDH2",0,4.45142809316733
13197.4605311011,1.78659974410114,0.279103707328236,6.40120391521718,1.54156521805926e-10,9.24619892755422e-10,"MDK",3,4.44619095337806
1692.47522184998,1.12233113956736,0.141172017912692,7.95009631626482,1.86366563192447e-15,2.01243463245134e-14,"NSUN5",0,4.44558280709266
2896.14285015737,1.33185736421391,0.168944237602634,7.88341397796892,3.18555490718925e-15,3.34290900828108e-14,"CRELD2",0,4.44231984259863
273.256286104332,1.39157954323086,0.176940398907846,7.86467958600918,3.70043372022331e-15,3.85374373891574e-14,"AC234917.3",0,4.44170901332504
9700.78994723136,1.01065695540091,0.126677470566419,7.97819020921329,1.48494440543727e-15,1.61890614038199e-14,"JPT2",0,4.44043058552653
1215.77843956797,1.91942332729872,0.249254215759314,7.70066544893333,1.35359453391522e-14,1.31854068443827e-13,"UBASH3B",0,4.43979893775637
103.958393782213,3.44681524801965,0.477891590434011,7.21254635363917,5.49151274137469e-13,4.45525249391267e-12,"LINC02532",0,4.43938287781284
1582.12192002291,1.37717235141458,0.175151541216617,7.8627475490574,3.75797909885684e-15,3.90898807541506e-14,"MMS22L",0,4.43553240174592
355.014017873892,1.87869207187146,0.243841949051558,7.70454829113192,1.3130691838879e-14,1.28050035227856e-13,"MYRF",0,4.43139371087646
1868.77388192195,2.26055774420222,0.298101030836863,7.58319331488432,3.37151913059832e-14,3.13988528679194e-13,"KIAA1549L",0,4.42909318873265
570.233187248841,2.25996927312048,0.298091350020985,7.58146545668427,3.41673418648332e-14,3.17745308737284e-13,"ANKRD22",0,4.42736703776035
430.612610916278,2.8147083561515,0.380407536426976,7.39919188402258,1.37015744625481e-13,1.18894454565659e-12,"BCL2L14",0,4.42186402718238
2297.09312814972,1.46027545659005,0.186680161379176,7.82233873059497,5.18508593585131e-15,5.30870522740911e-14,"LSM7",0,4.42058605359941
1216.4876158351,1.00524092472991,0.126316558212164,7.95810888895093,1.74688591565686e-15,1.88868001507372e-14,"ZNF710",0,4.41872476195231
6353.03926043312,1.12978820578923,0.142673916341669,7.9186738176,2.40057183887949e-15,2.56038077430735e-14,"DESI2",0,4.41644509450064
3226.30887514905,1.71498657574496,0.221623030280913,7.73830487549588,1.00751022302837e-14,9.95178817115599e-14,"CHML",0,4.41512563574325
215.612922881082,1.22185318611663,0.154875899930632,7.88924026697432,3.04031685784603e-15,3.19822193436128e-14,"C8orf76",0,4.41508337659315
17402.1572202914,1.02429951039078,0.128872190553062,7.94818110870113,1.89269817618875e-15,2.04124796684783e-14,"COPG1",0,4.41432112356536
243.058364699503,1.70604183524344,0.220557637070459,7.73512927461419,1.03298085239166e-14,1.01840816487494e-13,"NKILA",0,4.40943598881555
4497.10909488713,1.58246411886195,0.203780023953126,7.76555075499426,8.12912035256989e-15,8.13130392288716e-14,"LLGL2",0,4.40169117747454
1994.99035444311,1.24838337512275,0.158750118754328,7.86382640163358,3.725737902946e-15,3.87854672188871e-14,"GALNS",0,4.39791430430918
1967.54306883104,1.64186846636072,0.212053975774501,7.74269126699461,9.73341903273484e-15,9.63619574349788e-14,"GALE",0,4.3973888558896
1569.36324728365,1.18543594367526,0.150396677149667,7.88206206507861,3.22021991942519e-15,3.37792646437249e-14,"GMIP",0,4.39703572580782
765.139422876842,2.69208753481164,0.363313143169335,7.40982699201965,1.26464286993357e-13,1.10105029026581e-12,"SIX2",0,4.39508411372032
3016.56288359114,1.06687663261948,0.134813659056698,7.91371319556566,2.49823452814915e-15,2.65368701895941e-14,"VANGL1",0,4.39290807978356
1733.22613041559,1.16791503978684,0.148231578322692,7.87898943667963,3.30039392759723e-15,3.45646317841209e-14,"CCSAP",0,4.38878493152055
327.300098559793,2.080452666915,0.290572292947208,7.15984530325808,8.0768152545689e-13,6.42865170201061e-12,"FOXL1",1,4.38169983104845
18601.7486793053,1.00834286122914,0.1273216751918,7.91964808592217,2.38183739282188e-15,2.54143902245959e-14,"PSMD2",0,4.38097895016858
1097.74305341661,2.87854125837811,0.392475892844198,7.33431354857968,2.22860788539109e-13,1.89413504233744e-12,"MMP3",0,4.38033909587599
2801.08240870873,1.99654826955327,0.262222207512522,7.61395569236038,2.65831959602861e-14,2.50160349854433e-13,"UNC13D",0,4.37949893818444
143.863187230347,1.79230931843024,0.233487319487573,7.67625977446553,1.63800791208734e-14,1.57382794855808e-13,"LHFPL5",0,4.37860561951274
15654.5826797678,1.16270246648928,0.147905650372088,7.86110918389023,3.80746718313878e-15,3.95888500450254e-14,"MLF2",0,4.36953887390978
246.121244384411,2.97549548705841,0.408297579099988,7.28756583278624,3.1560510131649e-13,2.62923559476412e-12,"TAFA3",0,4.36669979517092
117.697993155605,2.77902964686857,0.378275148854841,7.34658265360962,2.03338504658978e-13,1.73159908557517e-12,"TPRXL",0,4.36217468972104
3327.00783482559,1.33058677608952,0.170532753486258,7.80252912644576,6.06786183505319e-15,6.16650894558797e-14,"SNRPF",0,4.36216422307013
185.861994054534,3.36599342777124,0.470540039440659,7.15346866500983,8.4612105271779e-13,6.71819600401908e-12,"CD1A",0,4.36162222724916
2921.99464599044,1.02812588792,0.130321971408039,7.8891216639206,3.04320734161053e-15,3.19997118893755e-14,"TMEM258",0,4.35689394593082
578.84867153996,1.56557366727465,0.202689167949086,7.72401250207858,1.12723778488696e-14,1.1067309732071e-13,"ZSWIM4",0,4.35645948087026
1308.0540957749,2.00767925535121,0.264709445125722,7.5844639937108,3.3386436703885e-14,3.11037971965751e-13,"DIRAS1",0,4.35445975313667
1013.18897399383,1.17297405296232,0.149601430671383,7.84066066546442,4.48182079516963e-15,4.61404512905556e-14,"RCCD1",0,4.35266766450262
1552.05379283409,1.6351542918417,0.212818512763001,7.68332731308315,1.55008869082097e-14,1.4943107212881e-13,"PSPH",0,4.33821401382879
3036.09775348003,2.27777819113583,0.304483106747405,7.48080317318047,7.38697446620288e-14,6.61932840874907e-13,"SECTM1",0,4.33708927877939
14399.4393009084,4.07092132065023,0.591254308786845,6.88522901254298,5.76946431485285e-12,4.13848723982579e-11,"FDCSP",0,4.3362239100513
5508.40688002654,1.15532518800097,0.147673623797936,7.82350401031546,5.13729193025878e-15,5.26390679033237e-14,"RUVBL2",0,4.33020509925515
8221.79733328721,1.27912341287298,0.164319754763537,7.78435565896314,7.00693886261975e-15,7.0904454709592e-14,"CYC1",0,4.32853496743242
588.153727837369,2.13690420041943,0.284407073741822,7.51354096895374,5.75491216593419e-14,5.22876596128988e-13,"TIGIT",0,4.32555149913144
3132.75538365536,1.1192124293364,0.142984476041639,7.8275100928472,4.9762670554344e-15,5.10377217450943e-14,"GRK6",0,4.32339634485276
27573.6303437595,1.0391710324564,0.132362344501086,7.85095667784784,4.12875574356375e-15,4.27080460188398e-14,"HSPD1",0,4.3225983991329
408.440429174398,1.54351436247999,0.200609498285959,7.69412403534247,1.42466800749843e-14,1.38363714424223e-13,"H2BC20P",0,4.32074764505637
185.597725105382,1.61170797366367,0.210071103120211,7.67220217214444,1.6906818810771e-14,1.62264376266704e-13,"MELTF-AS1",0,4.32044543668534
7756.91648488446,1.08197722058191,0.138120745424197,7.83356053617389,4.74244346719437e-15,4.87273448401086e-14,"TARS1",0,4.31826134199704
945.014248938018,1.15909987206737,0.148430327825777,7.80905013851275,5.76205766773178e-15,5.88095368930166e-14,"MED30",0,4.31689563377613
200.212300678387,3.04841582169098,0.423268211277237,7.20209016522219,5.92964581078867e-13,4.79280859999468e-12,"BRSK2",0,4.310347720749
1694.84311718204,1.03403732656019,0.131927883531934,7.83789824317078,4.58150039296586e-15,4.71108365851838e-14,"TFB2M",0,4.30827495304066
2155.29513563701,1.3757764193278,0.178080779543079,7.72557500510595,1.11349552579949e-14,1.09406286735828e-13,"CACNB3",0,4.3010202423173
256.838640697322,2.27152863019886,0.305173091899011,7.4434106102335,9.81185042301183e-14,8.64364667038356e-13,"H2BC4",0,4.30044948733342
407.25341402707,2.30310173351813,0.309868516611138,7.43251285643953,1.06553741796861e-13,9.33625676443285e-13,"VPS9D1-AS1",0,4.29987868392307
6291.90127410625,1.09652533479365,0.140399590771795,7.8100322712189,5.71733449839945e-15,5.83759335565133e-14,"MRPL37",0,4.29908744875882
4430.13555650126,1.25610165190787,0.161919710102359,7.75755867592532,8.65798251549617e-15,8.61403168822285e-14,"TMEM147",0,4.29626855605503
191.045466357571,3.06159836436175,0.426645765948923,7.17597268908155,7.17948867413251e-13,5.7495462755334e-12,"OPRD1",0,4.29058943717852
407.11741704334,1.69630184231142,0.222893418428244,7.61037205258492,2.73308011996638e-14,2.56917416109497e-13,"MAFG-DT",0,4.28595248903064
3747.7064941925,1.18411974115842,0.152699767125002,7.75456153897792,8.86492284127202e-15,8.80983391930757e-14,"RFX5",0,4.27174560596267
1849.46989364785,1.71164161600463,0.225519752760651,7.58976362403711,3.20489596404033e-14,2.98898114828763e-13,"NPM3",0,4.27083553202468
423.286519497109,2.05855694661216,0.275233440923486,7.4793126144306,7.47123579600349e-14,6.69023371674418e-13,"ZYG11A",0,4.26993469707844
382.271802364702,2.02020550596321,0.269730846252745,7.48970884876187,6.90265642693717e-14,6.20667627047158e-13,"P4HA3",0,4.26820392361145
137.538893352795,3.48883033070341,0.497981923184327,7.00593770230496,2.45337068849135e-12,1.83664600048547e-11,"LCT",0,4.26744146198464
194.772231046271,2.33826937865513,0.316576502965465,7.38611159309638,1.51184921042644e-13,1.30322001878922e-12,"AC011447.3",0,4.26697549082912
1500.46242515907,1.00507126075803,0.144854013411949,6.9385116579388,3.96252298925462e-12,2.89330775240617e-11,"ABCF2",2,4.26310298901826
108.805836959567,2.51001390378736,0.342686583886253,7.32451756740061,2.39759655171785e-13,2.03047918497820e-12,"ZBED2",0,4.26072460860456
828.542236158719,1.21557010542958,0.157266616385598,7.72935880078424,1.08089624391923e-14,1.06283373784393e-13,"C1orf159",0,4.25673143206052
493.865331157296,2.42975904325825,0.330788654449014,7.34535181475747,2.05218579780333e-13,1.74703877176157e-12,"GZMB",0,4.25623694998141
561.745218274034,2.9938948102005,0.418241897439841,7.15828526153609,8.16924276433496e-13,6.49626757589748e-12,"LINC01436",0,4.25436927161036
220.083174353543,1.49910038156943,0.196264022503156,7.638182293677,2.20309795482012e-14,2.0890561800035e-13,"CTU1",0,4.25374507864656
12303.7457685843,1.11885106155896,0.144274890669339,7.7549950401504,8.83469293926903e-15,8.78314038321609e-14,"TMED9",0,4.25256037119293
3304.10337294093,1.09619327396554,0.141235951753736,7.76143227240683,8.39755607273989e-15,8.37090226187804e-14,"H3-3A",0,4.25202630084056
196.092966087507,2.97598588023839,0.415655223604599,7.15974613390005,8.0826600483187e-13,6.43134003295249e-12,"RSPO4",0,4.25030532250763
2261.62776076086,1.07867028014363,0.138990246453121,7.76076241081744,8.44203368671311e-15,8.40880749375432e-14,"CHD4",0,4.24618076100896
1927.74418529441,1.15457648911895,0.149280688295662,7.73426557916331,1.04001723761145e-14,1.02457026956983e-13,"COMMD5",0,4.24321042185599
332.517348247323,2.9006844632189,0.404875161005655,7.16439224380667,7.8132396846237e-13,6.23218233962932e-12,"VSTM2L",0,4.23181329356681
139.21592327323,1.81622509068898,0.241824697966879,7.5105028806352,5.89006591907126e-14,5.34225289883196e-13,"KHDC1",0,4.22655019418828
236765.280273497,2.0178677181937,0.271016026080977,7.44556603302411,9.65296327437823e-14,8.51518760315457e-13,"COL1A1",0,4.22630204927702
6841.28359477469,1.3350157526136,0.174308587570382,7.65892129138246,1.87501260196303e-14,1.79032796686338e-13,"USP1",0,4.22462494702328
171.9850131131,2.5111727829585,0.344763942224954,7.28374541360822,3.24677463370511e-13,2.69963873610179e-12,"AC063960.2",0,4.22396013957483
3552.80719828869,1.07545311344884,0.138999295279167,7.73711198527223,1.0170047610187e-14,1.00341646879162e-13,"MRTO4",0,4.22219156662371
2376.63485459531,1.52891640919667,0.201336722307905,7.59382785053238,3.10590969830392e-14,2.9018547708132e-13,"SOX12",0,4.21987222070885
4161.8513258926,1.41772530637238,0.18593268294206,7.62493868178179,2.44150412222574e-14,2.30505932466709e-13,"MBOAT2",0,4.21651295975618
5344.41761620658,1.05553816248035,0.136423906679982,7.73719348879506,1.01635325934094e-14,1.00315336657479e-13,"STMP1",0,4.21625124825014
3024.33230387536,1.19913976970489,0.155941638643651,7.68967018773667,1.47514793540466e-14,1.42734525731972e-13,"NR2F6",0,4.21338322001156
705.565550582416,1.5634102792777,0.206418028569745,7.57400063410377,3.61902646142201e-14,3.35600009853745e-13,"SPIRE2",0,4.21127649431084
906.978760022188,1.21536953937645,0.178829852857295,6.79623407366057,1.0738924845152e-11,7.44696871344978e-11,"SLC26A6",2,4.20301700303221
1930.74233894611,1.57143036254364,0.20820266477337,7.54759966330957,4.43353252263893e-14,4.05789649816113e-13,"ARHGEF19",0,4.18893881908234
1027.55554913484,1.17025234215427,0.172413760138827,6.78746488222276,1.14121025192526e-11,7.88024573163863e-11,"SLC29A2",2,4.18211377452261
169.541120423353,2.51500947326006,0.436034575613651,5.76791294525341,8.02592432944749e-09,3.84721900507002e-08,"PICSAR",3,4.17895876913878
3382.44742097333,1.13954347873454,0.148552289830613,7.67099234911769,1.70670728651628e-14,1.63621694879073e-13,"CMAS",0,4.17771077752099
4154.02447280808,1.05057194126332,0.136483736806563,7.69741484109779,1.38846562093799e-14,1.35049005003696e-13,"CHPF2",0,4.17602416573976
1237.59571010146,1.51689974562497,0.200901914949725,7.55044941211519,4.337588587611e-14,3.97566532043797e-13,"TRPM2",0,4.17524697844511
619.862263351998,1.49125666909755,0.197327647016224,7.55726169975026,4.11643234000746e-14,3.78761178280884e-13,"C1orf74",0,4.17386736305313
169.108252792227,2.82231166226915,0.396295731305827,7.12173117022836,1.06579786938229e-12,8.35302256800609e-12,"SULT4A1",0,4.17014040224843
342323.445215183,3.34409952755481,0.482042552724121,6.93735336985629,3.99513634006545e-12,2.91548765331708e-11,"IGHG1",0,4.16381649629109
199.433185475353,1.86561210039684,0.251292471269338,7.42406682927344,1.13577805838377e-13,9.91504576285658e-13,"STRIP2",0,4.1607952132099
22035.9525908955,1.05577928054715,0.137531934323706,7.67661187737088,1.6335139490338e-14,1.57008879459676e-13,"SEPTIN9",0,4.15795651992298
7231.53199341734,1.3280538265186,0.174926153061097,7.59208273479124,3.14803897808531e-14,2.93910931381625e-13,"GIPC1",0,4.1579514262504
5180.11288498314,1.14095047187271,0.149168763604876,7.64872245569392,2.02985819117959e-14,1.93110633100286e-13,"SIGMAR1",0,4.15654328526491
553.907428602845,2.79493660452526,0.392950040779867,7.11270216177685,1.13792674396427e-12,8.88359881249374e-12,"COL11A2",0,4.15390430014479
3175.94871406334,1.22350131143496,0.160579555034425,7.61928447972512,2.55085726926852e-14,2.40394781048527e-13,"BCL9",0,4.15277288295012
5960.82170052431,1.03013931174758,0.134223154726566,7.67482565766043,1.6564378446409e-14,1.59036336266131e-13,"PES1",0,4.14859288483762
305.713650836627,1.32955607841855,0.175481402990894,7.57662097383361,3.54670989991485e-14,3.29128113068994e-13,"PDCD2L",0,4.14365732954894
203.927204569072,4.07734770722473,0.612668450775326,6.65506392905476,2.8317693936264e-11,1.86639020944777e-10,"NKX2-5",0,4.14190357788552
3281.19580563292,1.21215585018188,0.159302152484087,7.60916178017723,2.75879250095062e-14,2.59240966554722e-13,"P3H1",0,4.13953566545191
857.171126323378,1.21265224811392,0.159432772167404,7.60604129018489,2.82619030957635e-14,2.65191874729038e-13,"CTU2",0,4.13672761038585
237.421571859309,2.82640091894323,0.399069572508593,7.08247662475537,1.41600653013074e-12,1.09107426015128e-11,"PPM1E",0,4.13656398258445
8510.32582458372,1.0022283596385,0.130728927864809,7.6664620142448,1.76805494180566e-14,1.69191953627196e-13,"CUTA",0,4.13215459634165
3150.4221089589,1.0571638117133,0.138247481925577,7.64689379501616,2.05892239265709e-14,1.95590123940934e-13,"GPATCH4",0,4.12974506694637
13548.2750833467,1.50439593652467,0.200447534525611,7.50518553438461,6.13416573131407e-14,5.54628158578439e-13,"COTL1",0,4.12811820645258
1601.58818068975,1.29568919634567,0.171154430959088,7.57029303352005,3.72383270068383e-14,3.4446113203948e-13,"EXOSC5",0,4.12756469154709
3079.79295538586,1.59600397103072,0.213650457083885,7.4701640839649,8.00948834032979e-14,7.14277566087501e-13,"PACSIN3",0,4.12264108828252
543.573169091175,2.02522231387179,0.276308959567638,7.32955716325963,2.30914471158159e-13,1.96002849875602e-12,"MANEAL",0,4.11988797835217
1267.3316112126,1.13228657886668,0.148751947812121,7.61191093979352,2.7007264424785e-14,2.53967662972897e-13,"PTS",0,4.11825244688639
923.048701598838,1.46818104324091,0.240646952296418,6.10097501435411,1.05423388635209e-09,5.64401616667485e-09,"MST1R",3,4.11497783825015
1783.89522539149,1.29855856667398,0.171922782699049,7.55315000308663,4.24855192795392e-14,3.9009159248318e-13,"MIIP",0,4.11221759294058
703.599681410823,3.24702176668441,0.470082031361565,6.90735137711945,4.93785828027233e-12,3.56947176350136e-11,"DKK1",0,4.10832534476583
516.334392599605,1.93969312621345,0.264135790032771,7.34354524986104,2.08009027442803e-13,1.77021590543635e-12,"PLEK2",0,4.10750006629088
281.456695839076,1.27557156924287,0.168839854545668,7.5549198539368,4.19117853299495e-14,3.85230785682579e-13,"LINC01094",0,4.10695517484006
973.83478325929,2.08594077295728,0.28595258887142,7.29470847314214,2.99306445263417e-13,2.500388768882e-12,"OLR1",0,4.10637997003914
406.956152173382,1.17273049942988,0.154685479997392,7.58138707944436,3.41879926063302e-14,3.17823966929104e-13,"HROB",0,4.10116315662527
3080.92781613446,1.56395246823671,0.209750510870886,7.45625105628189,8.90190498376005e-14,7.89271963305011e-13,"ST3GAL4",0,4.10001773767888
3815.24869901387,1.0715871094356,0.140994589815564,7.60020019801719,2.95672982418606e-14,2.7664420792196e-13,"EIF6",0,4.0888996582739
1348.31746892941,1.14043564883595,0.150513255396511,7.57697815937606,3.5369629490193e-14,3.2834050282082e-13,"AMMECR1",0,4.08723335697184
156.221453806546,1.51302792761139,0.202932056867406,7.45583497731949,8.93004609063888e-14,7.91497828781651e-13,"PTMAP5",0,4.08437345992736
1977.88853453624,1.05995903476397,0.139491707640534,7.59872434492994,2.99064043195233e-14,2.79716627698964e-13,"CSTF3",0,4.08397222532295
4124.210239404,1.523258888394,0.204771564385827,7.43882038974857,1.01588334267962e-13,8.93723627864651e-13,"TRIM47",0,4.07161669458741
313.914225641668,1.91864260426585,0.262472009635934,7.30989413662485,2.67352933911602e-13,2.24809320266895e-12,"TNFRSF4",0,4.07004848753373
2705.60105789674,1.11544395865291,0.147416280071325,7.56662668541916,3.83040623908299e-14,3.53942571549721e-13,"NCAPD3",0,4.069953347024
440.238033198274,1.60811759289919,0.217084661731358,7.40779003027508,1.28421412188619e-13,1.11771651135917e-12,"AP1S3",0,4.06793577790419
411.697812109608,1.70394650996475,0.231029588023862,7.37544712146894,1.63794402248416e-13,1.40865347522582e-12,"LINC01588",0,4.06654270167967
15705.9535402081,2.18633883233018,0.302938079048115,7.2171145971482,5.31022261917774e-13,4.3162323983195e-12,"IFI6",0,4.06537020360915
2429.73558663741,1.96105746943415,0.269130329490313,7.28664611360622,3.17766137827235e-13,2.64470303791268e-12,"PLEKHG4B",0,4.06160416660353
11267.4602795439,1.60011248928311,0.216192387279827,7.4013359555164,1.3482115820707e-13,1.17146104366123e-12,"MAL2",0,4.05941539150536
1481.75827814993,1.62643689348498,0.220056819214171,7.3909861066475,1.45743849147605e-13,1.25857095928691e-12,"ACTR3B",0,4.05796775610688
1462.69206943452,1.4982442193335,0.201698154794823,7.4281503509915,1.10126741213618e-13,9.63636711384823e-13,"GPX7",0,4.0542992647508
5361.89905964833,1.02260787936625,0.135032555030825,7.57304695251309,3.64570462361872e-14,3.37713512522634e-13,"SF3B6",0,4.04821783244488
26919.9502253145,1.41641877962773,0.190175140555201,7.4479701999568,9.47872237391365e-14,8.37281789633369e-13,"PRKDC",0,4.04806414018679
4940.05546107923,2.19134993611976,0.304666342395273,7.19262232543135,6.35585782258888e-13,5.11668146576357e-12,"MELTF",0,4.04470846647131
1801.17970437657,1.26363210619481,0.168642085249553,7.49298198207709,6.73261463966976e-14,6.06214389679695e-13,"OSBPL3",0,4.04430175956454
5231.90797845627,1.0692373474435,0.141570680337736,7.55267506585891,4.26407898260082e-14,3.91241629142751e-13,"MBOAT7",0,4.0430376866368
1789.14443595095,1.05066579143991,0.139078475674775,7.55448164313228,4.20531267801287e-14,3.86257524939258e-13,"FBXO46",0,4.03913665144365
445.441377158587,1.76559873909746,0.241149462950019,7.32159515305825,2.4504047505979e-13,2.0718358947076e-12,"SCML2",0,4.03477301583471
175.92212993161,1.99405010276577,0.275221861650244,7.24524603826652,4.31654888753753e-13,3.54057519985654e-12,"H2BC15",0,4.03349288393124
1781.4517883611,2.85370441239663,0.41027224766213,6.9556359920955,3.50975026307682e-12,2.57859808646064e-11,"OR2I1P",0,4.0326962269056
385.516193424579,1.2689440957623,0.169785651146298,7.47380056674458,7.79111914854001e-14,6.95755748012992e-13,"MFSD13A",0,4.02794618784023
3798.99560149048,1.52393327222121,0.256272459931953,5.94653546708004,2.73877214376896e-09,1.39764239372799e-08,"CXADR",3,4.01356116206698
152.76108651992,2.52027277635098,0.357738303789484,7.04501796328208,1.85437582467932e-12,1.40845030949639e-11,"PCAT7",0,4.01145937403532
611.146920857129,1.11425248867192,0.148463972630563,7.5052045888912,6.1332734984709e-14,5.54628158578439e-13,"SEC61A2",0,4.01107517209675
1601.86726720441,1.09316728167604,0.145534857761122,7.51137767606397,5.85083267038335e-14,5.30851567068857e-13,"PTRH2",0,4.01045825338431
706.437370406072,2.65706840035457,0.379851616787787,6.99501669316049,2.65227347614282e-12,1.97420938613977e-11,"GAPDHP1",0,4.00850255639313
347.709666232123,2.21073058487102,0.309572407640014,7.14123911017857,9.24932921820033e-13,7.30170395914076e-12,"TNFRSF18",0,4.00419190919099
4276.17357623326,1.29693893055581,0.174370885730511,7.4378181031908,1.02361872160867e-13,8.99314769672168e-13,"NFYA",0,4.00290816136695
140.735038779387,1.71315668573898,0.234553552687449,7.30390423044163,2.79535379075444e-13,2.34750281132719e-12,"AC004816.1",0,4.00276516940917
241.641005406689,2.08771403493317,0.290806077092631,7.17905917168359,7.01927641293703e-13,5.62642922066512e-12,"VAX2",0,4.00124435250859
205.999563104644,2.01432650527297,0.279839976322396,7.19813706299174,6.10407704274683e-13,4.92616025613875e-12,"C4orf48",0,3.99654539076674
2056.99550490586,1.07627960005879,0.143475681913439,7.50147750270404,6.31024616198525e-14,5.69758180479631e-13,"NAT9",0,3.9961767091932
227.178717958182,2.20554874557953,0.309340411519921,7.12984357505289,1.00483056275085e-12,7.88943321663445e-12,"SRPK3",0,3.99255088239657
1100.44937288756,2.66053793804098,0.381423836517527,6.9752796844901,3.0526291079266e-12,2.2593095671869e-11,"CHRM3",0,3.99196865900072
4940.00147710943,1.0147625572432,0.135032876537232,7.5149295731948,5.69415787876802e-14,5.17537006366269e-13,"SSBP1",0,3.99024634436265
3171.39045356841,1.04382937714448,0.139137751325041,7.50212912889456,6.27894703441823e-14,5.67325172777054e-13,"PLCB3",0,3.98699919692342
1999.78869954208,1.82703971658422,0.25239811951009,7.2387215884593,4.52933722619557e-13,3.70461981409601e-12,"BCL11A",0,3.97748882141121
1015.95317279581,1.02411311358581,0.136711850182665,7.49103396828778,6.83331276669014e-14,6.14856623711812e-13,"CSNK2B",0,3.97060177728956
293.153358990651,1.57448462279946,0.215267619875338,7.31408013760384,2.59150458571612e-13,2.18475905678726e-12,"AC009237.3",0,3.97052432233041
245.600834119348,3.48969926591211,0.52405853814442,6.65898752125744,2.75720341784291e-11,1.8195448479218e-10,"MLC1",0,3.96892095042599
577.746825766472,1.88881469948425,0.301709047223706,6.26038468804603,3.84028951949826e-10,2.18320922363761e-09,"SLC17A9",2,3.96491580260245
3411.44285124376,2.01508723315166,0.28134521330561,7.16232989883066,7.93172588805412e-13,6.32088959718456e-12,"TMEM45A",0,3.964292708488
268.293585986171,1.51499512032348,0.20680206005174,7.32582218931693,2.37438442148754e-13,2.01212869684382e-12,"OPN3",0,3.96340180960211
776.833783597366,2.0096581540745,0.280736788296571,7.15851373191422,8.15564201927602e-13,6.48743120282173e-12,"RASAL1",0,3.9592756166252
291.360568889216,3.2129459351463,0.477286686726526,6.73168983024084,1.67703847946232e-11,1.13444173792414e-10,"BPI",0,3.94744912158764
1069.90013770754,1.42489968093424,0.194290683530047,7.33385489744227,2.23625213910234e-13,1.90001253291984e-12,"FBXO41",0,3.94384296457969
663.851149717152,1.36792874930366,0.212983595174366,6.42269536385545,1.33882256641457e-10,8.09463815212505e-10,"SLC25A10",2,3.93791939290558
2061.68385133351,1.0101482014168,0.135434965319289,7.4585480864219,8.74810932695483e-14,7.76692662894181e-13,"NMI",0,3.93596969965489
968.545150346975,1.00936235275613,0.135338794201094,7.45804156682792,8.78179684558892e-14,7.79072183502232e-13,"SAAL1",0,3.93533539633853
4725.23669446892,1.10211702639483,0.148421371184235,7.42559523336283,1.12273851792278e-13,9.80449746957893e-13,"NCLN",0,3.93320750628728
378.990575142933,2.37461922881236,0.33897579096449,7.00527675459019,2.46498088563799e-12,1.84322021646373e-11,"CPNE7",0,3.93271260110865
602.894243933946,1.80758231437615,0.251191055528753,7.19604569745216,6.1983862824671e-13,4.99917497602321e-12,"COMTD1",0,3.93260519298752
1652.9979930947,2.19026641820325,0.310055560439697,7.0641094618564,1.61649286069223e-12,1.23678072790327e-11,"RN7SL1",0,3.92939211268691
18410.635024992,1.71290320264216,0.237321496959455,7.21764873636712,5.28941295219756e-13,4.30065899641091e-12,"CSTB",0,3.92381045831112
1796.31108281776,1.7453599612221,0.242311441979571,7.20296139118864,5.89186604094551e-13,4.76522718241783e-12,"NETO2",0,3.92018290522363
207.21487671624,2.72929251465367,0.397402275722722,6.86783312876137,6.51844047014599e-12,4.64378758500398e-11,"MYO3B",0,3.91872605055744
369.089170686656,1.40777636157299,0.19256338210328,7.31071684655985,2.65720949894221e-13,2.23581278272842e-12,"GNB1L",0,3.91750227803209
5148.97187925938,1.47157758861318,0.231567413743145,6.35485608629482,2.08621842367765e-10,1.23118532148529e-09,"SLC16A1",2,3.91437624785952
2878.55067786458,1.01128381448996,0.136071270598369,7.43201566387141,1.06955131072099e-13,9.36827755932928e-13,"GOT1",0,3.91188721954304
1497.39158438269,1.12239521113565,0.151803975564808,7.39371420912807,1.42783129756083e-13,1.23447026313493e-12,"MZT1",0,3.90927437350793
4126.71319276276,1.10438626045928,0.149263019876668,7.39892748633789,1.37288791138628e-13,1.19091744379721e-12,"YIF1A",0,3.9085513811655
154.768737852033,2.6399489022821,0.38336944441285,6.88617452631187,5.73126719046549e-12,4.11221970420765e-11,"KLHL38",0,3.90776177776667
640.566713448452,1.02271613910597,0.137861261090564,7.41844468138246,1.185036529644e-13,1.03381349458602e-12,"HSD17B7",0,3.90248218268989
1461.67416143659,2.24745091172703,0.320451806166451,7.01338194536385,2.32625260147717e-12,1.74649846090741e-11,"ERP27",0,3.90158481134188
102.999189941343,2.41135405150131,0.346711488275197,6.95492977027438,3.52737714065953e-12,2.59081825656725e-11,"ILDR2",0,3.89937513083735
12314.2655393666,1.30012276994847,0.177608271787642,7.32017015233933,2.47656733247357e-13,2.09192095449088e-12,"TXN",0,3.8938732499198
307.386860716178,3.50071731831365,0.533447139596082,6.56244463315398,5.29326975481608e-11,3.36535877446706e-10,"TMPRSS4",0,3.89210578439425
39396.2593641417,1.90005372690292,0.266933509726675,7.11807868876588,1.09441887963215e-12,8.55932101271266e-12,"POSTN",0,3.89028432367221
3152.53539684724,1.13559139881754,0.154163185737923,7.36616458321017,1.75607002620794e-13,1.50577228201192e-12,"TGIF2",0,3.88734963010644
2142.90213942398,1.4372150827729,0.197825617664735,7.26506051005298,3.72871319284116e-13,3.08266307636507e-12,"MVD",0,3.88448670666836
3648.2864324654,1.01963749215958,0.137796867098634,7.39956947954214,1.36626722424363e-13,1.18596362751777e-12,"NARF",0,3.88366983670935
1846.50238903936,1.30468482505232,0.178624160058146,7.30407815285242,2.79174083840214e-13,2.34522424861839e-12,"SNHG17",0,3.880350134729
3722.82823637625,1.02348890845729,0.138416811242732,7.39425290373482,1.42205529047767e-13,1.23029257407506e-12,"SMYD2",0,3.8800441517403
2957.68433779108,1.93442072633864,0.272800133844882,7.09098158814899,1.3316406279835e-12,1.02910987991835e-11,"EVPL",0,3.87658769360857
124.081259962949,3.74192571694007,0.579800195278502,6.45381934571903,1.09065816438599e-10,6.66436623793943e-10,"HOXD13",0,3.87545005841479
258.274328056066,1.45380279326933,0.20056787518476,7.24843294037048,4.21621086785936e-13,3.46481616306715e-12,"GNG5",0,3.87423677897901
4593.78595425408,1.6827433425595,0.234704773497606,7.16961703625796,7.52078507809493e-13,6.00625933304843e-12,"PLAU",0,3.87124177881054
2959.29240930789,1.00071085785948,0.13541655886843,7.38987067919632,1.4697168644035e-13,1.26857978491411e-12,"CHRAC1",0,3.86921792139506
4174.65653694901,1.28779887193928,0.176557988680855,7.29391448985692,3.01076566909322e-13,2.51302045136897e-12,"ANAPC11",0,3.86628085469197
6484.45210443463,1.85942135017594,0.261798995560251,7.10247702133757,1.22540410315898e-12,9.52657582971819e-12,"NECTIN4",0,3.86414535643997
909.261929467541,1.79690115135942,0.252319191202427,7.12153975603793,1.0672793890178e-12,8.36211957725492e-12,"RASGRP1",0,3.8623754333233
3277.00857766926,1.8988621521015,0.267980293070309,7.08582758211739,1.38215807539634e-12,1.06593830033599e-11,"SPHK1",0,3.86133902548007
186.029837381531,1.3651766344705,0.187953640169101,7.26336895227066,3.77566224734938e-13,3.11949882097167e-12,"AL590617.2",0,3.86132754259428
2956.30509930878,3.18392987419016,0.479499950897257,6.64010469288324,3.13460426342574e-11,2.05610793494511e-10,"S100A2",0,3.86126518952184
3168.74351494915,1.04570766773497,0.141956880450334,7.36637536988444,1.75329699896252e-13,1.50388920276262e-12,"VAV2",0,3.86054754792811
1461.25856039029,1.02811393906957,0.139488765908841,7.37058595630179,1.69879690022025e-13,1.45810137629375e-12,"DCAF4",0,3.85929786575377
4656.10695591513,1.20755656799665,0.165144697163208,7.31211227935011,2.62975219353187e-13,2.21413922573628e-12,"COPE",0,3.85870549260855
193.835605442378,2.75557302321953,0.47695429633054,5.77743621227359,7.5847462086661e-09,3.65523348902384e-08,"SLC12A1",2,3.85779736975232
134.512929396729,2.45665100994413,0.356673820905675,6.88766841285446,5.6714213722581e-12,4.07152136906229e-11,"FAM166C",0,3.85406828743457
1514.65206455273,1.06326743680834,0.144592261078619,7.35355702218536,1.93000615431976e-13,1.64840990906465e-12,"HAUS5",0,3.85386066608378
2220.29145915341,1.26164757963289,0.173124910928688,7.28749879416585,3.15762131029168e-13,2.6297033449001e-12,"CCHCR1",0,3.8525222462562
548.943033423215,1.10081359469151,0.150038854280125,7.33685684267004,2.18668280877592e-13,1.85971487035439e-12,"TIPIN",0,3.84941016929111
417.885758836305,2.74188218391017,0.404277592768058,6.78217698175334,1.18378327869921e-11,8.1526231772397e-11,"KCNH2",0,3.84917544440007
1451.10674915927,1.33809635747028,0.184348159005136,7.25852845339781,3.91324080816734e-13,3.22601037781461e-12,"ACAT2",0,3.84882917919746
2166.56194228202,1.16499376208175,0.159311348106604,7.31268535435527,2.6185569536863e-13,2.20613846514999e-12,"TXNDC17",0,3.84640829857359
383.715374823299,1.53873295806335,0.214170180579111,7.18462744861426,6.73906925187654e-13,5.41347667761682e-12,"PELATON",0,3.84157700639252
32438.5764875835,1.82385826859815,0.257413760233289,7.08531768832103,1.38725688802372e-12,1.06955413487472e-11,"LY6E",0,3.83839664926977
5558.2814137239,1.00107638411453,0.136078062032393,7.35663316454514,1.88606724667716e-13,1.61193819406995e-12,"KIAA2013",0,3.83811839949406
1027.29224957645,1.63329909081975,0.228593768385678,7.14498519515233,9.00055896795791e-13,7.11393482770645e-12,"FJX1",0,3.8343567625852
2854.53085281423,1.01028857206068,0.137476569870977,7.34880549470239,1.99985949739003e-13,1.70583565178227e-12,"FAAP100",0,3.83350541555509
1878.40785470447,1.06206277870398,0.144859406744839,7.33167974776214,2.27285712419902e-13,1.93048441370139e-12,"TMEM14A",0,3.83291894373783
1220.64358931649,1.27172180407896,0.175151118102063,7.2607118804569,3.85058362500485e-13,3.17636592889245e-12,"TMEM51",0,3.83093738254198
1239.55524717693,1.25879755612046,0.173286778023959,7.26424468430253,3.75128435600512e-13,3.10034018097607e-12,"BOLA1",0,3.8302164621747
160.873506950591,2.31059360116114,0.334550276421138,6.90656610982001,4.96525601432083e-12,3.5882819108761e-11,"PKP4-AS1",0,3.82671211362131
12463.0120297297,1.58342955374143,0.221461122437307,7.14992110721228,8.68277878473626e-13,6.88154437767468e-12,"TFRC",0,3.82372309165318
3307.58959965063,1.01518097331921,0.138371948202346,7.33660967058637,2.19072310115896e-13,1.86254334892077e-12,"STRBP",0,3.82352237519737
126.175252906015,2.4481578843725,0.357207057962709,6.85361005556637,7.20092044437858e-12,5.1062674979221e-11,"AC068473.3",0,3.82201629668194
311.976931832912,2.4672539558953,0.360399678922295,6.84588278012105,7.60056971762692e-12,5.37358423730353e-11,"H2AC8",0,3.82109696836441
963.101920435705,1.08698461396961,0.148824595312743,7.30379687366463,2.797586243376e-13,2.34862095349701e-12,"QPCTL",0,3.81485150483932
251.540358851497,2.15540960514537,0.310313559278936,6.94590855183324,3.76032306139314e-12,2.75415401071467e-11,"ARHGEF26-AS1",0,3.81462641491403
126.526590513957,2.74462030734964,0.40735694858961,6.73762977863106,1.60991130263792e-11,1.09171586695792e-10,"AC103718.1",0,3.81195320549339
639.794056615768,1.47684184128691,0.206211631803746,7.16177757951323,7.96375610343082e-13,6.34253682701287e-12,"IER5L",0,3.80237365311552
1555.00267936439,1.75239519331601,0.247936067148789,7.06793171912491,1.57259887936144e-12,1.20461166583352e-11,"ARNTL2",0,3.80146443858553
353.303284213061,1.01001728165207,0.138139109288005,7.31159544069664,2.6398891466299e-13,2.22195642186638e-12,"AC074117.1",0,3.79898452337005
216.499738530449,2.19118000066502,0.316931783844044,6.91372753495514,4.72081498007809e-12,3.41636546601043e-11,"AC027031.2",0,3.79728470324121
4962.4504795135,1.28769939230948,0.178382939142432,7.21873626760519,5.24729070302619e-13,4.26774186445503e-12,"RAI14",0,3.79725037475529
2108.42337430452,1.58064765183626,0.222036624721471,7.11886002509304,1.08823356144961e-12,8.51350067416177e-12,"TRIB3",0,3.79516184312397
577.971930558506,2.10162482078239,0.302825727675145,6.94004712517985,3.91969165751853e-12,2.86363796066523e-11,"ATP6V1C2",0,3.79341201298448
3456.21108875242,1.03494214332196,0.141851185948087,7.29597103051867,2.96512704390598e-13,2.47810088661421e-12,"ME2",0,3.79224694807368
1470.7602980494,1.6596580359882,0.234164707921244,7.08756691271511,1.36490315480038e-12,1.05325430835351e-11,"RAC3",0,3.79113743750916
1132.24653447028,1.02393758228159,0.140335444848244,7.29635754807959,2.9566256466166e-13,2.47258135163154e-12,"PMF1",0,3.78923609785142
495.658137859814,1.83755626208522,0.261631770376819,7.02344466590832,2.16463900885675e-12,1.63174219328713e-11,"HSPA6",0,3.7874714155497
425.625276976923,2.65144922179769,0.464254265578027,5.71120056053004,1.12181944178968e-08,5.27937667252781e-08,"ABCA13",2,3.77865997180541
3837.83513246989,1.0296985356807,0.141449311090571,7.27962920244538,3.34738946509174e-13,2.77798157231921e-12,"SNRPA",0,3.77579075254579
1414.83078607999,1.49481192827738,0.209969649898831,7.11918093399508,1.08570308984088e-12,8.49880553840306e-12,"MFSD3",0,3.76963621081124
520.854632061391,2.16511161838597,0.314710889334085,6.87968447157089,5.99852743240981e-12,4.29334471665641e-11,"CARMIL2",0,3.75969475757913
23818.4140250906,1.11103628540273,0.153584227369729,7.23405198847726,4.68792180299282e-13,3.82952233276759e-12,"RRBP1",0,3.75836750365325
296.150105989359,1.02493327203712,0.141161482946051,7.26071482564992,3.85049977663754e-13,3.17636592889245e-12,"GPR89B",0,3.75690082292943
19735.1428135062,1.71137555020931,0.24381904597636,7.01903964621058,2.23398392495475e-12,1.68158414587917e-11,"COL5A1",0,3.74569708382154
2021.02670362981,1.46603453235599,0.206434888322706,7.10168007097828,1.23249284838687e-12,9.57882858643425e-12,"P3H4",0,3.74541663922395
367.572804396356,1.43703700325278,0.202075697367619,7.11137965610234,1.14888615570528e-12,8.96314485582917e-12,"ELF3-AS1",0,3.74537297640643
2219.34192609118,1.21911720198429,0.213870360051848,5.70026254076883,1.19623054719049e-08,5.60225326511218e-08,"CDKAL1",3,3.74122633907653
6296.7043966505,1.02405268970559,0.141371412334105,7.24370417468444,4.3659316771358e-13,3.57882833421066e-12,"ARF5",0,3.74109354679057
617.287556742823,1.32190484804066,0.185153623732851,7.13950297806739,9.36689893877922e-13,7.39004099991398e-12,"PCDH17",0,3.7359774000526
1262.65459048134,1.85526114533364,0.266660085996475,6.95740098635598,3.46607383261195e-12,2.54866421987858e-11,"H2BC5",0,3.73468455699144
101.460633877746,1.90704145754493,0.353842492923742,5.38952074915412,7.06458234951342e-08,2.98464291903997e-07,"PNCK",3,3.729644723314
933.047860467046,1.7109958038783,0.244488925369427,6.99825483421367,2.59170381509087e-12,1.93243545045692e-11,"PPFIA3",0,3.72746724236236
1812.04173616254,1.11091963111383,0.154371768701368,7.1963911566169,6.18270991299305e-13,4.98807487780841e-12,"SNRNP25",0,3.72389600007173
2282.31959900966,1.17725066808088,0.206814020971342,5.69231555264818,1.25327955558527e-08,5.86100433717998e-08,"DANCR",3,3.72278358759555
331.961006988439,1.30022545313856,0.182416328488306,7.12779093798013,1.01992529936485e-12,8.00312847036226e-12,"OGFRP1",0,3.71908969940062
355.718687383445,1.08287581746619,0.150397629326338,7.20008568164684,6.01747344476681e-13,4.85927758007238e-12,"EEF1E1",0,3.71889123275184
230.781741625188,2.30694416803649,0.3401373084829,6.78239084776103,1.1820316402379e-11,8.14388066798323e-11,"NRTN",0,3.71883383001
484.590086934368,2.26006598749013,0.332911297135685,6.78879331201845,1.13075298323169e-11,7.81424655723767e-11,"CHODL",0,3.71015366322219
22899.2399431736,1.1336145563833,0.158027256419158,7.17353817354426,7.30838615299293e-13,5.84917721369563e-12,"CALU",0,3.70995593307408
643.636239552216,3.15515150929666,0.488044601331115,6.46488353869945,1.01376855160676e-10,6.21932333130932e-10,"CNTNAP2",0,3.70842251211478
1620.03360767429,1.03301760667827,0.14342888248201,7.20229837116549,5.92059561643865e-13,4.78697785154176e-12,"PDRG1",0,3.7058868565775
696.66677956473,1.53556327054086,0.218395128275128,7.03112419525401,2.04876034076903e-12,1.54842086989928e-11,"EPOP",0,3.70370227630624
1544.55184968372,3.00840336794076,0.461939270193017,6.51255167520988,7.38847835915692e-11,4.60644499852053e-10,"SOX8",0,3.70351124338103
9045.96726938814,1.81056357979098,0.261063302694799,6.93534311832272,4.05236381246589e-12,2.95311622867063e-11,"GBP1",0,3.70208491186163
330.04414728491,2.10393178789602,0.30786992032795,6.83383354130495,8.26749523171291e-12,5.82141540262184e-11,"SEMA5B",0,3.70167095917931
2128.47512975065,1.14025566583871,0.159237274066152,7.16073339314399,8.02465804518807e-13,6.38908861526932e-12,"KIF3C",0,3.70044502622844
3730.85665346718,1.17282331340867,0.164110681581483,7.14653855621428,8.89934016821596e-13,7.0403368790557e-12,"PUM3",0,3.69756896185321
3796.26400147966,1.27922239128937,0.180004805590565,7.10660133262809,1.18935343437015e-12,9.25735323192794e-12,"CHD7",0,3.69382066677347
779.994023153199,2.34942702821033,0.348754008880534,6.73663088705922,1.62101274355161e-11,1.09867236573479e-10,"SNX22",0,3.69256764813389
360.317300304777,1.13653676155055,0.158920130200202,7.1516223911897,8.57582082639631e-13,6.8050508822427e-12,"BOLA3",0,3.69111161541697
5179.88987167266,1.1174988750485,0.156264917476765,7.15131005150061,8.59535990646793e-13,6.81847981381313e-12,"MYDGF",0,3.68514339478318
128.292220966836,1.37216835047178,0.19430876613029,7.06179333953312,1.64367319804977e-12,1.255733565462e-11,"H2BC19P",0,3.68198125424257
297.130490840078,2.03862081597993,0.387971617861405,5.25456173113204,1.4837737357582e-07,6.01516795801074e-07,"HRK",3,3.67781191727531
302.474447881343,1.89575905114275,0.275684121567737,6.87656235100559,6.1314105837044e-12,4.38243706294002e-11,"BHLHA15",0,3.67621300899676
104.666825134141,1.48745996486059,0.212004501148547,7.01617162278246,2.28029934582403e-12,1.71347832365509e-11,"AC027601.5",0,3.67607440502973
986.207580051069,1.35586710751531,0.192055867450457,7.05975363062038,1.66798068082991e-12,1.27281183861807e-11,"FAM207A",0,3.67533087042553
11466.1730566632,1.19876652481639,0.168591525505351,7.11047913721111,1.15640783076108e-12,9.01707535879425e-12,"AHCY",0,3.67311024767344
984.835174107636,1.01170397405592,0.141040725619534,7.1731336435765,7.33002330229527e-13,5.8646935979414e-12,"MPV17L2",0,3.67303759404343
170.827806647006,1.23093493162811,0.173405221083064,7.09860362877116,1.26023674590097e-12,9.77696168315494e-12,"AC244033.2",0,3.67221930554443
504.956215394281,2.37107724028669,0.466005399874944,5.08808962497642,3.61688440991235e-07,1.39037495816525e-06,"DNER",3,3.66838359093732
121.053058641669,2.41970501651691,0.362073733119746,6.68290680925109,2.34248549983999e-11,1.55729583076585e-10,"TMEM105",0,3.6682001686865
498.372125949282,2.29983436103592,0.342014250757383,6.72438167691253,1.76339646216754e-11,1.18807070507421e-10,"FIRRE",0,3.66749762209959
371.75034260872,1.2141211482046,0.171037826140683,7.09855343464173,1.26069444833208e-12,9.77760255420183e-12,"CEP72",0,3.66716663051344
11480.5565569616,1.30177356012443,0.213378195967767,6.1007806079731,1.05551703244147e-09,5.64856548648156e-09,"SLC5A6",2,3.66495061760694
2120.12803774015,1.22084879778996,0.17212519775784,7.09279532394526,1.31429770930805e-12,1.01691298274067e-11,"ATP5MF",0,3.66406950175881
716.262082901485,1.41347601400694,0.201155098989617,7.02679684038183,2.11328716537905e-12,1.59533902519362e-11,"CDH24",0,3.66318690749038
29288.6402092335,1.26474639106674,0.178747513224083,7.07560272170731,1.48800588650353e-12,1.14418434936541e-11,"TMEM123",0,3.66187511641769
449.29786254949,2.84285279799209,0.436206298334563,6.51722088572796,7.16219213035604e-11,4.47178113202373e-10,"PLA2G2D",0,3.65771167764345
4576.98668631805,1.65700962441577,0.238866745613046,6.93696236436383,4.00620498969948e-12,2.92192908412133e-11,"VANGL2",0,3.65740198593442
7389.22920681304,1.30365376606346,0.184730462899524,7.05705894740559,1.70063494716102e-12,1.2962120224458e-11,"PSME2",0,3.65729331624593
645.5163140558,1.01343966933776,0.141699408825884,7.15203879631593,8.54983949735569e-13,6.78650018811117e-12,"ZFP41",0,3.65453814116124
7272.31124209243,1.62222952165188,0.23370320213064,6.9414090472969,3.88208138385363e-12,2.83695585738471e-11,"CXCR4",0,3.65081308300849
109.289691629128,2.7015255731666,0.412524717036771,6.54876050233322,5.801658534393e-11,3.66800468144609e-10,"HHIPL2",0,3.64112870756447
3036.84192882537,1.23196783351422,0.174458413735475,7.06167049863359,1.64512722321246e-12,1.2564761596097e-11,"ATF5",0,3.63984407424449
101.239245845759,1.99525031050479,0.293498351906293,6.79816529648463,1.05959843539514e-11,7.35371470059772e-11,"SYN1",0,3.63862306014319
350.78148691093,1.14266255115878,0.186570715050219,6.12455470758745,9.09375653339788e-10,4.91068805669272e-09,"SLC16A13",2,3.63545606119611
320.493326774726,1.66843943262426,0.259430686646982,6.4311568310906,1.26636414701623e-10,7.66790109646274e-10,"FOXO6",1,3.63512887902381
299.521106570872,1.11641852051677,0.15736347442425,7.09452129600871,1.29799987584604e-12,1.00460103217573e-11,"CA5BP1",0,3.63432747014335
515.819562945065,2.8767480301974,0.444592215517401,6.47053171376277,9.76586529138621e-11,6.01102268124119e-10,"TNNT1",0,3.62933989905396
1328.55244283063,1.07035200590548,0.15068148600759,7.10340755367627,1.21717778514869e-12,9.4682701657627e-12,"FIGNL1",0,3.62822440931944
1124.64073066427,1.09979603607292,0.155062331940363,7.09260606564269,1.31609698780082e-12,1.01770098430744e-11,"RPL26L1",0,3.62765275245336
470.170200446117,1.09729617496763,0.154830369506327,7.08708619934403,1.36965079309267e-12,1.05660512647371e-11,"CCDC18",0,3.62201503844593
3730.09503893681,1.15231445939431,0.163021242553014,7.06849267830589,1.56625613572617e-12,1.2001057815983e-11,"RPS6KA1",0,3.62192847941908
1413.95517641317,1.22142838184703,0.173453955743726,7.041801823486,1.89769611263221e-12,1.44009445612762e-11,"DTX2",0,3.61891122100269
10931.7663270722,1.15726412088831,0.163849882148927,7.06295363603888,1.6300012185628e-12,1.24675005176868e-11,"PAPSS1",0,3.61844541778942
383.486798715407,3.41104716754296,0.54523342687453,6.25612260623177,3.94666518447047e-10,2.23939315114479e-09,"C6orf15",0,3.61827504656829
625.817167776352,1.14713086124932,0.188193789652405,6.09547670711172,1.09111800297864e-09,5.8295087074491e-09,"ABCB9",2,3.61444967177391
131.929151243735,2.8768040753965,0.446006591597221,6.45013802395655,1.1174833150799e-10,6.81549779461578e-10,"ANKRD1",0,3.61299194813812
1449.38534923655,1.13892946563725,0.161293933570173,7.06120459974859,1.65065338454526e-12,1.2603275270926e-11,"NFKBIB",0,3.61153381312622
289.557459721735,2.47640392377552,0.406780502440048,6.08781371998157,1.14462936458191e-09,6.10539260211921e-09,"FOXQ1",1,3.60720709829695
3055.28269082861,1.08640208343534,0.153585681557331,7.07358962384656,1.50976335987061e-12,1.15886341289008e-11,"JARID2",0,3.60671094951083
711.803078165078,1.47575705560208,0.212722956874426,6.93746024070755,3.99211624284334e-12,2.91409952680474e-11,"IL18",0,3.6033758025667
1345.95691659518,1.23711155083905,0.176253497440678,7.01893334772222,2.23568394467231e-12,1.68237798457775e-11,"DCBLD1",0,3.60335639227672
128.870574573541,2.04572502944872,0.303709057113196,6.7358051448767,1.63024641432622e-11,1.10406945394236e-10,"AC009093.1",0,3.60081859048102
2017.78176895095,1.05917561633502,0.14969546670067,7.07553568374214,1.48872545311661e-12,1.14436874437613e-11,"TMEM161A",0,3.60018288861834
193.068236383141,2.10728664193821,0.314027198170382,6.71052270063199,1.93928472823788e-11,1.30152767793452e-10,"ICOS",0,3.59784997014183
431.220407152524,1.29965069715105,0.185978527986312,6.98817606109188,2.78482789974952e-12,2.06815124965159e-11,"KLHL17",0,3.59522052012139
317.616212526406,1.83626973973445,0.27028906960013,6.79372548231811,1.09274229387947e-11,7.56560780200694e-11,"COL13A1",0,3.58722777475239
541.086131310533,1.24218171243859,0.177490639749007,6.99857589220021,2.58577284587424e-12,1.92856482899582e-11,"EMC9",0,3.58708424103511
176.234705051017,1.01304081507296,0.143196556062502,7.07447750790033,1.50012894265322e-12,1.15214676335125e-11,"UQCRHL",0,3.58545990328171
211.297429703676,2.58690209499751,0.396624832238314,6.52228979309886,6.92420667752793e-11,4.33982436795193e-10,"CST6",0,3.58482898228878
351.183697789661,1.51066993561064,0.218861895498465,6.90238897990919,5.11351831351518e-12,3.69235683873684e-11,"TNFSF4",0,3.58300988097224
12246.7911028072,1.34525183248285,0.193399558498797,6.95581646062146,3.5052597486281e-12,2.5760249751195e-11,"CAPG",0,3.58029052895871
3975.02534894235,1.20455809083303,0.172037230330352,7.00172915199805,2.52822488179129e-12,1.88834492818492e-11,"PLEKHO1",0,3.57854302940455
6819.16070361169,1.0461579379108,0.148341430261757,7.052365182571,1.75901815833801e-12,1.33797275557038e-11,"POLD2",0,3.57591320030915
593.421928555476,2.75535440795469,0.427512200344746,6.44508953366191,1.1553219318748e-10,7.03475281433789e-10,"SHISAL1",0,3.57243166981915
16908.364640635,1.116593108201,0.159016259300506,7.02188010907036,2.18902341414147e-12,1.6496465260603e-11,"ENAH",0,3.56976066341922
206.549580910514,2.28573673771888,0.345866387321048,6.60872759398029,3.87637244298543e-11,2.50982117415055e-10,"PNMA3",0,3.56582818764183
198.19576257789,2.20653828725798,0.332661849300653,6.63297667555425,3.2898381286353e-11,2.15200390562465e-10,"AC004233.2",0,3.56210856962142
2714.3213140047,1.11404656445196,0.158946099338014,7.00895818829017,2.40099186188824e-12,1.79898404322624e-11,"DARS2",0,3.55770577596886
4643.06446143659,1.13410367104103,0.162075301328623,6.99738739798192,2.60779493888529e-12,1.94387734263434e-11,"MICALL1",0,3.55363044398364
867.834978166973,1.85734703550582,0.297081028038451,6.25198804437093,4.05260425075192e-10,2.29550706224143e-09,"MYCL",1,3.54894052068196
1867.29004704626,2.64259201702072,0.409290508220062,6.45651918123614,1.07138607948864e-10,6.55428794509045e-10,"SHC4",0,3.54781994999703
204.105685405699,2.87839071076072,0.451956280890248,6.36873704928044,1.90591033327478e-10,1.1301493325176e-09,"CD19",0,3.54757646336813
217.184748212245,1.89137972087019,0.281137043039241,6.72760764794054,1.72475229874657e-11,1.16474399407842e-10,"RTN4RL2",0,3.54754477234605
61831.4995035003,1.35442303304904,0.195878525106135,6.91460706228595,4.69161973327284e-12,3.39806756285699e-11,"HLA-A",0,3.54695730704118
2726.13375417212,1.03171001175684,0.146868994172861,7.02469583568159,2.1453307986566e-12,1.61859154641336e-11,"SEMA4D",0,3.54677182317882
2437.26235780559,1.39663599656132,0.202566026011281,6.89471983067656,5.39710651273404e-12,3.88743784104555e-11,"MEAK7",0,3.54209176161247
2852.84741285539,1.2047633328545,0.173094289114548,6.96015645009082,3.39895062199426e-12,2.50283745377187e-11,"POLR2F",0,3.54189920624702
121.017750215251,1.77611915379609,0.262684178762064,6.76142416405243,1.3664183501497e-11,9.35112290190395e-11,"POU5F1",0,3.54157661664758
739.043360140109,1.06871269278174,0.152548472291044,7.00572530639812,2.45709577121464e-12,1.83837874478335e-11,"RPP38",0,3.541283310808
4282.83975105179,1.0235451345569,0.145840046646328,7.0182721282246,2.24628728440345e-12,1.68840745797419e-11,"SIPA1L3",0,3.53882036181598
779.656175011359,3.10505488544676,0.495398724919283,6.26778941740852,3.66209557512156e-10,2.08929405464421e-09,"SCRG1",0,3.53551659510638
843.698688696363,1.62468966803867,0.238683790423516,6.80687056777444,9.97445922400443e-12,6.94270303316752e-11,"PLA2G7",0,3.53494832366259
101.877496958653,2.69693547257249,0.42015995286968,6.41883038626719,1.37325305779765e-10,8.29200543377606e-10,"AC022509.2",0,3.53348276836683
791.060570196748,1.43916283650647,0.271319864677959,5.30430323712078,1.13104165345162e-07,4.65176124653257e-07,"APOBR",3,3.53146362606372
386.530979372274,1.20785603095941,0.173924150726376,6.94472864127798,3.79188481108374e-12,2.77571079389272e-11,"UQCC3",0,3.52934454501374
3484.9978564605,1.06117047790678,0.151715577210137,6.99447279851153,2.66258233504778e-12,1.98123727835831e-11,"SHKBP1",0,3.52927019608996
298.56939718016,1.9282947557579,0.288370590789941,6.68686342277715,2.28004480967124e-11,1.51849586238376e-10,"TNFRSF13C",0,3.52406434286189
8567.31195754123,1.34979904193971,0.195933259180098,6.88907563518349,5.61560781467684e-12,4.03367453582753e-11,"TASOR2",0,3.52322945654059
114.872961620459,2.13532787412261,0.323076048070663,6.60936608230262,3.85969189168492e-11,2.49964195131803e-10,"TAS1R3",0,3.52123502079954
4768.44408837448,1.73167923894672,0.256725529234901,6.74525530868517,1.52758172695806e-11,1.03913029427494e-10,"PKP3",0,3.514502769822
324.876322022792,2.08263293216984,0.314845481355013,6.61477790059661,3.72109995248477e-11,2.4158882306705e-10,"MORN3",0,3.50986682822325
4995.68418088884,1.22388848789619,0.176999371440645,6.91464878058401,4.69023933138957e-12,3.39806756285699e-11,"PAK4",0,3.50779694349533
275.327875353817,2.24334490139641,0.342419069681783,6.551460184391,5.69771803126134e-11,3.60578819909904e-10,"WNT10A",0,3.50590340650368
1235.74648453644,1.06471113773091,0.152890643691205,6.96387373370813,3.31041338545381e-12,2.44247228187445e-11,"NCBP2AS2",0,3.50306444815645
1020.7813479024,1.36736109894751,0.233364520885682,5.85933583116234,4.6472204508351e-09,2.3060935749461e-08,"ABCC4",2,3.50134525194606
294.218824291037,2.52645948662636,0.392547300605435,6.43606383926153,1.22611480925546e-10,7.43974272180215e-10,"CYP27C1",0,3.4964704708255
372.533611854343,2.49216491212652,0.386730704898948,6.44418682188091,1.16221853077066e-10,7.0734416160632e-10,"WNT6",0,3.49276024166923
2432.0729039616,1.1623369052237,0.168013933890581,6.91809826904398,4.57746738969072e-12,3.32000118105365e-11,"HSPBP1",0,3.49235960010725
1341.13918155106,1.36266824111867,0.199186781558565,6.84115798476327,7.85555632721554e-12,5.54033514019284e-11,"NAA10",0,3.48573966141162
5115.84132357599,1.00989645902385,0.145122763144844,6.95891145633642,3.42911938094779e-12,2.52291433539842e-11,"SH3GL1",0,3.48239818636822
1922.86334397656,2.05256036771464,0.311700041843476,6.58505002301333,4.54732264291601e-11,2.9145576428053e-10,"B4GALNT3",0,3.47639631560821
127.786174392868,1.41366738695493,0.207517892639896,6.81226745786231,9.60722765334212e-12,6.71038593889788e-11,"DCST1-AS1",0,3.47607596645991
993.556574974314,1.01899127675102,0.146684321285323,6.9468315892394,3.73581217543421e-12,2.73774011743165e-11,"CCNJ",0,3.4744797170432
2189.91691860512,1.03362343625743,0.148901650854515,6.941651958361,3.87541053494529e-12,2.83287510977058e-11,"TMEM208",0,3.47441880229092
3106.66858728231,1.16095530204609,0.168463276125514,6.89144440703574,5.52287052395708e-12,3.96924913007966e-11,"LAMTOR2",0,3.4686740831319
1321.63824237285,1.36605281090554,0.20031296265156,6.81959266551192,9.12990074807575e-12,6.4009984615409e-11,"ATAD3B",0,3.4679415264273
1269.8782066229,1.34379135644565,0.196841321288136,6.82677472215608,8.68449057507519e-12,6.10184948303194e-11,"GALK1",0,3.46749895978125
189.965109490139,2.00816360703942,0.305014769505591,6.58382415479266,4.58499365083844e-11,2.93653635126304e-10,"ZNF280B",0,3.46209846771408
1997.90577488879,1.76714985104081,0.264926270823586,6.67034584961017,2.55201302659352e-11,1.68926672331674e-10,"KRTCAP3",0,3.46183548720483
13862.2467699406,1.02425778123321,0.14787042123405,6.92672525502589,4.3069387006145e-12,3.13337904295055e-11,"ATP5F1C",0,3.45847345405055
515.459350660223,1.81466573612929,0.273060284150506,6.6456597369139,3.01861885299441e-11,1.98352250166386e-10,"NGEF",0,3.45516858135797
1466.89601783116,1.29636112001356,0.189889414470112,6.82692673328353,8.67529720275956e-12,6.09867778274901e-11,"FKBP11",0,3.4533376294631
1377.20440984079,1.00443594977044,0.145017394134264,6.92631360373558,4.31948361959427e-12,3.13987672927953e-11,"UPF3B",0,3.45225700549432
6290.01826244117,1.07381830322743,0.155589079240817,6.90163029736426,5.14090865669119e-12,3.71110678354941e-11,"MRPL51",0,3.45129445568712
172.354154178544,1.83425431181051,0.276543799594301,6.63278046552271,3.29421588378231e-11,2.15429817969276e-10,"GRASLND",0,3.45028454919819
179.605110754723,2.01527389908634,0.30744239860264,6.55496414367692,5.56552478376961e-11,3.52933063088089e-10,"SMKR1",0,3.44027446611638
1092.84695095929,1.08508218568767,0.157629082570765,6.88376895932601,5.82893857555505e-12,4.17769980338173e-11,"KIAA1841",0,3.43924348679512
371.873867003468,2.27361650232089,0.352079479074236,6.45767969294654,1.06320473640612e-10,6.50576475678365e-10,"ASPHD1",0,3.438095444049
198.488287075583,1.94433153486433,0.295773027031675,6.57372835642685,4.90707206738023e-11,3.13434568930166e-10,"CSPG5",0,3.43445539242927
4022.48698923447,1.14151089641469,0.166479358506773,6.85677135383876,7.04342257894866e-12,4.99866311912482e-11,"NFKB2",0,3.43279710828081
617.248514049413,2.03578540410519,0.311400909604091,6.53750628632861,6.25530166225148e-11,3.94142974208144e-10,"STRA6",0,3.43203948439484
126.820282446819,1.05190392346316,0.197498235930881,5.32614338809234,1.00319948102449e-07,4.15085728124847e-07,"MC1R",3,3.43012983664706
355.165993213401,1.0391721216672,0.19496418585292,5.33006673569856,9.81766833183547e-08,4.06863530057163e-07,"GFER",3,3.42891700765042
2728.55655015282,1.22941544895867,0.180233476424045,6.82123805938338,9.02592248890136e-12,6.33320919295267e-11,"TUFT1",0,3.42833748463921
251.466814580208,2.37014783415561,0.36982844225368,6.40877651192073,1.46692037632672e-10,8.828957157633e-10,"PSCA",0,3.42727152742138
238.560790881247,3.3861993643771,0.563012581200433,6.01442929953214,1.8052153077037e-09,9.41884456083116e-09,"SERPINB2",0,3.4236605203744
528.564702274367,1.42824470884193,0.211755683804944,6.74477625902847,1.53263014590274e-11,1.04229246055953e-10,"HSD11B1L",0,3.42307653376222
1393.9192154146,1.10408387573884,0.161013258692805,6.85709912775135,7.02728713528818e-12,4.98857009138227e-11,"PRELID1",0,3.42183233913973
300.760037798939,1.23504192503927,0.181372372915204,6.80942695510017,9.79882696105066e-12,6.82592256530486e-11,"FAM89B",0,3.42026417033888
779.85582545825,2.90642583474769,0.469269053670162,6.19351694303402,5.88363607583126e-10,3.2527853843618e-09,"NEFH",0,3.41825112745532
598.532756088945,1.54596462570865,0.230857366509544,6.69662246036554,2.13291718835089e-11,1.42597466911369e-10,"GPR68",0,3.41755584446777
4697.59566499214,1.33098361784386,0.196688076615653,6.76697662992927,1.31501307554479e-11,9.01589843246346e-11,"SINHCAF",0,3.4127923821814
183.26117458958,2.50332762236699,0.39489944948018,6.33915196808252,2.31033271324856e-10,1.3557731390421e-09,"MGAT5B",0,3.41134217912174
1005.06784913767,2.09908766937203,0.323706294469681,6.48454387583319,8.90006224757953e-11,5.50018782853617e-10,"LINGO1",0,3.40761304460857
1029.84045246503,1.36659309027919,0.202673739475924,6.74282269529806,1.55338730715577e-11,1.05585780796948e-10,"GCAT",0,3.40289629633242
6485.40477374749,2.36209345287228,0.370155986711646,6.38134607481676,1.75538105964408e-10,1.04588612758268e-09,"CHI3L2",0,3.40278271506863
1483.91401795371,1.50503847331129,0.224962439406878,6.69017671251869,2.22901265573081e-11,1.48640759521451e-10,"RASSF7",0,3.39987016725215
503.756048000543,1.33160378882583,0.197238878589111,6.75122368546737,1.46603371116864e-11,9.98826470178592e-11,"TBX19",0,3.39963412369048
109.288356701852,1.15063191825191,0.168858114335589,6.81419381460782,9.47938356557526e-12,6.62464052021046e-11,"AP002784.1",0,3.39884088047366
835.261472563993,1.37056915683176,0.267277276646765,5.12789255422976,2.93003575537007e-07,1.14012900485493e-06,"LCK",3,3.3940845487731
2057.79160131841,1.24746016602545,0.184192943495155,6.77257305494041,1.26511884045601e-11,8.69210669851524e-11,"TMUB1",0,3.39250053517029
2646.41506913702,1.10346396638339,0.161822030297059,6.81899716841859,9.16782080134155e-12,6.4206766477316e-11,"RIOK1",0,3.38876495023778
1492.15335785272,1.43432941969745,0.21408646510727,6.69976693285478,2.08752215090751e-11,1.39741756311521e-10,"CEP131",0,3.38670096672492
1433.73440355007,1.10678300187602,0.162413285084026,6.81460880064964,9.4520617058286e-12,6.6073181143962e-11,"SMYD3",0,3.38602733553707
651.329194632613,1.17757586107868,0.173488264695264,6.78763986225302,1.13982742804215e-11,7.87278260910829e-11,"ZNF239",0,3.38443428048918
827.44668076788,1.40959026542291,0.210289195535371,6.70310360850573,2.04038682717511e-11,1.36691758992479e-10,"FAM241B",0,3.38215437997191
3344.06137600244,1.13164956111011,0.166513544224805,6.79614121709106,1.07458450632366e-11,7.44978572509011e-11,"UBALD2",0,3.377851733881
471.27047530628,1.76739709501756,0.269215542174354,6.56498908177051,5.20366749840662e-11,3.31485827666093e-10,"RBBP8NL",0,3.37407963890745
4361.24724494929,1.18827418776742,0.175475036619903,6.77175631734641,1.27228307505785e-11,8.73902580172147e-11,"GNB4",0,3.37404334985288
119.886887706917,3.05784418439114,0.503218024176084,6.07657921116344,1.22773371265388e-09,6.53662881694211e-09,"PCDH8",0,3.37274710805293
1632.02142968107,1.32891602163025,0.197759088720323,6.71987330761648,1.8188263307972e-11,1.22446657967176e-10,"FAM110A",0,3.37229072566446
193.902321171891,3.11544474837046,0.514967333674184,6.04979101517453,1.45033851269974e-09,7.64374727265347e-09,"GJB6",0,3.36964152868488
12741.6471392299,1.24361056857089,0.18436443371605,6.74539304303258,1.52613324349876e-11,1.03841595558032e-10,"SSR4",0,3.36817176479854
138.390797623397,2.51202166011714,0.399965431999343,6.28059691948895,3.37275544448188e-10,1.93310501695931e-09,"AC131206.1",0,3.36772986365062
2787.60372472491,1.08700921738107,0.159977894755263,6.79474635570117,1.08503255523583e-11,7.5182199939746e-11,"ITPA",0,3.36326825632008
362.891002785662,1.3709581592467,0.204885711555521,6.69133122479939,2.21149462367902e-11,1.47623637273857e-10,"PPP1R35",0,3.36054067728459
268.436546522412,2.67204612716746,0.430629235873427,6.20498076900855,5.47035916628631e-10,3.04042329184616e-09,"ACSL6",0,3.35673362288514
15367.1516231785,1.94985086326944,0.301120180858548,6.47532442930282,9.46084385009241e-11,5.82740587524478e-10,"PADI2",0,3.35531267873447
1690.46028685261,2.19390772661346,0.343799053516516,6.38136639462292,1.75514811473958e-10,1.04588612758268e-09,"UGT8",0,3.35232699719099
503.580954958697,1.22785115064426,0.182399194971384,6.73166979074058,1.67726952006738e-11,1.13444173792414e-10,"ATXN7L2",0,3.35192068623703
774.273726309371,1.02508789274909,0.150759177028014,6.79950576115583,1.04978667108447e-11,7.29144395288004e-11,"MARS2",0,3.34868230526883
1960.00303796251,1.67959270544485,0.255836535725799,6.56510103484598,5.19975936090212e-11,3.31317837351834e-10,"CHMP4C",0,3.34780436627037
5113.97787490555,1.12077791485714,0.165732296134167,6.76258002212086,1.35555761515749e-11,9.28167069984508e-11,"AP2S1",0,3.3459455275909
468.828881025431,1.2975927300531,0.193671464649398,6.69996859063427,2.08464342571976e-11,1.3958489642496e-10,"HPSE",0,3.34582629042268
1179.25903177082,1.9958960603323,0.309656358265454,6.44551938643325,1.15205198879844e-10,7.01976138195625e-10,"MOXD1",0,3.34487211318985
162.891453929023,1.5783266583922,0.239383333627054,6.59330219225347,4.30149755994876e-11,2.76788785226325e-10,"C3orf80",0,3.3408534506258
3048.38900541134,1.19011710321435,0.176915989819939,6.72701831205661,1.73174954268744e-11,1.16825867829279e-10,"MRPS34",0,3.33677342621786
1992.43871530503,1.63257982130512,0.248742965182645,6.56332057514216,5.26225458097083e-11,3.34808860537385e-10,"IRF7",0,3.3323348635382
373.460063431469,1.5122046556768,0.228963425615728,6.60456861880964,3.98676519688027e-11,2.57809497363131e-10,"CCDC28B",0,3.33027172305799
3778.14159671999,1.04636391857591,0.154661645538892,6.76550359289164,1.3284629850516e-11,9.10332403557838e-11,"RTL8A",0,3.32614917501776
521.421047076108,1.20718028495412,0.180018691794278,6.70586077991093,2.0022254801173e-11,1.34238712937802e-10,"PILRA",0,3.32379075162147
1717.03275663157,1.35126742945415,0.203132275812717,6.65215522273764,2.88831842918036e-11,1.90125748720819e-10,"PAXX",0,3.32166794763757
140.58928524363,1.91566299362948,0.297215434628829,6.44536847832891,1.15319893354527e-10,7.02510787584119e-10,"CCDC78",0,3.32070299882434
12633.7264216766,1.148432269481,0.170913140600659,6.71939129691804,1.82485259322875e-11,1.22788932750888e-10,"FKBP4",0,3.31778191346193
102.382771548429,2.64252046673968,0.428571750161605,6.16587646232688,7.00937937410831e-10,3.83529580488836e-09,"KIAA0319",0,3.31761648039874
564.949236545552,1.50753769910033,0.228872184608241,6.58681045790152,4.49375354072933e-11,2.88376842802047e-10,"AC106795.1",0,3.31427319489273
5005.84977671032,1.22659021017214,0.183623579847022,6.67991665990839,2.39078169963954e-11,1.58818824068563e-10,"P4HA1",0,3.30770647022772
818.637492295725,1.71390414931045,0.263561792997542,6.50285509829732,7.88097020437110e-11,4.89709774296404e-10,"PTPN7",0,3.30718961308902
154.798254364115,1.28278127656445,0.192686264763531,6.65735711955762,2.78795208262362e-11,1.83890553992282e-10,"CD101",0,3.30546655661943
166.600867513317,2.38674571742646,0.382028601886165,6.24755765835996,4.16920399414007e-10,2.35438995916917e-09,"PCSK1",0,3.30446019614353
189.289123861588,2.07785627020732,0.32659572269818,6.36216620671285,1.98928008258768e-10,1.1769079417343e-09,"ECEL1",0,3.3021341330232
6406.37169771132,1.45560565861177,0.221059646833255,6.58467377227706,4.55885252732005e-11,2.92051139910671e-10,"ITPR3",0,3.29704402587877
2634.02007898412,1.4350393580238,0.217684711924825,6.59228360749272,4.33112205545851e-11,2.78557509547587e-10,"LMO7",0,3.29703734611711
2174.6422547924,1.12523094219054,0.16792817678096,6.70066789123932,2.07469077698041e-11,1.38954173904287e-10,"ORAI1",0,3.29470780366418
1525.09460402052,1.45950642587064,0.221858804297173,6.57853732915497,4.75098604424317e-11,3.03687967668677e-10,"ISG20",0,3.29312365219949
4430.55746619907,1.08778669864529,0.162109415733254,6.71020059954571,1.94357040412534e-11,1.30406820397259e-10,"NUP155",0,3.29174591779575
179.89296195802,2.11763146490048,0.334318448157759,6.33417472643092,2.38614987348022e-10,1.39774761240469e-09,"MESP2",0,3.29166081174583
3532.80193010078,1.0529257595743,0.156649277054377,6.72154879596921,1.79803001195333e-11,1.21109168789631e-10,"TEAD2",0,3.29092462084017
1211.65515878304,1.88471977230526,0.293578738161497,6.41981018144603,1.36444371357253e-10,8.24454202171884e-10,"HOXC10",0,3.29056597091869
447.385272632567,1.87386892602822,0.291726367811847,6.42337866159837,1.33282392179732e-10,8.06282691331883e-10,"PAQR6",0,3.29021447677046
1090.97616580435,1.51193308359259,0.230731029654594,6.55279476651218,5.64701028020077e-11,3.57717173691357e-10,"RUNX2",0,3.28751798785247
1051.19837793839,1.60705103620663,0.24658404831244,6.51725465294648,7.16058059753627e-11,4.47178113202373e-10,"PVT1",0,3.28697114910781
4339.12856858834,1.01189491479033,0.150421281380971,6.72707282839531,1.73110109970787e-11,1.16825867829279e-10,"HS6ST1",0,3.28330676969066
582.708187496189,1.85137324750322,0.392399018713013,4.71808837232912,2.38071082192187e-06,8.12171037757329e-06,"MAPK4",3,3.28251772474014
4372.85221696501,1.17501403792235,0.17620788301572,6.66833979168525,2.58713253236927e-11,1.71164425688502e-10,"TRAF4",0,3.28248015920763
177.624482186233,1.3566921007543,0.205588805250559,6.59905630124582,4.13783165354166e-11,2.67048422166057e-10,"MIR1244-2",0,3.27903062533059
2931.819661141,1.17026677961015,0.175636996786949,6.66298559539655,2.68319969729542e-11,1.7716050281003e-10,"HTATIP2",0,3.27656996261941
870.176048902335,1.64737926081387,0.253901120498719,6.48827093625285,8.68270381449689e-11,5.37350523106577e-10,"SMPDL3B",0,3.2751364754455
2277.17872090629,1.1203695401072,0.167860999555626,6.67438858980422,2.48264993686913e-11,1.64544205197985e-10,"LRRCC1",0,3.27122608436547
226.400356159184,1.80340678239768,0.280925435504441,6.41952117706754,1.36703639479181e-10,8.25829378981185e-10,"OSM",0,3.26595493605145
855.062212848948,1.59053922065224,0.244818344747653,6.49681388170357,8.20388503619768e-11,5.08925919177927e-10,"ADAMTS7",0,3.26516539528662
1262.19341974115,1.70109279480834,0.263534675337318,6.45491069678396,1.08282736874648e-10,6.61962031452027e-10,"APOC1",0,3.26407791442196
103.50173989069,3.33129005539024,0.572537337096828,5.81846779160684,5.93895002351524e-09,2.90833383924426e-08,"MMP20",0,3.26029373967967
121.035933534669,1.42812067273915,0.218095344177726,6.54814837117923,5.82548290075141e-11,3.6812815217912e-10,"MIR1244-4",0,3.25863649255471
1849.63079690486,1.13438326517788,0.170473095275281,6.65432432810626,2.84604459964173e-11,1.87437707374586e-10,"ZDHHC12",0,3.25845789047569
4558.90141700941,1.14454120716696,0.172104287311298,6.65027713747041,2.92541651861833e-11,1.92470551213589e-10,"TARBP1",0,3.25805307512474
10576.3421024173,2.7743151478719,0.45961421291579,6.03618223699319,1.57803035773576e-09,8.2798947936993e-09,"IGHGP",0,3.2568870987901
1424.58088031989,1.09803968205151,0.164765869397658,6.66424233408089,2.66034190655383e-11,1.75740325590823e-10,"C19orf47",0,3.25595047661287
1048.4869529558,1.08564294557455,0.162810524256166,6.66813739796328,2.59070194625905e-11,1.71357086102854e-10,"CLCN5",0,3.25552226313761
352.188141737083,2.01701930143675,0.440179697675474,4.58226336218672,4.59970085937688e-06,1.50194666543125e-05,"LY6K",3,3.25210943712595
2687.96172407138,1.3564909785148,0.206655885434679,6.56400845135169,5.23802308693557e-11,3.33429909174968e-10,"SMO",0,3.25004592731802
718.400664184052,1.12293493828763,0.168923772592472,6.6475838246681,2.97943311931995e-11,1.95826735051218e-10,"SNHG12",0,3.24931888654452
4731.87038500466,1.49776642206566,0.230208182124051,6.50613895755698,7.71069060772921e-11,4.80159035049396e-10,"FCGR3A",0,3.2449143950289
204.610780323881,1.19728970717066,0.181086754900946,6.61169121852989,3.79953906715577e-11,2.4637458921281e-10,"RPL17",0,3.24170813819814
719.477654812751,1.94140625847089,0.306509903863722,6.33391036961095,2.39024401352312e-10,1.39983128960924e-09,"PHLDA2",0,3.23859916849641
730.344192811987,2.08842865736685,0.332705252149915,6.2771135828833,3.44916119788461e-10,1.97431014376163e-09,"KCNQ3",0,3.23790398414702
1784.94340823114,1.77154485160425,0.277247071312186,6.38976939673226,1.66136104863837e-10,9.92135130695449e-10,"LRATD1",0,3.23249220710561
136.975885141356,3.05320929899117,0.518475525151084,5.88882049562794,3.88961637932918e-09,1.95094535616651e-08,"KRT6C",0,3.22888925806111
5708.02477960927,1.53664947711286,0.237694852926859,6.46479912455533,1.01433461599946e-10,6.22133186711951e-10,"CYBA",0,3.22282983251978
3674.87515196042,1.04864987084407,0.157920294305244,6.64037434490294,3.12887474547689e-11,2.05338313168042e-10,"TAF2",0,3.22085396424762
465.034063345832,1.59715209997088,0.337560680477654,4.73145183174437,2.22919717808588e-06,7.63279690544657e-06,"MATK",3,3.2143405179616
359.599505147622,1.73764494259141,0.272379275866088,6.37950496441477,1.77661326498935e-10,1.05781128319957e-09,"TREM1",0,3.21397102423766
731.014144705825,1.19637251486526,0.181870234419747,6.57816557328504,4.76287694068037e-11,3.04373408219454e-10,"ZDHHC23",0,3.21388974225868
1214.51076486997,1.01217486657281,0.152433145134928,6.6401232204247,3.13421026522412e-11,2.05610793494511e-10,"MOSPD3",0,3.20973868723664
3086.4538110409,1.06927965266877,0.161569198956045,6.6180909454139,3.63867158460244e-11,2.36649830827923e-10,"BRMS1",0,3.20855203629764
1170.46909881248,1.88965760785201,0.299224931632407,6.31517433237623,2.69857096713768e-10,1.57008920606941e-09,"VASH2",0,3.20811998396982
25758.4816367038,1.2742130158112,0.194783230589381,6.54169772190163,6.0824348630186e-11,3.83621653942187e-10,"CTSD",0,3.20709297071865
445.181272920669,2.21220219926847,0.391263612903241,5.65399420317561,1.5676149974731e-08,7.24907222620741e-08,"FOXC2",1,3.20557593171911
526.388730438432,1.14214740159486,0.173417015202689,6.58613227923414,4.51431664537686e-11,2.8941144120767e-10,"PANK1",0,3.20418951169531
6032.36568487813,1.38638743350579,0.213445274729854,6.4952828553383,8.28775477179717e-11,5.1388416659476e-10,"PLPP2",0,3.202656659029
743.876531827515,1.22597094932904,0.187066053833764,6.55367943142961,5.61364080818939e-11,3.55776258077007e-10,"ARHGAP33",0,3.20243819588191
2592.06403421006,1.23319417811855,0.188252370508219,6.55074979820613,5.72489067476619e-11,3.62122604268697e-10,"THOP1",0,3.202301562931
180.891171855735,2.75426708634188,0.461421481525662,5.96909159329787,2.38578158707148e-09,1.22590515730716e-08,"HOXA11",0,3.19974306427316
423.595347965289,1.71643374893747,0.269530196571256,6.36824285654279,1.91206000165819e-10,1.13353805010744e-09,"DUXAP8",0,3.19859929380715
410.615550717989,1.56367553749452,0.24345061294041,6.42296816840329,1.33642446805783e-10,8.08273239184768e-10,"ULBP3",0,3.19683520120527
2240.1856828643,1.16223423921082,0.177016986999369,6.56566501843669,5.18011504631097e-11,3.30146843306083e-10,"MRPL55",0,3.19305812702457
1599.46988358654,1.59878234233351,0.249744891583687,6.40166184058973,1.53694778271228e-10,9.22062551253419e-10,"RHPN1",0,3.19020658753058
12605.7023213825,1.4348165118377,0.222120895912631,6.45961968567816,1.04966441122197e-10,6.427437680837e-10,"SULF1",0,3.18803359120071
3274.74611726119,1.04638100926502,0.158657400586503,6.59522345252663,4.24615836194778e-11,2.73497924440061e-10,"CYHR1",0,3.18282809232563
4846.39182008562,3.20741168739232,0.55661709033805,5.76233059147423,8.29602975586846e-09,3.96720982656803e-08,"FABP7",0,3.18267795491507
1891.87970715283,1.029865055132,0.156025620920222,6.60061500834266,4.0945559942053e-11,2.64517450064311e-10,"MRPL4",0,3.18222321829743
373.104459943067,1.0964199384073,0.222822072730311,4.92060739303117,8.62760436574918e-07,3.14363660891786e-06,"CABYR",3,3.17969628022257
175.360486572497,2.21481745026392,0.359929442974061,6.1534767257802,7.58025055484851e-10,4.13031754208269e-09,"PPIAP29",0,3.17965020252611
2762.67397889956,1.50311799588667,0.234185582640513,6.41849074968051,1.37631968685482e-10,8.30859779463747e-10,"GCNT2",0,3.17507707796417
5216.81784302012,1.00828263590736,0.152954131349476,6.59205885458299,4.33768559702889e-11,2.78910829940188e-10,"HSD17B10",0,3.16884517737592
1512.10946014023,1.01348070959937,0.153801609008812,6.58953255515878,4.41213483308075e-11,2.8341823236549e-10,"RRP9",0,3.16831587735511
3909.75258517715,1.08213390490318,0.164860034477613,6.56395534752919,5.23988985592016e-11,3.3346730682195e-10,"ATP6V1F",0,3.16772419285528
524.093133279082,1.25488708100316,0.193516265415432,6.48465945903424,8.89324230776081e-11,5.49727643434672e-10,"FZD2",0,3.154421851407
1821.59595087836,1.04764759974166,0.159877043685617,6.55283319975419,5.64555655900998e-11,3.57712014641986e-10,"BRI3BP",0,3.1482342217483
1844.61377162045,1.07564565180286,0.164590922550458,6.53526716501088,6.34960920685912e-11,3.99409418907328e-10,"ASPSCR1",0,3.14226820487326
2136.25065466499,1.07142516857393,0.163950533028714,6.5350514498558,6.35876781938590e-11,3.998890247236e-10,"POLR2J",0,3.14084570515162
646.954557950998,1.0673671108522,0.163291374936537,6.53657984855002,6.29415413552676e-11,3.96345392072265e-10,"RTN4IP1",0,3.14078798922565
3212.95161888799,1.34256463636121,0.208649512025807,6.43454481789134,1.23843893586539e-10,7.50927837664644e-10,"KDELR3",0,3.14008992959799
2592.87461804987,1.05161571534943,0.160968374625794,6.53305792391912,6.44402063531996e-11,4.05054945504908e-10,"KDM1B",0,3.13323053289151
5261.70889451316,1.41333146012406,0.221014321333891,6.39475058265074,1.60809629137516e-10,9.6253148168258e-10,"TSPYL5",0,3.12897495515009
1358.93816218052,1.68596224632693,0.26798780591616,6.29119015532515,3.15041126725407e-10,1.81284261597157e-09,"EPHB2",0,3.12828064331179
236.57317089928,1.11407492562371,0.171424660086701,6.49891867984598,8.08993743019247e-11,5.02455084567136e-10,"PPAN",0,3.12389330406621
2052.23106706415,1.62324331877486,0.257344378339777,6.30766962638544,2.83268055629333e-10,1.64197207162326e-09,"CYB5R2",0,3.12236326585889
790.535536230212,2.6700088196906,0.453022940296805,5.89376073966872,3.77503664827905e-09,1.89693870522616e-08,"PPP2R2C",0,3.11758665651071
307.026854589482,1.50963819194942,0.238009180300152,6.34277295541973,2.2566588985788e-10,1.3266650317829e-09,"KLHL35",0,3.11606307293623
159.491909019277,1.60548535317606,0.254586567490037,6.30624533338307,2.85885758031738e-10,1.65567297369769e-09,"CHCHD2P9",0,3.11595323805584
670.525603815838,1.21132534164353,0.254485680395157,4.75989588004569,1.93692854799244e-06,6.68917812142541e-06,"MAPK12",3,3.11578577430427
8177.16486029453,1.99533986291102,0.324205077599739,6.15456080356167,7.52858364373702e-10,4.10388100880997e-09,"RDH10",0,3.1146435308713
1037.96627480426,1.00577298368555,0.154181858088094,6.52329006899691,6.87816587475789e-11,4.31304185367606e-10,"CCDC58",0,3.11129679334013
1155.89589220932,1.30032400024067,0.202733271036153,6.41396448444214,1.41783251939733e-10,8.5493037897595e-10,"PRICKLE1",0,3.11051797521784
300.311524049824,1.70982675541477,0.273442927154714,6.25295659758407,4.02754096264602e-10,2.28230239724552e-09,"FAM81A",0,3.10543607069692
1287.32162424901,1.12818263311757,0.174366619627564,6.47017551597491,9.78891464709268e-11,6.02378749069322e-10,"GAL3ST4",0,3.10449389725473
334.951610461039,1.32402517310644,0.207051579407799,6.39466347899095,1.60901321069546e-10,9.62859214031189e-10,"AKR1E2",0,3.10213871471644
9675.45677409351,1.45428187041345,0.229276550159558,6.34291587779641,2.25456554293949e-10,1.32573336358682e-09,"LMO4",0,3.09954770534392
1398.37064041713,1.00782664223038,0.154975758231746,6.50312444816888,7.86686614445855e-11,4.8906653896399e-10,"MRPL36",0,3.09553760760748
272.883637270797,1.82560693618021,0.294767998597473,6.19336883537755,5.88916988467936e-10,3.25515248905719e-09,"CD300E",0,3.09391067942474
133.477912512086,2.97700803204099,0.57750229983592,5.15497173411571,2.53669190361418e-07,9.94943542755203e-07,"FOXJ1",1,3.09376287828271
123.86527778607,1.8155496057569,0.293058972136119,6.19516813467024,5.82228447223751e-10,3.22304388511684e-09,"AC124798.1",0,3.09218501604908
3820.1561398406,1.56252322222645,0.248355837234904,6.29146968971203,3.14474226211441e-10,1.80998005181136e-09,"RCN3",0,3.0914548301358
8591.24719651963,1.0789278501242,0.166879434687419,6.4653134290941,1.01089058015411e-10,6.20458788624373e-10,"DBN1",0,3.0858644728569
613.834553947837,1.01968047294609,0.157317928353649,6.48165459345394,9.07221449736597e-11,5.6052480517383e-10,"ANKRD16",0,3.08132569096416
5210.81895207188,1.08692802706302,0.16836596524426,6.45574671511634,1.07686587145251e-10,6.58472030756572e-10,"MRPS21",0,3.08051720833688
9226.75897655508,1.31571193290572,0.206606368783984,6.36820607539625,1.91251847564136e-10,1.13355204876179e-09,"VEGFA",0,3.07838114000863
3087.28796539818,1.2919267247821,0.202712163806815,6.37320770752222,1.85114903664243e-10,1.10018016274871e-09,"TAP2",0,3.07513887444695
566.125995294489,2.16157363744291,0.358022634322204,6.03753346917612,1.56487712300111e-09,8.21584128202816e-09,"MSI1",0,3.07407647901102
2325.99916336873,1.04028708571311,0.16100726930145,6.46111874467857,1.03931721308643e-10,6.36856647708605e-10,"BTG3",0,3.07087361977256
103.791591226531,2.60223518637512,0.445154397898648,5.84569128971651,5.04468846816473e-09,2.49147204053903e-08,"MMP10",0,3.06173375055647
137.848167442144,2.07239081107212,0.342195164673381,6.05616626129178,1.39403919948177e-09,7.36490065117375e-09,"AC010643.1",0,3.06156717548079
24636.245345842,1.27015266326864,0.217380166324653,5.84300161667781,5.12685198631409e-09,2.52965456610353e-08,"STAT1",1,3.06012743277933
186.905750957119,2.34716669569008,0.394868047372678,5.94417986288673,2.77844395121093e-09,1.41608277316935e-08,"CCNA1",0,3.05882341683648
101.04740158671,1.95412788888027,0.320569518192773,6.09580068590665,1.08891021329879e-09,5.81890580772027e-09,"AC100858.2",0,3.0567859685034
1279.17182677696,1.63465801205796,0.262890765012824,6.21801230628326,5.03492081123688e-10,2.81200476418896e-09,"DAPP1",0,3.05569258797416
658.232988737555,1.93898032520467,0.317885453373092,6.09961954732464,1.06321218016247e-09,5.68741060954139e-09,"LIPG",0,3.05521972242034
120.24716270841,1.96988502543287,0.463568477210205,4.24939382696556,2.14349776313192e-05,6.27804002152358e-05,"BLK",3,3.05161828365018
115.619760107379,2.31599754441972,0.389625433603548,5.94416417583327,2.77871001064995e-09,1.41608277316935e-08,"NIBAN3",0,3.04947267145537
195.671658800934,2.06107767819096,0.341268217904306,6.03946564625276,1.54625428023891e-09,8.12461405422044e-09,"PDCD1",0,3.04538248153814
847.10510373107,2.22648596815237,0.372773106645479,5.97276447377908,2.33266552353989e-09,1.20074234206387e-08,"CXCL8",0,3.04411084278558
316.916863445817,2.34519976436182,0.395831321297265,5.92474530988567,3.12781774511001e-09,1.58285430327669e-08,"MAP7D2",0,3.04372764692723
956.699779503378,1.05093416081286,0.163628766826788,6.42267359947374,1.33901406805398e-10,8.09463815212505e-10,"NDUFA9",0,3.04282101635834
295.851438957355,1.63381906003184,0.263462361962607,6.20133763267381,5.59852605201396e-10,3.10635969769791e-09,"NREP",0,3.04247019511459
2168.08142998707,1.17357798200189,0.222047225191977,5.28526299298377,1.25524291950997e-07,5.13583694598435e-07,"ABCD1",2,3.03889002644818
4023.64441304,1.00288944156624,0.155965873239885,6.43018514712981,1.27448610949145e-10,7.71528783467569e-10,"SHARPIN",0,3.03466119258488
120.734735785144,1.24384617756599,0.196215381304551,6.3391879336686,2.30979351447483e-10,1.35576193519062e-09,"MBLAC1",0,3.03349882236401
234.855560481587,1.33235191981333,0.211353281025858,6.30390932824137,2.90230322377834e-10,1.67822400475222e-09,"AC092803.1",0,3.03225059730342
6531.49090505953,1.65378132722464,0.267627592591371,6.17941263533961,6.43405268660581e-10,3.53757543517726e-09,"RAB25",0,3.0315226853124
714.065792292415,1.68383761342081,0.273051256886231,6.16674551372746,6.97098111451465e-10,3.8166890298688e-09,"IL2RG",0,3.03064525103604
225.540328069437,1.07674697941803,0.168483667009897,6.39080926078593,1.6501010949873e-10,9.85862600115378e-10,"PSMC3IP",0,3.02487917639267
4580.01021192157,1.20422864465878,0.189943980775099,6.33991474615155,2.29892339082033e-10,1.34998954783766e-09,"DRAP1",0,3.02216947159002
3391.66024188223,1.5513615239284,0.249952543667373,6.20662427021704,5.41348164581155e-10,3.01073663455024e-09,"ADAMTS4",0,3.02180662705382
1962.00923260971,3.1416722495843,0.564519270750961,5.56521701270719,2.61826362645716e-08,1.17713483875231e-07,"CXCL17",0,3.02125381086372
1614.27251502262,1.37649783268622,0.219493389037191,6.27124962042926,3.58161881469681e-10,2.04651595008114e-09,"MOCOS",0,3.01964480966972
1690.08929101643,1.17498807673475,0.185185347194854,6.34493006349151,2.22526512222581e-10,1.30968584197472e-09,"ZNF787",0,3.0173462832075
209.16725151776,2.29866982262131,0.389316129853281,5.90437859198795,3.53978434905722e-09,1.7833699000169e-08,"FCRL3",0,3.01422851710219
678.789209734447,1.19566589317696,0.189027985117685,6.32533797803835,2.52678909823646e-10,1.47416766839144e-09,"DOK3",0,3.00813570336104
148.414810071841,1.25528537161437,0.199178038563826,6.30232821181299,2.93207443007348e-10,1.69393581934232e-09,"EMC3-AS1",0,3.00791652602006
764.514833696029,1.52753766676293,0.24663425105212,6.19353419181072,5.88299193246117e-10,3.2527853843618e-09,"CIART",0,3.00458467705989
3370.25214812915,1.18295108655764,0.187011636165782,6.32554802904872,2.52335401834917e-10,1.47249315415957e-09,"THEM6",0,3.0044693406581
6493.75145385593,1.05197288028668,0.165050212973752,6.37365357689046,1.84577262288656e-10,1.09723500480693e-09,"PSMB3",0,3.00350196778431
338.832897569044,1.9016480938782,0.314720583139529,6.0423378569908,1.5189696998122e-09,7.99091486680216e-09,"CXCR3",0,2.99971547701537
238.681407072489,1.1846198834638,0.187500801793442,6.31794569480732,2.65063117588498e-10,1.5443451690164e-09,"STAC3",0,2.99876265287544
369.960331329802,2.75259038785755,0.483372229848242,5.69455632302614,1.23693149453628e-08,5.78766707378878e-08,"KLK14",0,2.99702605403444
2752.27822871352,1.20744822581385,0.191680204233777,6.29928495037089,2.99021841938251e-10,1.72523292470217e-09,"SEMA4A",0,2.99118014642852
4222.75956095058,1.59872645632785,0.260119567313162,6.14612146576086,7.94004893554216e-10,4.31374021681487e-09,"TUBA4A",0,2.98916174069072
425.880276484784,1.39855337165232,0.224725392677181,6.22338826507847,4.86531349029382e-10,2.72271633214876e-09,"VIM-AS1",0,2.98906529255678
1539.06200739615,1.07911217676057,0.233953892448662,4.61249934962021,3.9785579017916e-06,1.31161083629697e-05,"HCK",3,2.98839215420524
646.365590632053,1.32478364898965,0.21202695633647,6.24818500383189,4.15249655265847e-10,2.3459715569603e-09,"ZNF738",0,2.98633827199604
797.331423103354,1.31964381483671,0.211156464038719,6.24960178625995,4.11500495546307e-10,2.3268076827344e-09,"LEF1",0,2.98586499772182
464.906661271973,1.67687732378397,0.274455235655415,6.10983907732527,9.97316498624405e-10,5.3602163236376e-09,"HK3",0,2.98430850204081
2823.91912960793,1.12491179404216,0.177984196519656,6.32029031812343,2.61072356475008e-10,1.522114318102e-09,"RRP7A",0,2.98273935683384
164.843876239758,1.12841455577876,0.178683790610156,6.31514784819338,2.69903315778457e-10,1.57008920606941e-09,"FADD",0,2.97974706834784
146.906148010043,3.01186409987477,0.541604830108514,5.56099933464648,2.6823422015932e-08,1.20386732384521e-07,"LINC00707",0,2.9793856419499
16084.1562126646,1.07165816884486,0.169141461460326,6.33586915705011,2.36007011375518e-10,1.38340336530821e-09,"ADAM15",0,2.97921280230697
2647.29596333131,1.11729213719927,0.176855918936915,6.31752753266805,2.65781100707656e-10,1.54818233567519e-09,"B3GAT3",0,2.97824100876845
1597.10221849669,1.02822501328972,0.161932742038101,6.34970420650194,2.15729325066558e-10,1.27169070929669e-09,"XXYLT1",0,2.97715305445616
256.018040168333,1.75728387746267,0.289567281475504,6.06865481662274,1.28986039556068e-09,6.84363747833917e-09,"FAM71E1",0,2.97659906443893
5514.99672163899,1.10730928836144,0.175278055182096,6.3174439447714,2.6592484848231e-10,1.54867359816541e-09,"SRM",0,2.97520481814378
1285.22169007411,1.42301682502816,0.229672565895592,6.19585025089612,5.79712239456916e-10,3.21108349892126e-09,"CNKSR3",0,2.9749095678613
156.09438817475,2.44720614095682,0.42289262723302,5.78682621394667,7.17287181905457e-09,3.46892856599806e-08,"AC022509.1",0,2.97210323527294
1251.98360832286,1.6362958105525,0.267922126937354,6.10735600398956,1.01295129391849e-09,5.43752087697144e-09,"TTC22",0,2.97026846194323
5674.84094010215,1.19786681052748,0.190994962928964,6.27171938022784,3.57082722359633e-10,2.04124458854135e-09,"CLSTN3",0,2.96639152923638
5012.81596977998,1.14189599972035,0.251428676668116,4.54162991609603,5.58209696393926e-06,1.79906678485416e-05,"CDK6",3,2.9660546142662
594.674728028586,1.57091942404866,0.256496443310115,6.12452712316697,9.09533200510702e-10,4.91068805669272e-09,"EVA1A",0,2.96393312306307
378.329143383445,3.09312517610971,0.562071282347612,5.50308345801017,3.73205639800981e-08,1.64053143552988e-07,"TDRD12",0,2.9634421858336
5077.77237273976,1.48037103610972,0.24037818290119,6.15850830654727,7.34333334120709e-10,4.00792860563746e-09,"HLA-F",0,2.96323531781751
2715.63997665987,1.12323521697036,0.178406240559787,6.29594129356672,3.05540001341719e-10,1.7612806755804e-09,"UNC93B1",0,2.96322199405175
8047.71986384619,1.01347171857914,0.159956544490521,6.33591905731121,2.35930631163706e-10,1.38326670322634e-09,"CYB561",0,2.96176973864017
300.11182138581,2.02890260879135,0.341470569351453,5.94166171522424,2.82147205056998e-09,1.43647093637124e-08,"CLIC3",0,2.96148172959219
316.64125546859,2.04684140469564,0.344952389198499,5.9336925001491,2.96196347003496e-09,1.5033002681737e-08,"KCNQ5",0,2.96093870092791
107.465574199386,2.66358256881872,0.468834842509954,5.68128118328187,1.33689476455379e-08,6.23525421857642e-08,"ZPLD1",0,2.96061852118541
5995.81454013421,1.3263774487531,0.214110370531451,6.19483047673428,5.83477948563222e-10,3.22851192638453e-09,"IGSF3",0,2.94521251610679
340.154298163091,1.93434853634752,0.32467655762864,5.95777086733808,2.55701681625939e-09,1.30924685424148e-08,"ZBP1",0,2.94519809917872
7119.29047026664,1.0448579840324,0.165836120562187,6.30054526414584,2.96600377291033e-10,1.71205708856904e-09,"CPNE1",0,2.94340192256816
311.832944242566,1.53741830941272,0.251642423943486,6.10953544843453,9.99215610458794e-10,5.3693162889774e-09,"SPAG4",0,2.94224979654572
418.84913967345,1.38843721089072,0.225286154803573,6.16299395806768,7.13822321137381e-10,3.90284179454445e-09,"H3P6",0,2.93911687913948
1005.01752020404,1.40865893252176,0.228945781006982,6.15280581422376,7.61239914395627e-10,4.14523518875095e-09,"ANKRD13B",0,2.93733292689408
468.852477106547,1.36264494014804,0.270281458124091,5.04157758214558,4.61709595900982e-07,1.74983774881519e-06,"SLC13A3",2,2.93589414767755
3365.27152523494,1.50920541872009,0.246962014561969,6.11108320199336,9.89571545952844e-10,5.32298008426595e-09,"DDIT4",0,2.93491517323233
870.027415325607,2.09829338299638,0.357018298070481,5.87727126126779,4.17084445949501e-09,2.08318456650041e-08,"LTB",0,2.93386969008429
2049.65753061746,1.24182170737552,0.199917046357554,6.2116849463377,5.24194459710007e-10,2.92156873663903e-09,"IQCG",0,2.93286167964908
2192.31650644503,1.02088347846695,0.162396312983925,6.28637103705677,3.24972731484049e-10,1.86669550277538e-09,"MFHAS1",0,2.92494299918635
125.104072795216,2.44919857849211,0.428140619811225,5.72054709401786,1.06181591212492e-08,5.01692140318296e-08,"CHST4",0,2.92462838436536
2857.5715398696,1.07151256295664,0.170997836205752,6.26623463040405,3.69882881780513e-10,2.10794426746232e-09,"MRPS26",0,2.92429603160988
420.882904350521,1.2749267648676,0.206105968853298,6.18578283763856,6.17950292150384e-10,3.40768146085976e-09,"ZP3",0,2.92274033199953
114.360475348329,1.44750002433532,0.236750706398268,6.11402621076154,9.71483386746898e-10,5.23107982696373e-09,"AL121832.2",0,2.91867260305998
3728.93547522751,1.05552458256621,0.168591424324557,6.26084385249756,3.82899782402831e-10,2.17736662912186e-09,"MICAL2",0,2.91527790601181
161.391167372051,2.65195772952205,0.471871464585865,5.62008497769519,1.90863556705571e-08,8.71473170895798e-08,"OPRK1",0,2.91351111240775
2910.71673163561,1.06297010649272,0.170127730622512,6.24807080305615,4.15553307003867e-10,2.34717834315705e-09,"NMRAL1",0,2.90772720513133
367.497720332218,2.28269957007402,0.396067549231253,5.7634097378203,8.24313468859578e-09,3.94408575491237e-08,"COCH",0,2.90602596629558
160.404700706722,3.18656937701185,0.592895495006465,5.3745886144355,7.67577271721475e-08,3.2256064391365e-07,"ZIC2",0,2.90338739988557
664.750509543807,3.15061847711623,0.584497103020385,5.3903064032917,7.03376532376601e-08,2.9735510978691e-07,"RHEX",0,2.90320292137405
1582.87860355385,1.08313097905618,0.173797962743,6.23212701668916,4.60144138699182e-10,2.5839244427987e-09,"GMNN",0,2.90125535065934
645.793266459121,1.236427167134,0.200711193164676,6.16023026737506,7.26392425544509e-10,3.96707968922454e-09,"ZNF286A",0,2.89138687278775
181.40888415339,1.8396875207075,0.310697294690836,5.92115719107919,3.19684110972583e-09,1.61464943242052e-08,"TMEM52",0,2.8894827829351
113.349836441858,1.28093306931834,0.208743260343944,6.13640443867631,8.44101001321024e-10,4.573515028359e-09,"C1orf53",0,2.886204887647
10570.6797287525,1.38410256175439,0.227042143782391,6.09623631408704,1.08594844112263e-09,5.80426861077374e-09,"FXYD5",0,2.88610651775442
1332.20743424695,1.02894436977623,0.165078904829791,6.23304577188195,4.57452436832399e-10,2.56991652390305e-09,"YOD1",0,2.88570760589423
1995.67945250446,2.80735070041572,0.509914948321185,5.50552736227577,3.68064784664676e-08,1.61902543736992e-07,"KLK6",0,2.87942910845313
451.230261283397,1.14848616763247,0.185940564398934,6.17663053430557,6.54840711229022e-10,3.59817302268274e-09,"FLVCR2",0,2.87772123735706
1708.43447477053,1.4994131519497,0.2482620358695,6.03963931375263,1.54459104487265e-09,8.11751104167248e-09,"LILRB4",0,2.87699707917342
13114.3147988155,1.50405806401843,0.249239691220835,6.0345848474262,1.5937187607232e-09,8.35716494382854e-09,"PHGDH",0,2.87459972705289
253.193907584802,1.78825807163819,0.302245861729835,5.91656759633863,3.28729408131825e-09,1.65904927043026e-08,"EPHX4",0,2.87051963632461
870.60959118661,1.04791920857079,0.169100653672803,6.19701453430471,5.75441891996984e-10,3.19014117368894e-09,"SMAGP",0,2.86323279186122
10157.633281346,1.97957917862409,0.339585214457814,5.82940332600967,5.56259107876275e-09,2.73224159883378e-08,"LYZ",0,2.86291802381045
651.815180118084,1.40421697887193,0.231788543089619,6.05818113421163,1.37669323221324e-09,7.28063755003097e-09,"CRB3",0,2.86261427029334
422.551975006415,1.1521631145209,0.187307040570581,6.15120024859259,7.68987520496961e-10,4.18567502543209e-09,"NHLRC1",0,2.85911928231125
179.429930546897,1.17433623046324,0.191205373351461,6.14175328799284,8.16155533558226e-10,4.42578038137347e-09,"ASPHD2",0,2.85850391134457
5933.94258303336,1.06576295135406,0.172464481585335,6.17960835504978,6.42608166263179e-10,3.5339382004182e-09,"FBLIM1",0,2.85525120024651
407.085813448554,1.34410842142777,0.221375960763112,6.07160965804261,1.26634442426055e-09,6.72845497496937e-09,"C19orf57",0,2.85485792125675
3610.75553225844,1.22337678154351,0.200102828486413,6.11374057426966,9.73224725568946e-10,5.23937400276863e-09,"NXN",0,2.85122921421052
615.113602803567,1.37100644686608,0.226392274703338,6.05588882687201,1.39644424563163e-09,7.37611188467674e-09,"TEDC1",0,2.85095368535023
310.560219720045,2.51439354527313,0.450184972590686,5.58524539547269,2.33370450007224e-08,1.05520685521914e-07,"PAX5",0,2.8473167823911
4701.35034293402,1.04806796827421,0.207567917980809,5.04927726052109,4.4348468765611e-07,1.68419512720452e-06,"SLC6A8",2,2.84650266853289
220.477571924995,1.76430461154219,0.299536825218344,5.89010920529095,3.85940495446928e-09,1.93728305311286e-08,"SYNDIG1",0,2.84313345964897
20683.0947626707,2.23738101694418,0.392845701200155,5.69531755116301,1.23142507493909e-08,5.7629367016943e-08,"CHI3L1",0,2.84302115024767
173.460675094234,1.62850110285909,0.274020991342114,5.94297938593294,2.79887643769629e-09,1.4258024643625e-08,"FAM90A1",0,2.84233252255356
608.442073030232,2.37621909125008,0.422014522824402,5.63065715214452,1.79524277903359e-08,8.23448768626932e-08,"FREM2",0,2.83817475204087
306.819660062752,2.20056110984683,0.386318436545942,5.69623632131554,1.22481077640966e-08,5.73301176309402e-08,"CD207",0,2.83265348309346
318.831364451538,1.60776074583376,0.27092926099774,5.93424549239504,2.95199856327868e-09,1.49882638389142e-08,"LINC01315",0,2.82960282493329
11405.3263484266,1.02674569045058,0.166748173582201,6.15746288785847,7.39195579396894e-10,4.03277755716593e-09,"GUK1",0,2.82634242687256
935.655571963636,1.05000568570473,0.170815717119508,6.14700862081742,7.89578393249449e-10,4.29148039550321e-09,"SIRT6",0,2.82521956583973
8417.64286525874,1.02664308621369,0.16680646188424,6.15469613477063,7.52215795575957e-10,4.10123596387335e-09,"SH3BGRL3",0,2.82411849874575
101.689587453216,2.08921837712332,0.364591910186406,5.73029274307035,1.00257458047317e-08,4.75338515627395e-08,"XKR9",0,2.82366461144477
1212.29313659034,1.09497920405882,0.17875352360901,6.12563703333697,9.03214963532313e-10,4.8806186679927e-09,"OXLD1",0,2.82195129819888
272.124948734556,1.07773373600741,0.175855417951163,6.12852164899865,8.86993614786878e-10,4.79793786193184e-09,"HCN3",0,2.81900373506542
673.84933011727,1.37271454930843,0.228291992378352,6.01297721837481,1.82146642947802e-09,9.49603308344069e-09,"ZNF428",0,2.81855169909332
3593.86562814156,1.27723416226904,0.211184369543915,6.04795783431997,1.46693334258648e-09,7.72808234462442e-09,"SNHG6",0,2.81674872639662
1002.25696083136,2.08709493065188,0.365629904635863,5.70821725517899,1.14165636615367e-08,5.36401523008791e-08,"RFLNA",0,2.80728147851252
289.649797472181,2.28871084834438,0.407079545470805,5.62226934221759,1.88465115570076e-08,8.60974442265189e-08,"CKMT1A",0,2.80611617657521
307.718286013565,1.89080500892323,0.326913314635677,5.7838115618827,7.30267429564422e-09,3.5284302291855e-08,"GPR143",0,2.8029670424287
1247.74890334989,1.48822270888427,0.250327361424726,5.94510604200088,2.76277943312192e-09,1.40906616089198e-08,"CMPK2",0,2.80178739706696
755.237789534918,1.383756051764,0.231159116590504,5.98616257136556,2.1484962813892e-09,1.1094463662237e-08,"PMAIP1",0,2.80159492191375
2445.22394514455,1.34672654243256,0.22463370880522,5.99521126902779,2.03221065495197e-09,1.05315378017163e-08,"RPL22L1",0,2.79727042544713
115028.886948843,1.06166136219444,0.173970761341228,6.10252753974033,1.04404113632314e-09,5.59399666975335e-09,"GNAS",0,2.79418174761158
1263.75864814348,1.55213048460788,0.262772477013654,5.90674678812434,3.48929433381461e-09,1.75929275434324e-08,"TNFSF13B",0,2.79203771116592
4009.97252695702,1.35683894828477,0.226842034509144,5.98142646366571,2.21191913338561e-09,1.14106661488151e-08,"IFIH1",0,2.78985838477146
2568.17630516628,1.27584778078877,0.212576679099336,6.00182384161046,1.95113323004572e-09,1.01335305653719e-08,"ABHD11",0,2.78102609970289
750.54486020434,1.91419075721069,0.333529972325756,5.73918662800451,9.5132339190209e-09,4.5202600905417e-08,"BATF2",0,2.77770819986333
2724.41279822404,1.00626931394554,0.164940602203369,6.10079810855076,1.0554014605264e-09,5.64856548648156e-09,"AGPAT5",0,2.77629934375327
179.374441731704,2.5142844406093,0.603631175910304,4.16526604481229,3.1098969376095e-05,8.87807288058994e-05,"SLC5A8",2,2.76978972042739
4854.69014823706,1.01724109491261,0.16709068844067,6.08795800894558,1.14359853894477e-09,6.10114267594623e-09,"PAK1",0,2.76954897413203
1320.01655923323,1.23901557834497,0.206504110807184,5.99995599846365,1.97371005702401e-09,1.02446634919245e-08,"FHDC1",0,2.76855536421382
2217.53594132415,1.56717447012212,0.267213553511787,5.86487642384124,4.49467318139663e-09,2.23507527316799e-08,"TMPRSS13",0,2.76536469485383
134.694046779092,1.00005188038162,0.164337305635756,6.08536130316131,1.16228903875545e-09,6.19578494340251e-09,"CFAP157",0,2.76238666363726
4356.20558294975,1.00521416888141,0.165433199086024,6.07625418860883,1.23022349174181e-09,6.54752938078496e-09,"SPRING1",0,2.75674101388992
193.299992523432,1.37004601172117,0.230958605880158,5.93199810199787,2.99270084982905e-09,1.51830932371533e-08,"CD300LF",0,2.7566057258237
1248.0433502178,1.24880799307363,0.208849613443237,5.97946039968629,2.23877976828061e-09,1.15423797903027e-08,"MCRIP2",0,2.7559537898539
746.109946412123,1.30989226640302,0.220049227600878,5.95272376406105,2.63716203627019e-09,1.34816440085223e-08,"AL109918.1",0,2.75404482338216
1152.56981391151,2.71341058564084,0.505924298422573,5.36327390105796,8.17269335802994e-08,3.42229072712878e-07,"EXTL1",0,2.75372810553126
501.546321509047,1.69473005237983,0.292592202050715,5.79212310000687,6.95021688122339e-09,3.36937518026502e-08,"CD7",0,2.75015420399157
70941.0876122473,1.20457486553749,0.201185791806435,5.98737542408776,2.13254163159054e-09,1.10229947869662e-08,"HLA-C",0,2.74868257905357
3100.60169531337,1.4859113434924,0.252974579174264,5.87375754647986,4.26026324560009e-09,2.12418290021151e-08,"PSMB9",0,2.74761583052083
1677.01970907933,1.65152626562335,0.284884318644904,5.79718207544411,6.74384621582154e-09,3.27298155479092e-08,"QPRT",0,2.7409748123453
1387.76955665044,1.21654286409973,0.203786925035877,5.96968065485829,2.37718414219334e-09,1.22196921779834e-08,"ITGAX",0,2.73884477946501
208.906617309305,1.29194732791283,0.217579558958159,5.9378157309404,2.88844421811988e-09,1.468846574985e-08,"BEND6",0,2.7374912678976
356.161261959319,2.32430368132852,0.421899968163501,5.50913452647566,3.60602250492147e-08,1.5888808085833e-07,"HES2",0,2.73696370857481
129.318076612599,1.11721876698871,0.186056408504734,6.00473144659395,1.9164885110664e-09,9.96551087531775e-09,"AC145207.5",0,2.73561575986872
339.920986016304,2.28213342682919,0.413216667775393,5.52284940274883,3.3354561346521e-08,1.47790812615972e-07,"CKMT1B",0,2.73374579692625
135.894795141781,2.2845198026526,0.413730390791228,5.52175970994934,3.35621270552862e-08,1.486347206847e-07,"ACTN2",0,2.7337198593942
2741.11271439316,1.55577655169131,0.267059427014594,5.8255818530094,5.6913955528484e-09,2.79287665429404e-08,"PIM2",0,2.73291743877586
2011.40754620517,1.1059926092719,0.184247524106619,6.00275425482458,1.93998130243001e-09,1.00836475793506e-08,"MLF1",0,2.73071248514171
108.08823580387,2.67897581525316,0.501369784467694,5.34331325549951,9.12628452688242e-08,3.79935808388969e-07,"AL117329.1",0,2.72977967644673
283.428323751299,1.48602295952361,0.254092991362995,5.84834296905375,4.96494038520795e-09,2.45394579107349e-08,"HLA-DOB",0,2.72884739844464
537.840158491412,1.8075721627319,0.316891768077992,5.70406790209529,1.16981440558889e-08,5.49037668535929e-08,"LINC00839",0,2.72039100631728
421.411199810173,1.92394909012117,0.340510823673571,5.65018482926568,1.60275411608626e-08,7.40237270446854e-08,"GPRIN2",0,2.71637344271328
893.863168238073,1.86997522105351,0.423028921736488,4.42044296493362,9.84987814075643e-06,3.04828177009495e-05,"SLC38A3",2,2.71577603366327
268.594457959289,1.66278330596664,0.288876485896815,5.75603549317814,8.61122876798727e-09,4.10814239193126e-08,"KMO",0,2.71474134532228
183.689963333721,1.0900987747489,0.182175345401071,5.98378870834019,2.18006082812242e-09,1.12529991300331e-08,"RNF139-AS1",0,2.71164914683612
409.501079035514,1.20965919761443,0.203838671157057,5.93439503283648,2.94930946045518e-09,1.49775277042052e-08,"POLR3G",0,2.71026571980867
3480.20782670746,2.4906184515435,0.461625764921841,5.39531941412584,6.84017581920626e-08,2.89593735714227e-07,"LCN2",0,2.70864878647986
2221.69149792027,1.33106151683553,0.226372565178096,5.8799595074091,4.10366858588483e-09,2.05199173275004e-08,"RUNX3",0,2.70566577303514
649.322095027468,3.03768161680552,0.590772743281414,5.14187841492633,2.72005131534393e-07,1.06302215347931e-06,"LY6D",0,2.7033417904353
150.972661231886,1.69799899360534,0.378684218981801,4.48394442781611,7.32757530998158e-06,2.31805710686032e-05,"SLC52A1",2,2.69986245881479
3939.82820653595,1.23632388632805,0.209364333255054,5.90513134260514,3.5236590665839e-09,1.77593234510136e-08,"SEL1L3",0,2.69606924076105
265.329754037107,1.13452358065562,0.191031743302844,5.93892701307262,2.86893546204469e-09,1.46006522235687e-08,"POLR2I",0,2.69104539724005
1692.85801353194,1.17019550478081,0.197519654467321,5.92445095115543,3.13342514435164e-09,1.58507652314796e-08,"BMF",0,2.69104358135228
722.060221349977,1.16963784889123,0.197532687924202,5.9212369415033,3.19529098728016e-09,1.61424251084531e-08,"ZNF579",0,2.68850072060541
7167.64098014365,1.10777416137769,0.186304706770422,5.94603421771179,2.747167439944e-09,1.40165225400313e-08,"VAMP8",0,2.68834016448824
42565.1072764132,2.53169414228506,0.473807463451543,5.34329730444186,9.12708801216759e-08,3.79935808388969e-07,"IGHG2",0,2.6855951745563
817.280378628917,1.19478185640497,0.202335550546026,5.90495270445909,3.52747933554896e-09,1.77751408930514e-08,"USP18",0,2.68349064137804
342.11478854058,1.63219021247045,0.285083400128194,5.72530779321594,1.03246379547657e-08,4.88532106674308e-08,"ELOVL4",0,2.6829891304015
211.693471492073,1.82780258477925,0.324055811873441,5.64039439444799,1.69661100318357e-08,7.80680653486076e-08,"SIRPG",0,2.68059875033771
161.018550960447,1.46190058660839,0.252384870657881,5.79234635894661,6.94098133319149e-09,3.36552381719313e-08,"AL445933.1",0,2.68045437548477
416.522367408971,1.16474833679008,0.197113158107244,5.90903391724044,3.44119852521399e-09,1.735378641067e-08,"ZNF165",0,2.67760622667331
997.425818181528,1.07460606816697,0.225604844028261,4.76322249549017,1.90525564078551e-06,6.58677702763341e-06,"SLC52A3",2,2.67677993180055
3413.51383621672,1.00153684279724,0.168098989351517,5.95801822878837,2.55315044580912e-09,1.30752402103942e-08,"ATP5MC1",0,2.66552614997683
849.907328557082,1.47894384456499,0.25660532891387,5.76349622521442,8.23890967385006e-09,3.94408575491237e-08,"CD6",0,2.66489924864288
2696.67562629511,1.01641977521824,0.170915909395362,5.94689972872604,2.73268690041658e-09,1.39498324793105e-08,"ISOC2",0,2.66155523487932
668.818206172047,1.43577437625282,0.248538028079127,5.77688005070883,7.60984953650533e-09,3.6666533801864e-08,"SNX20",0,2.66145135585609
2121.08279392716,1.26947252602399,0.217313792021901,5.84165650147071,5.16842919837254e-09,2.54920423678292e-08,"GPR161",0,2.65892036832516
14191.2562856153,1.03596173192637,0.174679737533731,5.93063480946851,3.01765705345472e-09,1.53007715254628e-08,"CHCHD2",0,2.65537452051296
1500.13525835765,1.02820454650973,0.173375058063479,5.93052171398992,3.01973643885501e-09,1.5308337174569e-08,"C8orf82",0,2.65298295818293
284.778344082185,1.44846983867389,0.251538582344244,5.75844001812644,8.48948223340157e-09,4.05599951206156e-08,"ZNF296",0,2.65211158337832
2525.10818965285,1.16685929800618,0.198832921646049,5.86854173014347,4.3964475296633e-09,2.18873563322638e-08,"METTL26",0,2.64799979687911
2889.5036061429,2.53650867422504,0.480005142208228,5.28433646055545,1.2616119353124e-07,5.1578479168426e-07,"AQP5",0,2.64721204252347
583.705947142282,1.87598146435245,0.337029895881766,5.56621678751778,2.60329340309566e-08,1.17101033888688e-07,"TMEM108",0,2.64222622045908
193.247603714595,1.85747481837153,0.333373224279012,5.57175766706729,2.52182040384722e-08,1.13632311956933e-07,"AL645608.7",0,2.64059189264146
1115.3248125627,1.48530318200717,0.259450327644412,5.72480750166114,1.03551087301923e-08,4.89884971451765e-08,"CGREF1",0,2.63856271965177
6954.01545105068,1.31626750151906,0.227946266913634,5.7744639530235,7.7198453746669e-09,3.71142031319517e-08,"OAS3",0,2.62401820834148
909.1671299357,2.55172598279478,0.486924945998841,5.24049138119296,1.60149568109071e-07,6.46926823477322e-07,"SYT13",0,2.62226124724864
1102.85978155014,1.10863118361329,0.189391004468347,5.85366336022877,4.80861470960952e-09,2.38210109531341e-08,"KLF16",0,2.6195012984431
23431.0164816729,2.05199113421225,0.376758903557914,5.44643036922106,5.13907075120758e-08,2.21214647502811e-07,"CRABP2",0,2.61215317627808
339.430252857438,1.65337223013694,0.294752869739583,5.60935074728097,2.03087055688769e-08,9.25340024582963e-08,"PLEKHN1",0,2.60612126478739
238.436955246444,1.40940400453076,0.246777046442983,5.71124431889334,1.12153098616176e-08,5.27897223118067e-08,"AATBC",0,2.60605638810901
2841.16643970964,1.28420390837573,0.223493978899874,5.74603358308394,9.13611688488984e-09,4.34820447030169e-08,"MACROH2A2",0,2.59376818505524
131.775871824625,2.01169759503153,0.370123736009229,5.43520287761648,5.47341201849563e-08,2.34779383060927e-07,"USP32P3",0,2.59231129138755
1107.35036262693,1.05949449658369,0.181578198858786,5.83492128043221,5.38159687307515e-09,2.64983161485549e-08,"FBXO6",0,2.59088286578228
172.793102695529,1.76225821609126,0.318182551305156,5.53851306070255,3.05050501511157e-08,1.35904143272796e-07,"AL354707.1",0,2.58870765568162
606.229338857221,1.32085811813654,0.230783982955036,5.72335264009153,1.04442160703122e-08,4.93831634871809e-08,"TLR6",0,2.58818376321893
9687.99339971106,1.43083917969891,0.252049259040088,5.67682359054799,1.37218852297208e-08,6.39185815373719e-08,"FKBP10",0,2.58756361530698
172.704151313082,1.75683026170951,0.317175246042958,5.5389891980144,3.04222405730272e-08,1.35558383763607e-07,"IL1R2",0,2.58741116385672
3224.47992268667,1.70985132442071,0.307595711564992,5.5587619077044,2.71695023687879e-08,1.21874099965813e-07,"H1-2",0,2.58718197088365
19213.6371827455,2.21879038295231,0.415836556393593,5.33572709959682,9.51624387145431e-08,3.95062795026596e-07,"MMP7",0,2.58663727528685
487.768334288857,1.1883996805144,0.20583651597162,5.7735124154465,7.76358829714698e-09,3.73107404391096e-08,"MEX3B",0,2.58496974381815
2379.1100608191,1.74562049235769,0.31509178497864,5.54003809549026,3.02405854949818e-08,1.34818084846535e-07,"EGLN3",0,2.58476170165973
706.655975366685,1.77534709293113,0.321501806154179,5.5220439168536,3.35078705990035e-08,1.48444878127842e-07,"FAM83B",0,2.58113456262984
2630.2599912723,1.18977107597164,0.206311266783177,5.76687397892831,8.07553909900933e-09,3.86886744521e-08,"ROMO1",0,2.58065616772624
7147.95738870349,1.28673629827413,0.224828139934977,5.72319950094445,1.04536387706991e-08,4.94187525998935e-08,"ITGB2",0,2.57785335578537
3109.45465149508,1.73643636253939,0.313874671781879,5.53226022565494,3.16130426466509e-08,1.40552137586602e-07,"PLEKHB1",0,2.57657967227396
4650.90095246758,1.01573272656387,0.174143043632355,5.83274936154356,5.45214356293893e-09,2.68304750340059e-08,"MFSD10",0,2.57613130938985
380.08938740531,2.08556022491455,0.387957154971818,5.3757488376933,7.62650426364858e-08,3.2054190042007e-07,"DPYSL4",0,2.57390262524444
191.568109757298,2.76643603754069,0.546121294628274,5.0656073380616,4.07100305265637e-07,1.55417159598116e-06,"SCEL",0,2.57248112100121
519.132852275628,1.81904314856625,0.331531475501759,5.48678868518653,4.09306273327337e-08,1.78806546452551e-07,"FUT2",0,2.56999792003698
780.203029628918,1.11873721730394,0.193572600207126,5.77941927786718,7.49589082761523e-09,3.61575474099642e-08,"ZNF714",0,2.5681614758939
19497.0572797496,1.09197708942498,0.188902444689145,5.78064032586724,7.44168362718728e-09,3.59293141526007e-08,"PTMS",0,2.56095844869018
963.31722767864,1.3315425633471,0.234397157524855,5.68071122281378,1.3413578601731e-08,6.25495086603438e-08,"LINC01006",0,2.56059559823386
473.032958956951,1.79537880505942,0.327542623383845,5.48135930069605,4.22070315388516e-08,1.83828018566958e-07,"ERVMER34-1",0,2.55929012969391
181.944969860297,1.87770952420306,0.344834211347523,5.44525300104493,5.17318028078635e-08,2.22560307607291e-07,"CCNP",0,2.55907854339096
345.884987269463,1.32208193644672,0.232683937897999,5.68187881118928,1.33223051349253e-08,6.21572450245386e-08,"BRSK1",0,2.55857705379633
718.557934410257,1.45400305572219,0.25879028159086,5.61846081229947,1.92666080527283e-08,8.79549338196966e-08,"HSD11B2",0,2.55292285486718
9869.54001000802,1.61542019723923,0.291229994125916,5.54688812904618,2.90798669569534e-08,1.29821012496473e-07,"MX1",0,2.550622561588
133.035783833695,1.57903903049084,0.369517110226428,4.27325010612703,1.9264416358281e-05,5.68317724322444e-05,"SLCO4C1",2,2.54733434892257
189.398192349576,1.67406219688852,0.303447096095629,5.51681732476014,3.4519391469919e-08,1.52588939706016e-07,"CORIN",0,2.54716174249085
588.321970143603,1.61294909923903,0.291295138955857,5.53716448898056,3.07407816953288e-08,1.36860795294985e-07,"DNAJC6",0,2.5430010119688
771.277334277045,1.19688084002071,0.209532162039077,5.71215811631578,1.11552366618706e-08,5.25354207886144e-08,"DOHH",0,2.54292858746419
139.690729150843,1.67944505375498,0.304939292542564,5.50747343758777,3.64020315611037e-08,1.60285769713394e-07,"MIR3142HG",0,2.54236502600031
190.219865085013,1.00771363926302,0.174059857947189,5.78946605580227,7.06105241626489e-09,3.41929134933637e-08,"OTUB2",0,2.54213325952019
1278.0229909574,1.72640706069368,0.314717002878908,5.4855856051665,4.12101927999909e-08,1.79907234251777e-07,"SGPP2",0,2.54140753007304
4401.41954003416,1.03564420906664,0.227715478882353,4.54797457840666,5.41646763763604e-06,1.74892929406984e-05,"PARP10",2,2.53786158708325
1030.4717688043,1.41018516859705,0.324377601074599,4.34735679629352,1.37787975478422e-05,4.15804486778887e-05,"SLC4A11",2,2.5373887991838
8123.38705322792,2.03244383569856,0.380212456314796,5.34554773769905,9.01440350722836e-08,3.75544919646671e-07,"S100A14",0,2.53733458333714
4410.40590337114,1.51524464511106,0.272000171576892,5.57074885771795,2.53646732248752e-08,1.14252797123349e-07,"ICAM1",0,2.537213341168
392.563779637104,1.53172878060166,0.275553428413294,5.5587360658938,2.71735247247979e-08,1.21874099965813e-07,"SOCS1",0,2.53374520773793
11471.5577511754,2.4632152139578,0.479084947387617,5.14149991017119,2.72553783485121e-07,1.06450392269734e-06,"KRT6B",0,2.53082038434156
11915.5294054324,1.20643984631181,0.212021676089818,5.69017219635942,1.26911324545208e-08,5.92973202530911e-08,"SPINT1",0,2.53002143370345
440.273727024395,1.60093348488756,0.289839750195813,5.5235125058105,3.3228862838696e-08,1.47308974084403e-07,"IL2RA",0,2.52981128398656
236.1597017158,1.43346826292251,0.256321553430349,5.59246089038715,2.23873592593283e-08,1.01367256177334e-07,"ZNF286B",0,2.52827117154327
339.852391074797,3.33955456105098,0.708192530863385,4.71560262995093,2.4099637681318e-06,8.21720412608131e-06,"BRINP3",0,2.52744914565038
484.074672420394,1.01452354073695,0.176002479615842,5.7642570886009,8.20183119383327e-09,3.92720671803181e-08,"PRAF2",0,2.52613193361707
972.293090819987,1.14557230595979,0.200893917917325,5.70237425719991,1.18150063022922e-08,5.5402369001952e-08,"CD86",0,2.52061319112855
2434.1040593688,1.26240158036732,0.223386082258785,5.65120963491753,1.59322640863874e-08,7.36097709925313e-08,"STAP2",0,2.51863983413034
389.308495044822,2.35706244539382,0.455932521735957,5.16976160511503,2.34392806558839e-07,9.24484383200068e-07,"CHRDL2",0,2.51734885983946
10112.1544048274,1.97955125786196,0.371578284665755,5.32741373636142,9.96210657008694e-08,4.1245589574723e-07,"RARRES1",0,2.50925212258928
133.112675190995,1.75931863692847,0.429857653856851,4.09279355885181,4.26207147654266e-05,0.000118911931048954,"SLC6A20",2,2.50522796153372
330.766626937153,1.49428651093106,0.270081214995694,5.5327302602474,3.15284139033511e-08,1.40199789358351e-07,"IL12RB1",0,2.50426174494029
101.934181082772,1.83497005881641,0.341083491644907,5.37982665173004,7.45575959204271e-08,3.13972997230658e-07,"FAM238C",0,2.50142332799174
492.924987712706,1.24749278751554,0.221603783815177,5.62938396645782,1.80854389434806e-08,8.28529238909857e-08,"MICB",0,2.49875548445347
587.213178093172,1.53174305962062,0.278119352919786,5.50750260109516,3.63960035010371e-08,1.60285769713394e-07,"BMP8B",0,2.49805442776
3506.54745496513,1.52958563050776,0.277966381004495,5.50277204379987,3.73865693631288e-08,1.64287879903688e-07,"CCL5",0,2.49419403159796
139.114438517175,1.16036829415853,0.205239322777937,5.65373281519748,1.57000203655497e-08,7.25882282491637e-08,"OAZ3",0,2.48985062939684
738.91969253739,1.49003193648167,0.270358907101234,5.51131069605831,3.56171363719366e-08,1.57095075094293e-07,"TRAF3IP3",0,2.48816080988744
5391.92372406383,1.38536793666811,0.249362586087644,5.55563670718908,2.76601631519542e-08,1.23928750925058e-07,"CDH11",0,2.48765875925808
772.224181964919,1.31611458159912,0.2358951122794,5.57923633466505,2.4157682757045e-08,1.09061017739503e-07,"MYO1G",0,2.48353351063939
1669.57117024164,1.64293267146135,0.302214962861776,5.43630486030164,5.43968525226693e-08,2.33447934591442e-07,"SUSD4",0,2.48242279066708
136.17182564758,2.12714933300723,0.731197511672909,2.90913097904357,0.00362434980815343,0.0071697599187323,"TUNAR",3,2.48149341586775
298.091588046522,1.25513385318166,0.224130289553817,5.60001888044802,2.14328460271378e-08,9.73666778301501e-08,"CYP2S1",0,2.48001705034024
12665.0642225405,1.14394064608422,0.202773996911537,5.64145631840204,1.68617821334922e-08,7.76977328749764e-08,"ADGRG1",0,2.47605968978442
161.185155028726,1.30456836200356,0.234062115140386,5.573598962058,2.49529796929886e-08,1.12495558916834e-07,"AJM1",0,2.47602989526948
1476.06059479175,1.16202593853975,0.206439137959064,5.62890326915711,1.81359063809322e-08,8.30549317694588e-08,"DPM3",0,2.47279815382491
5409.74373839632,1.11891175032328,0.198183391047594,5.64584017060529,1.64376503273015e-08,7.58237889013923e-08,"PSMB8",0,2.47173188042153
144.641429798687,2.00974293921327,0.382352075783051,5.2562626607881,1.47012285845854e-07,5.9644657667609e-07,"POMC",0,2.47025141668
358.206476947808,1.25350636840125,0.224561105020135,5.58202796645867,2.37730138550128e-08,1.07380203111873e-07,"PCDHB9",0,2.46677464418888
2573.58367364938,1.11264247918964,0.197420987011572,5.63588753167577,1.74159019524603e-08,7.99683488100729e-08,"KCTD15",0,2.46291730512332
122.584268652634,1.83474904603801,0.345062575347043,5.31714876408352,1.05405888178434e-07,4.35093473815871e-07,"HLA-DPB2",0,2.45884994306883
498.781840112204,1.62733640166694,0.300957090568316,5.40720405887079,6.40161950497179e-08,2.72309098622878e-07,"HES4",0,2.45768227472054
119.027497794293,1.1546575134309,0.325277176695152,3.54976492713792,0.000385575283757615,0.000917210341459185,"GZMK",3,2.45765657121495
127.947968934671,2.012620265035,0.38452063352301,5.23410212501527,1.65788774681315e-07,6.67327978631538e-07,"STEAP1B",0,2.45648427942502
119.097632502057,1.10770443470163,0.196942308359027,5.62451229464764,1.8603280510072e-08,8.51056007469368e-08,"AC100861.1",0,2.45332388790761
112.102777659381,1.80759441145427,0.340288251977479,5.31195067990152,1.08457959967972e-07,4.47125358609067e-07,"SATB1-AS1",0,2.44714953299364
827.934741012335,4.90505221744839,1.32995384137786,3.68813718554822,0.000225901851360832,0.000559857725748508,"SMR3B",0,2.44709236254663
666.210279160656,1.61712151497319,0.299737788833347,5.39512058612104,6.84775477087096e-08,2.89820463731602e-07,"MFSD2A",0,2.44649774038749
554.430665968663,1.46741153267595,0.268908458682759,5.45691846163571,4.84468687531654e-08,2.09187432133305e-07,"FAM222A",0,2.44406278316168
1085.09954892721,1.79178981978656,0.337484272563483,5.30925428369262,1.10074671601091e-07,4.53431805408605e-07,"FERMT1",0,2.44058335196481
3349.99259597719,1.38257218149328,0.251960284804874,5.48726233804659,4.08210676240428e-08,1.78417634097237e-07,"IFI44",0,2.43934032161199
415.201158033308,2.10649819251663,0.408378936160245,5.15819501447072,2.49341846962257e-07,9.78707111092477e-07,"TMEM40",0,2.43475363460653
24617.8768369116,2.2826920178307,0.449984698144464,5.07282142535846,3.91960290572271e-07,1.49878669419794e-06,"IGHG3",0,2.43208565668042
11035.345426425,2.40332203128415,0.479198633196067,5.01529400293763,5.29524312982549e-07,1.98978092352834e-06,"IGHG4",0,2.43135503052368
929.997352731819,1.07550965299683,0.191888238397371,5.60487532732265,2.08404918992687e-08,9.479132827399e-08,"NTHL1",0,2.42962231322616
4440.50612420548,1.40888896107381,0.258370421875392,5.45298084373332,4.95324069233693e-08,2.13485656625573e-07,"SERTAD4",0,2.42385607785007
790.076568563883,1.0859182979696,0.194449890024174,5.5845662748104,2.34284163541446e-08,1.05915457700917e-07,"PRKCZ",0,2.41828768519911
3827.86065847143,1.41018196935634,0.259111488300794,5.44237532115639,5.25747568416405e-08,2.25925846783884e-07,"TNFRSF12A",0,2.41686481519149
1394.44498754648,1.06452707718777,0.190620669474438,5.5845312059956,2.34331440557137e-08,1.05918461262405e-07,"MTSS2",0,2.41186662428662
900.17710910007,1.02521303171397,0.183165651654017,5.59719042547622,2.17853381182341e-08,9.88130170050478e-08,"IRF5",0,2.40911966164068
7535.99777591436,1.01970544195169,0.18215828057024,5.59790880084912,2.16952821579936e-08,9.84559401135828e-08,"COX6C",0,2.40793905555735
300.472385619,1.73777924245044,0.328915739796055,5.283356897204,1.26837948541069e-07,5.18388962781444e-07,"LAMP5",0,2.40693704886604
252.047136696425,1.64551895453658,0.309083259129858,5.32386955918968,1.01582763004162e-07,4.20110722390845e-07,"ARSL",0,2.40664655653722
6388.86822224269,1.39040995633478,0.255977947747973,5.4317567922051,5.58019417834051e-08,2.39045064333282e-07,"OAS2",0,2.40357905258286
342.97243140205,1.31550483797202,0.24076264539932,5.46390755837632,4.65766151084386e-08,2.01545920655987e-07,"CD72",0,2.40333924768957
1558.9278824602,1.26487795964767,0.230609743834739,5.48492851435677,4.13636650011193e-08,1.80486550984964e-07,"EPSTI1",0,2.40252993413918
833.355359596792,1.23373478239033,0.224516352408397,5.49507761530954,3.90538612470388e-08,1.71181604359603e-07,"FAXC",0,2.40008330700208
1243.23534783014,1.24468193361981,0.226786678826924,5.48833793967993,4.05733273612892e-08,1.77364568895979e-07,"UPP1",0,2.39874451979428
329.649183551111,1.61833968623674,0.304384726645489,5.31675719761587,1.05632872320693e-07,4.35961381061355e-07,"DOCK3",0,2.39366749996301
222.996162946301,1.837175957192,0.352323231354937,5.21446159007661,1.84351895213193e-07,7.36926982444765e-07,"FAM155B",0,2.39092544962986
432.55203428096,1.26835017103362,0.232056812090363,5.465688163206,4.61114355090283e-08,1.9966557963685e-07,"CARD9",0,2.3904140903299
767.206495286964,1.78856716025573,0.341689570760716,5.23447981240334,1.65450152415017e-07,6.66067818224286e-07,"MT1G",0,2.38951461284766
4201.14390190688,1.09163553010473,0.197231550271891,5.53479161219324,3.11598600911986e-08,1.38631860897299e-07,"EFHD2",0,2.38493174314841
3658.62253882603,1.39405976966217,0.258366601696764,5.39566554077424,6.82700149947932e-08,2.89082924117816e-07,"CORO1A",0,2.37991119919174
397.672224110195,2.42671690752841,0.493053918676438,4.9218083775558,8.57481531346186e-07,3.12614980106308e-06,"LGR5",0,2.37951213675469
1080.66565895385,1.12147669489241,0.203424060106842,5.51299927011283,3.52769695620959e-08,1.55726463264209e-07,"AL162595.1",0,2.37873428236
698.325849634662,1.05456100859718,0.248491496923715,4.24385148647932,2.19715792177315e-05,6.42437639336631e-05,"SLC15A2",2,2.37401900930021
4839.40923873887,1.599468471266,0.302261958124894,5.29166316922058,1.21208978865619e-07,4.97019734480116e-07,"KCNN4",0,2.3709284514767
1358.4332193055,1.67161525031104,0.317974095303636,5.25707997915617,1.46360672106643e-07,5.93895336208571e-07,"ETV4",0,2.3693716006455
1282.56958792462,1.07486380509978,0.194737394806478,5.51955522547651,3.39858774955661e-08,1.50460235848662e-07,"SCAMP5",0,2.3692326200559
201.223026988754,2.16424264487077,0.430332122823133,5.02923795386821,4.92432975638594e-07,1.85897905517324e-06,"EPHX3",0,2.36849044445983
761.249009088674,1.03557658612724,0.187138089077013,5.53375633594862,3.13444339849649e-08,1.39405453111428e-07,"KCTD17",0,2.36738904713164
373.605945804328,2.43621502282847,0.497452605651116,4.89738116787972,9.71223310328377e-07,3.51428068161158e-06,"CXCL5",0,2.36711357330289
1919.48859156708,1.34098296754447,0.248404090852954,5.39839325085142,6.72403564540541e-08,2.84954376798542e-07,"KHDRBS3",0,2.36586229067208
805.94720542287,1.07287396747867,0.194609555571597,5.51295625914916,3.52855949707606e-08,1.55738165273081e-07,"STK32C",0,2.36414367403309
1523.38339579848,2.43629721737922,0.498441881207107,4.88782606204576,1.01955546411903e-06,3.67335898869258e-06,"IGHV1-69D",0,2.36137015331596
4863.79704062572,1.14672235124679,0.209455751051654,5.47477138006107,4.38076810517089e-08,1.90354196028487e-07,"ERO1A",0,2.36014796901642
901.33296412096,2.40167922104843,0.490064408662871,4.9007419812456,9.54753798687974e-07,3.4575670006112e-06,"MS4A1",0,2.35887258493272
744.859116962572,1.07284615985566,0.194898438364099,5.50464215547702,3.69918871241865e-08,1.62663212156911e-07,"SPIN4",0,2.3584670447009
120.143918736817,1.22545479314444,0.225454421105104,5.43548796753534,5.46466730878607e-08,2.3444286164932e-07,"TMEM191A",0,2.35662533379913
1091.03299150578,1.75760869635253,0.338326339475975,5.19500993944142,2.0470890288228e-07,8.12941342387627e-07,"PRR36",0,2.35426484581662
479.936152950996,2.37309441272747,0.483765680497251,4.90546251707691,9.32074397370411e-07,3.38013123487124e-06,"CR2",0,2.35324825514258
3410.73869297366,1.11269605884518,0.203254475062087,5.47439882199541,4.38999374155543e-08,1.90723278101876e-07,"NDUFS6",0,2.34968770685424
1511.71019754294,1.40344556007113,0.262855583289661,5.33922674385259,9.33438430138357e-08,3.88007328311538e-07,"IL2RB",0,2.34438168955812
7565.85859232014,1.00990880864982,0.18324619545308,5.51121296762969,3.56369210583079e-08,1.571557471201e-07,"BACE2",0,2.34407356231134
267.288336561945,1.78389254645197,0.345412458058037,5.16452868110573,2.41045516412308e-07,9.49000676079088e-07,"WFDC1",0,2.34198780738844
7539.33764753476,1.09061524134981,0.199341708435093,5.47108404915131,4.4729109260849e-08,1.94066859371263e-07,"LAPTM5",0,2.34079915911616
1443.83704065142,1.04672188348475,0.190701562849689,5.48879551820861,4.04683771974108e-08,1.76935455955201e-07,"DEF6",0,2.33967210417856
379.236984261805,1.28437323271832,0.238772099708478,5.37907583962464,7.48691669813476e-08,3.1518323251014e-07,"VEPH1",0,2.33574303821911
139.262720007819,1.57993488742927,0.301177373154609,5.24586183510608,1.55553445666853e-07,6.2894550460646e-07,"ENHO",0,2.33439656102477
7644.38331047154,1.00733854851395,0.183518854428827,5.48901937977508,4.04171282731217e-08,1.76770685016017e-07,"ELOB",0,2.32797849108758
395.031501913825,3.1458910366252,0.705029663541729,4.46206904376443,8.11720613039104e-06,2.54837061545108e-05,"CRISP3",0,2.32188853437436
6882.04862320801,1.2986528282539,0.242765451262022,5.34941368923305,8.82396307962421e-08,3.67963918727506e-07,"VWA1",0,2.3198542778734
2338.06068612022,1.48441007974034,0.282070034554747,5.26255857728211,1.42064379845376e-07,5.77630976357733e-07,"RSAD2",0,2.31682788145156
7340.98221704142,1.0761532627419,0.197776281749523,5.44126552093243,5.29033929963238e-08,2.27263141930648e-07,"FARP1",0,2.31588727686105
593.697003264623,1.38236699044472,0.452209168009504,3.05691942631217,0.0022362437837224,0.00460334570878084,"ROCR",3,2.31578801971336
370.465938247173,1.74490715819418,0.339375056834304,5.14153036015876,2.72509605974525e-07,1.06450392269734e-06,"AQP9",0,2.31532796761247
618.163310515032,1.49554574474529,0.284764307952561,5.25187217280906,1.50560941141592e-07,6.09894646890114e-07,"QRICH2",0,2.31308727696585
984.195839819559,1.96757813674903,0.390938322494696,5.03296306228901,4.82956210209807e-07,1.82478903196681e-06,"L1CAM",0,2.31190964244978
985.045870903327,1.10985781056302,0.204889021023515,5.4168730223746,6.06503807079138e-08,2.58794151892812e-07,"AF117829.1",0,2.3090710057307
3269.23825110127,1.05441309094374,0.193842759434405,5.43952786279101,5.34219543297391e-08,2.29415170265784e-07,"CCDC124",0,2.30813728750533
589.868771412878,1.28132480832327,0.240143396965815,5.33566537540763,9.51948195885318e-08,3.9513429334622e-07,"LILRB1",0,2.30537402549481
16933.190385614,1.03201835905072,0.189579607217149,5.44372031464661,5.21791262046439e-08,2.24373685710401e-07,"TIMP1",0,2.30431393111228
101.691442197083,2.48335914109625,0.520643666927383,4.7697865139741,1.84421263738052e-06,6.39099851350679e-06,"CLEC2L",0,2.30333712736829
135.566256115602,1.65256378439355,0.320013876074553,5.16403789943332,2.41678730060281e-07,9.50775649936818e-07,"AL109615.3",0,2.30234572013876
4775.45791020607,1.37487564474024,0.25995599969281,5.28887829619217,1.23068739883547e-07,5.04003855988512e-07,"BAMBI",0,2.30173253568596
6265.6294311753,1.01810401461448,0.187038176085775,5.44329524549886,5.23038476484808e-08,2.24872900651979e-07,"CXCL16",0,2.29985006780669
3361.40475751507,1.06111900994829,0.195684027240783,5.42261432836631,5.87336247913134e-08,2.50944008758428e-07,"TCIRG1",0,2.29846265355195
3524.79477847517,1.34822216520653,0.254930925308026,5.28857832205922,1.23270704393769e-07,5.04679982948385e-07,"COL27A1",0,2.29356182564777
2624.53791713428,1.10158072152788,0.204094511133677,5.39740493464999,6.76116770135064e-08,2.86388297808104e-07,"GADD45GIP1",0,2.29338763600714
2252.44450888077,1.03172518929001,0.190094206469931,5.42744152201823,5.71675880036804e-08,2.44654000409118e-07,"CPTP",0,2.29295186035797
310.942166052488,1.53609329439202,0.295669442147666,5.19530622858501,2.04383123192267e-07,8.11894982056205e-07,"MIR1915HG",0,2.28797803114492
575.992002028408,1.06646287447459,0.197382665971536,5.40302193825055,6.5527441761226e-08,2.78147504378746e-07,"OSBP2",0,2.28665631203944
1774.68485736903,1.00705369330173,0.185495534006761,5.42899158566818,5.66733556041725e-08,2.42658403504265e-07,"ZNF692",0,2.28661750720075
314.158167425425,1.70524078719587,0.333731946637583,5.10961208351946,3.2282093470888e-07,1.24869762651081e-06,"TNF",0,2.28263505029169
296.742827896502,1.99096563067598,0.400254869316683,4.9742446208711,6.55025525500553e-07,2.43227213293774e-06,"RHCG",0,2.28148603999363
135.227710384457,1.05117759244516,0.194639613020264,5.40063544174699,6.6405252460453e-08,2.81735956361756e-07,"AP001469.3",0,2.2804005946144
1076.90927626207,1.07513935509969,0.19947386709344,5.38987573041867,7.05064216399218e-08,2.97971934644592e-07,"GCH1",0,2.28028919831674
1879.61838379445,1.9754331042099,0.39796064658079,4.9638905785848,6.90948808199679e-07,2.55728561455928e-06,"LINC02188",0,2.27029616057897
344.466251159735,1.2956016408953,0.245631396314701,5.27457670449988,1.33062856268519e-07,5.42893954351462e-07,"PAQR5",0,2.26826599065036
105514.831635183,1.08346134764354,0.201830999442567,5.3681612370544,7.95434278513033e-08,3.33514321022989e-07,"HLA-B",0,2.26810405814767
220.202637880278,1.07895186274585,0.20103382492512,5.36701653638504,8.00497200411833e-08,3.35421323310324e-07,"ARL11",0,2.26600835842534
219.097954497858,1.83835532145935,0.366654549901895,5.01386201794368,5.33482501780487e-07,2.00407672199336e-06,"CASC8",0,2.26093229336
4406.53925236953,1.40626229026485,0.269770129812855,5.2128168942959,1.85994462626792e-07,7.430371888571e-07,"CLDN7",0,2.26057552188348
8689.90631246246,2.04714382276909,0.416813525703028,4.91141408934903,9.0421903671171e-07,3.28505611567444e-06,"CP",0,2.25918030904376
607.709838025622,1.40167403479377,0.269062686429553,5.20947015505534,1.89380666544073e-07,7.55869826183488e-07,"AADAT",0,2.25696810775522
176.485958956247,1.69873754804688,0.33535004761067,5.06556525084813,4.07190266687306e-07,1.55428740397394e-06,"FRMD5",0,2.25216186617128
100.701604471968,2.83009833458042,0.628361086021422,4.50393634733125,6.67061939942642e-06,2.12570948514485e-05,"LINC01667",0,2.25077832725017
1758.22543455186,1.7707006373545,0.352393296187184,5.02478525134581,5.03996175729388e-07,1.90015451442551e-06,"IGF2BP2",0,2.24757351586251
811.015420176435,1.59656403871464,0.312739491552679,5.10509251897822,3.30632711494905e-07,1.27701924589386e-06,"PRSS22",0,2.24710997885138
350.184694503558,1.25566571764436,0.238766138806634,5.25897735717571,1.44858723391832e-07,5.8853371924172e-07,"ESYT3",0,2.24576831023152
128.076315171013,2.21670456998424,0.461246623593066,4.80589874613354,1.54057857786036e-06,5.39471544721734e-06,"AL590004.3",0,2.24542080837277
481.234643877344,1.31956893958734,0.252399531679711,5.22809583205502,1.71264738604372e-07,6.8756475299556e-07,"FCHO1",0,2.2446766003425
1192.04450400443,1.75565523575934,0.349335954132769,5.02569293251757,5.01617975541816e-07,1.89200922709427e-06,"ADD2",0,2.24361959570643
10600.6077374367,1.33840063041975,0.256740254351213,5.21305330090097,1.85757494338911e-07,7.42204261945492e-07,"HLA-DQA1",0,2.24036315596765
1592.5935449782,1.10813089595147,0.208526048534811,5.31411257124782,1.07178349842011e-07,4.42129774542128e-07,"KIAA1549",0,2.23877433995227
258.408643893494,1.11448101130729,0.209901968090959,5.30953102271218,1.09907675742448e-07,4.52815454967343e-07,"DLEU1",0,2.23756793101289
575.146725035447,1.59522354311591,0.313452202163919,5.08920828152834,3.59561521091447e-07,1.38301463336148e-06,"KCNQ4",0,2.23631903034352
124.194865974591,1.24095511746266,0.236436183471027,5.24858377954122,1.53272932952797e-07,6.20205765799526e-07,"PCAT1",0,2.23452579542529
4702.87311609891,1.86241055244547,0.375559723655882,4.9590263149516,7.0847371075063e-07,2.61657469795079e-06,"CLDN1",0,2.23340322448736
273.45291938337,1.01211892675711,0.189227349119209,5.34869262539579,8.85918531408027e-08,3.69373614174873e-07,"AC016065.1",0,2.23339591737767
202.046258620828,1.58529232797527,0.311603624212748,5.08752852917049,3.62759829327985e-07,1.39408233393669e-06,"VSTM5",0,2.23230117126001
1241.17654406713,1.64356546126095,0.325175901013281,5.05438888964229,4.3177103148006e-07,1.64330201162078e-06,"ST6GALNAC5",0,2.22835442231302
307.325333848081,3.2109378266311,0.755114665740238,4.25225197220004,2.11631548679725e-05,6.20400312576966e-05,"IGHV1-69-2",0,2.22547974560353
887.983743002725,2.10839343913201,0.436842607300223,4.82643726572898,1.38997150521068e-06,4.8995790704972e-06,"ROPN1",0,2.22547040049917
2076.14311131507,2.06616159770649,0.426417025249761,4.84540127471762,1.26356032211993e-06,4.48797205568881e-06,"CXCL13",0,2.22423343607401
8476.24840129974,1.06960539733106,0.201575989880146,5.3062142865677,1.11925372843488e-07,4.60618676020084e-07,"TSPO",0,2.22187915639611
507.321572887213,1.3708237223679,0.265421366142523,5.16470750750267,2.40815190642966e-07,9.48237095844439e-07,"CEACAM19",0,2.21817203432456
4887.30419767719,1.15629152832581,0.219783134804706,5.26105667458636,1.43229873500408e-07,5.8209746063847e-07,"GRHL2",0,2.21738874708529
2401.8176860893,1.38886574683115,0.269501957662757,5.1534532768371,2.55732813528448e-07,1.00243417296933e-06,"ENO2",0,2.21634296504965
6065.9023773699,1.26642621771965,0.243186748232508,5.20762840460711,1.91269475688178e-07,7.62591224038504e-07,"SPINT2",0,2.21524032439478
1177.5657564273,1.78745468532616,0.36008670809668,4.96395630589688,6.90714891331648e-07,2.55714601226276e-06,"MB",0,2.21390974755253
47995.1718916275,1.23395650723192,0.236440068797514,5.21889759848054,1.79991238502368e-07,7.20268899914218e-07,"DSP",0,2.21293855326228
10414.0114150396,1.1149985633073,0.211651011921967,5.26809937350257,1.37843485682501e-07,5.60818813998089e-07,"SOX9",0,2.20985279659957
3391.72676428482,1.23261695930582,0.236673070531365,5.20809974932263,1.90784361146494e-07,7.61046215025436e-07,"LGALS9",0,2.20536177867604
164.664828351898,1.01544184917796,0.191406714658682,5.30515270056594,1.12578715092694e-07,4.63088112091093e-07,"DHRS13",0,2.20493346503707
4684.08857393841,2.23607873516036,0.473786639603946,4.71959010289858,2.36320352983889e-06,8.06515140250202e-06,"MUC16",0,2.19883986317864
2948.20597714019,1.35008529310262,0.262573187674494,5.1417484970944,2.72193330287832e-07,1.06359819226696e-06,"SPOCK2",0,2.1969923107759
623.058484929119,1.89197786620736,0.387562662005511,4.88173410827808,1.05156984362846e-06,3.77773857688299e-06,"SUSD5",0,2.19442378955238
163.528653717222,1.24041825287965,0.239209817982329,5.1854821986081,2.15456667777248e-07,8.53412696998864e-07,"AL353807.5",0,2.19277774587398
4718.95463947747,1.57983253388221,0.314353561044997,5.02565496198109,5.01717244250066e-07,1.89210986774688e-06,"MDFI",0,2.19086585496816
481.013435458837,1.22899893646175,0.236974391315497,5.18620990917756,2.14616901569459e-07,8.50215619029041e-07,"MAP4K1",0,2.18984095724326
703.349320087719,1.73339351033417,0.35012834214166,4.95073749166197,7.39327738496875e-07,2.72435060212016e-06,"CHST1",0,2.18943915398176
146.562548948014,1.4367471457137,0.28225164420394,5.09030567303119,3.57486765387372e-07,1.37625277113464e-06,"LINC01132",0,2.18941468177962
951.737132751524,1.27380052718579,0.246908169301632,5.15900519123639,2.48265428201065e-07,9.75510237702315e-07,"PRTFDC1",0,2.18537060869031
103.465406070757,2.547667827858,0.561481950671442,4.53739933191334,5.69522015424538e-06,1.83416485990504e-05,"CTD-2297D10.2",0,2.1852688377474
1371.17468064723,1.08607607629906,0.207333848074292,5.23829604469551,1.62065945472662e-07,6.54161195515003e-07,"KLHL23",0,2.18111738935728
6976.77324454388,2.23663881899606,0.477268205919621,4.68633525396146,2.78140514654533e-06,9.38184367947684e-06,"IGHV3-23",0,2.17930518796517
3399.02435940857,1.84849893178676,0.378966446649979,4.87773772091773,1.07309481845234e-06,3.85188138702797e-06,"PDZK1IP1",0,2.17884780797476
207.924378498958,1.07956221276065,0.235065426158782,4.59260313352688,4.37751053157465e-06,1.43442573257771e-05,"FOXD2-AS1",1,2.17686524356073
158.342113011857,1.17883825535262,0.227207535279808,5.18837658223293,2.12135281746487e-07,8.41279535871852e-07,"AC144652.1",0,2.17616937915707
2389.07426990734,2.24139713526694,0.479717845131672,4.67232386289846,2.97810878352423e-06,1.00013349214282e-05,"IGLV1-47",0,2.17240174927056
864.233312626103,1.45321944227696,0.287528574991316,5.05417398017171,4.3225744333992e-07,1.64491310591849e-06,"SP6",0,2.17112294441982
202.417049660122,1.05049434927364,0.200549815659321,5.23807187665604,1.62262871783981e-07,6.5475329393081e-07,"SIGLEC9",0,2.17032499719707
839.944587308931,1.0124307531763,0.192815369025248,5.25077828751155,1.51457894016646e-07,6.13337412355432e-07,"LAT2",0,2.16741938897581
1432.59891964553,2.27476429680071,0.489519122416838,4.64693653961834,3.36900750670571e-06,1.12215587371962e-05,"KLK10",0,2.16741333292821
109.649930618879,1.38489086707774,0.272812706453699,5.0763429793281,3.84768486232435e-07,1.47236643138885e-06,"PRR22",0,2.16506248791244
753.9681519153,1.04890131996744,0.200551386727884,5.23008759540834,1.69429739785113e-07,6.80617202493224e-07,"TFPT",0,2.16479951950317
2420.35957414154,1.96983233412614,0.410808652690028,4.79501179253996,1.62665261543447e-06,5.6755392486321e-06,"TTYH1",0,2.16474756083533
1000.2304361016,1.29874289016586,0.253886376571174,5.11544931124642,3.12994994901946e-07,1.21266952023024e-06,"GNA15",0,2.16450012846223
877.765364592269,1.37344278947459,0.270376208233307,5.07974721018889,3.77937430663597e-07,1.44771418150007e-06,"TRPV4",0,2.16382798823911
2116.59328167217,1.44359108640923,0.286438983760539,5.03978567252583,4.66053479188245e-07,1.76527405434466e-06,"ARNT2",0,2.15903368449847
11068.3708710599,1.50353758810598,0.300311032011065,5.00660124950248,5.53995265353215e-07,2.07604867480769e-06,"CDH3",0,2.15589001691694
489.45991128398,1.32453842731156,0.26039850339916,5.08658233446602,3.64573489028186e-07,1.40022648276083e-06,"SIGLEC10",0,2.15350204200612
532.992460084463,1.24725065623747,0.243536829471032,5.12140467191978,3.03268041089819e-07,1.17652047593391e-06,"ANTKMT",0,2.15299534988485
174.729223901893,1.93849701290819,0.404632640945148,4.79075787949338,1.66152525385329e-06,5.7879164495782e-06,"MAT1A",0,2.15279242787863
19658.1067742918,1.20893050990217,0.235313193629207,5.13753815184345,2.78360967879928e-07,1.08525805410202e-06,"COL5A2",0,2.15201924769578
2851.55818061073,1.00806258034776,0.192823834647193,5.22789406295229,1.71451695418982e-07,6.88103363277382e-07,"TIMM13",0,2.15112266993196
261.91729057702,1.93053871551419,0.403075512898243,4.78952120319339,1.67179733419827e-06,5.81981051155798e-06,"RNF182",0,2.14968896127601
195.821122866975,1.4004503868491,0.278129050280691,5.03525390618401,4.77215857389651e-07,1.80466933912317e-06,"TMEM238",0,2.14321582410178
3517.32741062879,1.12631877869735,0.218334080529673,5.15869430903743,2.48677941314394e-07,9.76836632947905e-07,"HELZ2",0,2.14094905221366
166.307178840446,1.84602721984241,0.383751892756372,4.81047065744214,1.50575308219023e-06,5.27985816430627e-06,"FBXL13",0,2.13702148915204
208.097564701743,1.84895779447635,0.385351780714923,4.79810367308041,1.60174871527782e-06,5.59688790363898e-06,"MFSD6L",0,2.13030335570372
187.605201093703,1.56189200003626,0.316367228115546,4.93695889217013,7.93501884532393e-07,2.91080968535124e-06,"COL24A1",0,2.12936345661734
154.213780423809,1.4823966264415,0.298672511413749,4.96328443292172,6.93109620357181e-07,2.56491886340867e-06,"ZNF571-AS1",0,2.12199689847017
392.924816698736,1.13773218197665,0.222346123298501,5.11694184318762,3.10529316663477e-07,1.2036531892144e-06,"ADAMTSL2",0,2.11716924332724
131.18204790733,1.13534592315899,0.307964470734609,3.68661333059224,0.000227258259697911,0.000563058744943012,"SLC6A12",2,2.11543766456317
1878.76038459147,1.09216579063365,0.212826163013326,5.13172711084993,2.8709553592303e-07,1.11814124232865e-06,"KIF21A",0,2.11310073721007
354.772389002326,1.41743740047622,0.284634153551155,4.97985706490937,6.36312512956357e-07,2.36548178483077e-06,"H3C6",0,2.11305533769673
382.397786797739,1.08058524180558,0.210422995317974,5.1353001613378,2.81694065186991e-07,1.09776038230368e-06,"PTPN22",0,2.11202330657302
330.334450593463,1.2365000649828,0.244622978083303,5.05471756852592,4.31028142672961e-07,1.64095378925896e-06,"BX322639.1",0,2.10642111416473
1252.19525722938,2.02860191740036,0.434893632630586,4.6645932825683,3.09228033979149e-06,1.03607289996587e-05,"ROPN1B",0,2.1039634809509
3032.69282244512,1.15087882884795,0.226324773432462,5.08507668601019,3.67477562287038e-07,1.4109644448573e-06,"DAPK1",0,2.10040882764576
338.561613740142,1.40932432740222,0.28402987342723,4.96188767187299,6.98113667341293e-07,2.58160433630096e-06,"GOLT1A",0,2.0992303936574
169.573291465071,1.56371829072139,0.320307011857542,4.88193587037944,1.05049422407881e-06,3.77543539763717e-06,"RAB26",0,2.09602537421063
991.114748043665,1.42985508196029,0.289081121326326,4.94620705565276,7.56734671132996e-07,2.78377119283429e-06,"RTP4",0,2.09556646368725
166.509727630866,1.69536444851807,0.352841679485696,4.80488714085376,1.54838821054746e-06,5.42060643088108e-06,"SCG2",0,2.08839497175705
430.364384056297,2.20441168198497,0.485270000654746,4.54264982177075,5.55514886083991e-06,1.79082445406275e-05,"IGHV1-69",0,2.08540759975676
306.970221818161,1.36301127799714,0.274747813170754,4.96095405552887,7.01477839366841e-07,2.59257377552466e-06,"DNAH17",0,2.08478404628035
1037.13192823361,1.85955757539579,0.394212882258508,4.71714055802056,2.39182453998684e-06,8.1564220674826e-06,"FGFR3",0,2.08441736532766
1772.0731710672,1.00229932450453,0.195432126912756,5.12863130713392,2.91856296841181e-07,1.13617354984454e-06,"FAM174C",0,2.08405639495038
4555.93522913329,1.2754930084971,0.255318804602237,4.99568768733743,5.86264736532016e-07,2.18973533273822e-06,"AP1M2",0,2.08053041473785
302.992301725557,1.7461351926117,0.366355299813092,4.76623429087159,1.87700982167093e-06,6.49429453431061e-06,"S100A1",0,2.0800809634239
631.08393477705,1.02630165562695,0.200817111624671,5.11062850831711,3.21088813245436e-07,1.24236634924577e-06,"ZNF205",0,2.07961559281626
6136.26841722448,1.76573964862196,0.371551054170517,4.75234729871497,2.01068613706821e-06,6.92921146681081e-06,"SFN",0,2.07751674996485
1232.97147391718,1.01423799591961,0.198423000558532,5.11149409627248,3.19620814778392e-07,1.23686991965979e-06,"PSENEN",0,2.07657419045817
156.394133169835,1.01382872262848,0.198533556892144,5.106586203859,3.28030998987696e-07,1.26790985329363e-06,"AC040970.1",0,2.07322210372377
271.857543063291,1.59945593311836,0.331387083323655,4.82654881136759,1.38919357601385e-06,4.89749918122167e-06,"DLX3",0,2.07284446831746
110.836437809475,1.44683490403227,0.429082635174936,3.37192602409185,0.000746444948239123,0.00168051677117717,"SLC30A2",2,2.06641761591334
3901.44130165307,1.18554195629838,0.236713408524062,5.00834305792133,5.49006155746807e-07,2.05942487578817e-06,"CADM1",0,2.06153880060568
4904.64549658827,1.21595500406251,0.243494494793961,4.99376794983154,5.92125373836784e-07,2.21035831588192e-06,"G6PD",0,2.06144769667026
187.415749755623,1.73062551788642,0.365425371574265,4.73592052579936,2.18063034717877e-06,7.48321369930343e-06,"IFITM10",0,2.05696121108127
4160.78898747626,1.55990133487845,0.324157156774102,4.81217613827207,1.49295682715285e-06,5.23921723389787e-06,"RBP1",0,2.05219047866571
262.643734696291,1.40384310758738,0.287518650689091,4.88261580326291,1.04687720660006e-06,3.76399284750947e-06,"HLA-G",0,2.04845829542856
1137.15840609205,1.02561173889981,0.203048882111113,5.05105828821343,4.39368959696787e-07,1.67002488661653e-06,"GPSM1",0,2.04086663876165
103.682934814043,1.2490547316192,0.25257071664631,4.94536638373767,7.60007854276576e-07,2.79541762909941e-06,"MIR155HG",0,2.04078240957957
601.514862206642,2.60076751443477,0.613763240342776,4.2374116654205,2.26111333233035e-05,6.59289051832832e-05,"CDH19",0,2.03450749516021
818.951373167861,1.25395506459222,0.25422968261477,4.93237080617498,8.1237510559184e-07,2.97460062894543e-06,"ANO9",0,2.03415791974869
7114.21492093383,1.08468835330002,0.216407403800988,5.01225158773921,5.37968019443094e-07,2.02034467120345e-06,"ITM2C",0,2.03377886604228
1173.39894964925,1.50797014979644,0.313670377162143,4.80749939933582,1.52829878107098e-06,5.35459197932488e-06,"HLA-DQB2",0,2.03377313000083
2363.72802815207,1.44316877539115,0.298235528177478,4.83902365425869,1.30478518451025e-06,4.6274605992692e-06,"EPPK1",0,2.03334781373137
883.068893296939,1.2762072914661,0.260119230169626,4.90623969105965,9.28390610659967e-07,3.36770916338343e-06,"CCR5",0,2.02466181385564
754.52308529653,1.70959041170317,0.364508906137286,4.69011972799173,2.7304523249904e-06,9.22190991908846e-06,"PTK6",0,2.02343086081457
137.591898734101,2.24939394269038,0.511005831632877,4.40189485803445,1.07309559392733e-05,3.29901908797073e-05,"KBTBD12",0,2.01930273429904
5911.25287452163,2.14176985307188,0.480865585782246,4.4539886329935,8.42895647798275e-06,2.64147160990113e-05,"IGLV3-21",0,2.01597717172468
213.127383034876,2.08827625024856,0.465947573743037,4.48178371972854,7.40217406022947e-06,2.33995235542083e-05,"OCA2",0,2.01572077067056
1317.84599475164,1.13642058249991,0.229522451653448,4.95123929843593,7.37423587454443e-07,2.71771817533931e-06,"KDF1",0,2.01066484910177
238.141616093596,1.33888515651961,0.276102010100381,4.84924088757209,1.23934843454008e-06,4.41159301422315e-06,"SLA2",0,2.00828691485285
956.019914060173,1.07693538097071,0.216696600078233,4.96978439247271,6.70273927572265e-07,2.4864138992495e-06,"TESMIN",0,2.00440858683082
951.955107642339,1.71869565660681,0.369687293062871,4.64905256106413,3.33463235297076e-06,1.11184269052045e-05,"WNT7B",0,2.00179569339953
123.179113357598,1.2893709561227,0.26530342656245,4.85998606512227,1.17394015687937e-06,4.19365466210423e-06,"CARMIL3",0,2.00003348750427
1827.62312908239,1.00358547610987,0.20087500420605,4.99606947154279,5.85105898017242e-07,2.18666027865454e-06,"RNASET2",0,1.99914124805418
258.505306564171,1.28742497508722,0.265181407545671,4.8548840094134,1.20457229367495e-06,4.2942541000034e-06,"ITGB7",0,1.99636117083394
7163.3750986387,1.74799942247086,0.378323899036605,4.62037800657614,3.83041517845775e-06,1.26613533422341e-05,"KRT23",0,1.99365578807829
243.282546200299,1.95082898219609,0.4325548434166,4.51001534692611,6.48229359954883e-06,2.06974457691621e-05,"NEURL1",0,1.99047366865658
13856.0474723159,1.18574997982886,0.242257842285762,4.89457830814068,9.85167433733318e-07,3.55831501941616e-06,"WARS1",0,1.99035167582108
152.347416555655,2.68004999013962,0.652728423845198,4.10591892773957,4.02710715807521e-05,0.000112875916440373,"ODAM",0,1.98823461022912
455.050643962005,1.32346706009517,0.274407141016982,4.82300517103987,1.41411303277654e-06,4.98130870613326e-06,"RGS4",0,1.98783708091242
781.220277909984,1.02424215632254,0.206317840058264,4.96438968163533,6.89174459999052e-07,2.55180548988569e-06,"LRRC20",0,1.98521837666832
142.189867132919,2.05302938138343,0.462699371922424,4.43706973893978,9.11917558459821e-06,2.84171607846648e-05,"AC025154.2",0,1.97983460905627
5119.29913726435,1.68701713134442,0.364652898267584,4.62636424764264,3.72140589812744e-06,1.23307344027568e-05,"CLDN3",0,1.97880845638649
1108.53533603248,1.1530070828454,0.235858941698847,4.88854513863459,1.01583907302546e-06,3.66047513361276e-06,"BAG2",0,1.97684088657025
1798.17601245004,1.13740968935183,0.232346333392041,4.8953201573991,9.81458121328178e-07,3.54737504834465e-06,"SPI1",0,1.97625077472273
398.965032968752,1.0497561321311,0.213160486887927,4.92472196633247,8.44803850594464e-07,3.08381206741996e-06,"GPR132",0,1.96820046856976
12736.5317651214,1.60652396987033,0.345643225907973,4.64792551814125,3.35289928515268e-06,1.11721878647673e-05,"PROM1",0,1.96751572198383
1030.53063627639,1.29402518512158,0.269391030741106,4.80351992997563,1.55900363339761e-06,5.45557091042764e-06,"EPN3",0,1.96715549403031
179.577534159503,1.52800132201232,0.326181084558466,4.68451849095019,2.80618834521766e-06,9.46176582522168e-06,"LRRC37A6P",0,1.9656087380325
1586.93818668235,1.00453211203804,0.203327983486827,4.94045184933004,7.79417391207617e-07,2.86236589695815e-06,"STXBP2",0,1.96434208892759
5578.4318188226,1.02318116433249,0.207569597857104,4.92934020634792,8.25077883187835e-07,3.01602933404253e-06,"STEAP3",0,1.96312368094372
874.261644562224,1.08168715613543,0.221219021211146,4.88966613365039,1.01007144942281e-06,3.6401952816403e-06,"NFAM1",0,1.95616874211977
2617.21104411768,1.06369760116174,0.217218636574789,4.89689843346159,9.73611275663905e-07,3.52145485260594e-06,"DUSP23",0,1.95509264290257
7649.60556863496,1.28490316907484,0.26845685494254,4.78625576295997,1.69921494318045e-06,5.90973127736955e-06,"HLA-DQB1",0,1.95400063069203
1563.0789811321,1.15201108595343,0.237470737464123,4.85117070951731,1.22734848675247e-06,4.37305809242436e-06,"SORD",0,1.95336775179924
215.782634337954,1.41509404145861,0.299891038602582,4.71869398983244,2.37363555488468e-06,8.09863324727473e-06,"CTLA4",0,1.95200469282031
258.920575831131,1.33238496041561,0.279973361746751,4.7589704681291,1.9458289957318e-06,6.71635651903347e-06,"CACNA1A",0,1.95157536570831
220.24178219048,1.52142103690823,0.326384660295265,4.66143548392216,3.14011504415339e-06,1.05088430935866e-05,"CLEC4E",0,1.94995983876809
191.396599174806,1.16006744043534,0.23982271403518,4.83718752455271,1.31689176856653e-06,4.66468511091505e-06,"OR7E14P",0,1.9473735325102
6298.75075260716,1.34797662341021,0.284238198266712,4.74241896982949,2.11181307353016e-06,7.26139445821271e-06,"PRSS8",0,1.94608697819511
683.718578667139,1.33501820870407,0.281520071441108,4.74217771354659,2.11433022270333e-06,7.26909073004586e-06,"MTCL1",0,1.942061435734
572.068248083613,1.39846299539411,0.296897563225098,4.71025420418774,2.4740801323238e-06,8.42040041902135e-06,"SPATC1L",0,1.94193907536181
359.112842494369,1.40072431896337,0.297500044545308,4.70831633354611,2.49771276293509e-06,8.4941785507409e-06,"MATN3",0,1.94148087995516
1748.72900270774,1.10279882511723,0.227421150549333,4.8491480341799,1.2399286488731e-06,4.41305571957606e-06,"FERMT3",0,1.93741782426011
650.236366347504,1.61343361303161,0.352037318736931,4.58313231909736,4.58061975882351e-06,1.49627838663224e-05,"EFR3B",0,1.93152636309751
250.538238351482,2.6019309736476,0.644142694677025,4.03937046115569,5.35948576980941e-05,0.00014707842095695,"KRT4",0,1.93031460451147
260.437910017363,1.39054361446915,0.296461060312146,4.6904764254875,2.72569633875286e-06,9.20942663153219e-06,"AC107294.2",0,1.92789330663391
381.121207081395,1.43758130144289,0.308233987696892,4.66392856992968,3.10229103597066e-06,1.03875941470324e-05,"FAM78B",0,1.92631989853308
201.50485528388,1.64707024851629,0.361562776335587,4.5554198504869,5.2281047809127e-06,1.69209097745283e-05,"DUOXA1",0,1.92559396163485
376.229072309253,1.34083527989446,0.284846794201304,4.70721562324089,2.51123243376519e-06,8.53570163658329e-06,"SP140",0,1.92287881616186
155.834961993681,2.24771006060683,0.53209893146535,4.22423336655996,2.39755514844848e-05,6.96967436763763e-05,"CWH43",0,1.92134927185344
478.489099570241,2.21044039302084,0.521503696570936,4.23859007626453,2.24927933887167e-05,6.56572951023155e-05,"OBP2B",0,1.9179472217946
102.365758546459,1.04925712149319,0.216645193171082,4.84320517863788,1.27761236968034e-06,4.53541081852887e-06,"UFSP1",0,1.91779214694713
531.830537531295,1.00959786517459,0.207730172034397,4.86014070699086,1.1730235092921e-06,4.19095447049303e-06,"RABAC1",0,1.91618547671533
8128.92558565701,1.00508364725335,0.206717110060083,4.86212121948308,1.16134463692602e-06,4.15207387885758e-06,"CDC42EP1",0,1.91604557245114
19265.0416349072,1.12314814265454,0.233830047911819,4.80326695685449,1.56097544544621e-06,5.46100482303669e-06,"QSOX1",0,1.91576267476791
168.837085017957,1.94316433000165,0.444480527894322,4.37176480870192,1.23246249323978e-05,3.75442325713232e-05,"LINC01671",0,1.91058632955311
133.093208590485,1.02219983303216,0.211308524284436,4.83747561293934,1.3149851277061e-06,4.65856446370141e-06,"C19orf38",0,1.90618431706191
175.565492779338,1.37891927985339,0.295950595399194,4.65928875052077,3.17303842240276e-06,1.06122135689983e-05,"GPR63",0,1.90593398950571
170.020255785049,1.70125102614775,0.379138360913823,4.48715087032419,7.21819612466332e-06,2.28678559044238e-05,"METTL7B",0,1.90260767375565
687.770421472913,1.80571461110481,0.407568881415621,4.43045260185952,9.40355149722079e-06,2.92299519291741e-05,"DLGAP1",0,1.90196595299289
371.851366995122,1.56211752421254,0.34282023183028,4.55666667008699,5.19718019960008e-06,1.6831270501053e-05,"TAFA5",0,1.90080018734141
283.508305977173,1.85681917462935,0.422931377400171,4.39035567907854,1.13165403244911e-05,3.46759441211365e-05,"PCP4L1",0,1.89503726405914
572.991388422609,1.34641616112589,0.289679951986118,4.6479438839123,3.35260084799712e-06,1.11721878647673e-05,"CD5",0,1.8894833793605
1413.77063661458,1.23122526481786,0.261647641241739,4.70566162559181,2.53043933799973e-06,8.59538209846742e-06,"NPAS2",0,1.88908802318146
2587.30908375712,1.19480190814936,0.253173723196539,4.719296667379,2.36661467817564e-06,8.07573567430348e-06,"IL27RA",0,1.88628594374186
1329.19584410662,2.07994564652569,0.489205317283652,4.25168241848788,2.12170588705819e-05,6.21910574136354e-05,"CRLF1",0,1.88586531164591
1143.22836090418,1.18109720641898,0.250147457579031,4.72160388056643,2.33992067566316e-06,7.99092260611968e-06,"NRARP",0,1.88355008459151
6464.60582471156,2.05224748072403,0.481738093968584,4.2600896761506,2.04344900102702e-05,6.00660634977125e-05,"IGLV3-1",0,1.88208549295783
2888.66321186366,1.19972788049574,0.255074190567918,4.70344678081528,2.55805797289048e-06,8.68240848689274e-06,"RAC2",0,1.87832629979363
2815.09356113316,1.00932934163437,0.210427639610026,4.79656257849447,1.61411546946382e-06,5.63729687357837e-06,"C6orf132",0,1.87747753056677
1582.72010172809,2.09831937330106,0.496763247287589,4.22398272166519,2.40022459633997e-05,6.97665639527142e-05,"IGHV3-33",0,1.87640161172173
274.674332310295,1.39005601353164,0.301961903487844,4.60341519070999,4.15618489185659e-06,1.36619510184143e-05,"ADAMTS17",0,1.87636298687603
610.60197160879,1.17120864550532,0.248441348461386,4.71422592398042,2.42631341387877e-06,8.26970603550968e-06,"WNT2",0,1.87611557208299
3865.07792557003,1.68801993613296,0.380685727305624,4.43415609006475,9.24336414412592e-06,2.87835113062872e-05,"UCHL1",0,1.86866284908903
591.715843034688,2.11419438565388,0.504669279575837,4.18926705312994,2.7985689982304e-05,8.04924396743593e-05,"IGHV3-73",0,1.86253178846245
6328.39519092984,1.01374729145513,0.213133041175371,4.75640607324225,1.97069866184139e-06,6.7985974084462e-06,"UBE2L6",0,1.85439839012182
1023.94997043237,1.46907073272866,0.324685183637385,4.52460046458216,6.05097047545482e-06,1.94225646328877e-05,"CBLC",0,1.85422924721849
334.986627056464,1.33373256852647,0.290299708893845,4.59432967951814,4.34142551362795e-06,1.42385428867312e-05,"FER1L4",0,1.85408010625289
113.51038525345,1.2501511196766,0.269767879650949,4.63417335412267,3.58366600069757e-06,1.19046183564006e-05,"GPR3",0,1.852330692756
321.439694359412,1.94871514447506,0.4574099656825,4.26032507089649,2.0412979441009e-05,6.00163698498514e-05,"GJB5",0,1.85113362639836
104.332557515086,1.11799069719735,0.23811834928252,4.69510518851654,2.66469566792458e-06,9.02203168928302e-06,"CFAP45",0,1.8488059047008
2342.551048464,1.14283574360706,0.244240513567815,4.67914076543955,2.8807961853018e-06,9.69326373593159e-06,"H2BC21",0,1.84690971430575
101.10579140512,1.20268831370798,0.258730709201109,4.64841733484811,3.34491622808718e-06,1.114986333984e-05,"LINC02611",0,1.84662563078818
173.805342070544,1.69499800167329,0.386945421097758,4.38045757684536,1.18430348998099e-05,3.61532252878961e-05,"TMPRSS5",0,1.84105528625968
273.404397817582,1.27636229727488,0.277991921343338,4.59136470983447,4.40357053428146e-06,1.44260240187401e-05,"CNFN",0,1.8351646939013
496.074394119712,1.87603469361054,0.439517203179046,4.26839877948145,1.96881129457653e-05,5.80094992830636e-05,"NKAIN1",0,1.83376067303972
500.456205804307,1.35454152389456,0.29854971832698,4.53707185350959,5.70406763459437e-06,1.83678728883226e-05,"CD3D",0,1.82714479758777
36499.8543993413,1.8273875239711,0.42685864118721,4.28101330896954,1.86044229835443e-05,5.50279693534607e-05,"GABRP",0,1.82604121117022
139.330538165639,1.06312565580254,0.226969306531373,4.68400627401831,2.81321390819889e-06,9.48300102741761e-06,"AL590652.1",0,1.82585395745715
1318.52583526309,1.34340228703421,0.296006965036682,4.53841444868612,5.66787814753379e-06,1.82581042599806e-05,"KIAA1755",0,1.82458398129487
2798.27283137382,1.13574269223446,0.244774122719695,4.63996226241229,3.48472807637939e-06,1.15921907563785e-05,"OAS1",0,1.82147315194173
1192.90083897213,1.29334992018932,0.283791944906904,4.55738770391666,5.17937657582133e-06,1.67756969684312e-05,"CD2",0,1.82060080429112
546.675141746025,1.26576769887478,0.277080457562593,4.56823158879345,4.9185640937701e-06,1.59985288535444e-05,"TET1",0,1.8185062949937
120.153525858231,1.48201374216894,0.332929863826934,4.4514292744232,8.53006278409342e-06,2.66898507493654e-05,"ADGRE1",0,1.81670027908964
422.442433328143,1.48553119034197,0.334380773710478,4.44263339024451,8.88645070447519e-06,2.77350467568911e-05,"ZNF385C",0,1.81275068639246
3073.89812520441,1.09192218367814,0.235069438201141,4.64510483384838,3.3990380694068e-06,1.13201386681011e-05,"IRF1",0,1.81142113104718
366.62804878198,1.46958226311902,0.330480993189628,4.44679813182414,8.71596731153391e-06,2.72290412164135e-05,"RAMP1",0,1.81036497414024
1262.81429208384,1.05018376640573,0.225153947743506,4.66429204075999,3.09681325209239e-06,1.03745830924422e-05,"JAK3",0,1.8102639339004
200.589919371909,1.0512113548555,0.225430804536632,4.66312204765558,3.11447915773064e-06,1.04270650147142e-05,"GPR137C",0,1.80991478201948
2201.59210503394,1.06382782880254,0.228799857823773,4.64960004311684,3.32579333012367e-06,1.10917930829495e-05,"FPR3",0,1.80564782087131
327.71001748918,1.48548051244656,0.335605118318304,4.42627490274943,9.58743283028097e-06,2.97470408731042e-05,"DERL3",0,1.8036110226783
13289.2880626695,1.42438526188911,0.319624491329632,4.4564334102299,8.33344701945126e-06,2.61248302412551e-05,"IFI27",0,1.80219953543991
534.177579012381,3.12238318711506,0.907427139887378,3.44091889019606,0.000579742291471388,0.00133582094155261,"CSN3",0,1.79899048186047
530.449851250955,1.32322832654848,0.293821455213413,4.50351158184609,6.6839723384703e-06,2.12918375836375e-05,"GZMA",0,1.79850455456365
3458.61709713212,1.3418231061507,0.298805268834256,4.49062732857963,7.10137076023197e-06,2.25196388816261e-05,"SEZ6L2",0,1.79677850524063
776.794237515678,1.05085965556357,0.226552097341623,4.63849007753371,3.50963781757894e-06,1.16735650109519e-05,"PARVG",0,1.79509684478742
457.94209554304,1.1650710498399,0.254662269094354,4.57496532165209,4.76298873561571e-06,1.55215436143636e-05,"CST7",0,1.79224084208155
124.755060091351,1.19665986746563,0.262694379392186,4.55533106659697,5.23031357424407e-06,1.69259570378423e-05,"LINC01679",0,1.79043198998078
16227.4337266034,1.16462191298441,0.254734494690387,4.57190501192204,4.83310035218969e-06,1.5738216974457e-05,"VCAN",0,1.79029991537438
19592.0523678195,1.07316875982701,0.232580569366736,4.61418063748406,3.94649086114357e-06,1.30169780181487e-05,"TRPS1",0,1.78759757651199
107.235685916702,2.00273417141925,0.487622418324844,4.10714129653708,4.00586195924341e-05,0.000112316665259329,"UGT2B7",0,1.78568699126188
430.86201197622,1.36441594191531,0.305986701370552,4.45906941642864,8.23162607687315e-06,2.58304799501447e-05,"LINC01503",0,1.78568503984266
17527.0615324185,1.31160318063723,0.292629046709089,4.48213598543118,7.38996268769062e-06,2.33694234356462e-05,"TGFBI",0,1.78288655487409
1096.36280847632,1.06136952634219,0.230172848842836,4.61118473216142,4.00380529414496e-06,1.3187901146112e-05,"BRCA1",0,1.78235815297322
113.992354269823,1.53798997585691,0.353330685369272,4.35283443963983,1.34388638364156e-05,4.0639311325272e-05,"GPR55",0,1.77871309082497
108.389086419029,1.45361918095379,0.330635956754839,4.39643405762921,1.10043771270003e-05,3.37909174896358e-05,"LRRC55",0,1.77744575912174
112.307949855672,1.85882848364153,0.445473201279338,4.17270551472734,3.0100388285709e-05,8.61186281904925e-05,"SMTNL2",0,1.77711941413269
100.73056546092,1.24944285502213,0.27760641495062,4.50077083141026,6.77074740068747e-06,2.15445645133936e-05,"ASIC3",0,1.77483154050926
7366.99372386814,1.22371370329297,0.438503730435053,2.79065745251218,0.00526011089078993,0.0100709005207654,"SLC34A2",2,1.766193619165
743.658216844136,1.33829877900555,0.302197078711962,4.42856292559048,9.48630430872209e-06,2.94660979999355e-05,"TRBC1",0,1.76069284502638
124.643190756648,2.08920080661352,0.521355342722125,4.00724925097206,6.14300245434993e-05,0.000167045321278468,"IGKV1D-13",0,1.75990994714727
661.067064362132,1.34420647525405,0.304426627915955,4.41553514702778,1.00760405951998e-05,3.11088653553325e-05,"TDRD5",0,1.7553966912099
2254.86580299865,1.02104079443862,0.222704305196746,4.5847375673164,4.54556995661087e-06,1.48631926817581e-05,"SCAND1",0,1.75467860596574
5248.33495707077,1.44454444021454,0.33160321633213,4.35624375478826,1.3231342540613e-05,4.00535833243711e-05,"TFCP2L1",0,1.75257091939606
502.977157154167,1.07812826684967,0.236988236696976,4.54929021742209,5.3827164781928e-06,1.73910845856534e-05,"AC093627.4",0,1.75134047983805
2079.41396913676,1.21908648761409,0.442759396328927,2.75338366101761,0.00589827294742475,0.011174524378263,"SLC6A14",2,1.75125723209315
11965.5525153615,2.02281847019495,0.504979445248779,4.00574417281164,6.18225327736348e-05,0.000168060064846213,"IGKV1-5",0,1.73920618302437
631.911119173907,2.55820103383166,0.69713182301196,3.66960874455414,0.000242921984819443,0.000598794078325145,"IGHV7-4-1",0,1.73427706110682
3761.55061170084,1.08871981209517,0.241298582471317,4.51191963477275,6.42435311344984e-06,2.05225015451344e-05,"OLFML2B",0,1.73294685451777
105.341382422301,1.43325107784668,0.331684527879311,4.32112732846011,1.55234058786301e-05,4.65166824966376e-05,"FASLG",0,1.72969270318441
346.305896640498,1.20889980560491,0.272185856469111,4.44144975527817,8.93548126633844e-06,2.78680533823455e-05,"WNK3",0,1.72913795155006
657.084388679583,1.18188379056224,0.265429867486515,4.45271589725025,8.4790913086764e-06,2.65462975190088e-05,"BCL11B",0,1.72736394992978
127.312962101896,2.16232579563358,0.554536763501723,3.89933713678275,9.64563915375632e-05,0.000254538242377977,"MYO3A",0,1.72697182641395
1209.11247639395,1.31176097477287,0.299354031501301,4.38197196875623,1.17609943626506e-05,3.59111912909938e-05,"TRBC2",0,1.72695934873428
539.91907734238,1.48846205001054,0.347360151186233,4.28506852305152,1.82682873242772e-05,5.41320274732219e-05,"GBP1P1",0,1.72650232693528
803.692174808266,1.13099731547671,0.252585733846032,4.4776769386593,7.54596784466651e-06,2.38251869921175e-05,"CLDN23",0,1.72618829927707
218.86089059415,1.58347034680655,0.374327667051791,4.23017181518529,2.33512889267639e-05,6.79729814018933e-05,"KRT87P",0,1.72534020828821
149.350441753857,1.47613290486116,0.344130597136361,4.28945556467403,1.79111642970029e-05,5.31463084496272e-05,"MIR9-1HG",0,1.72519794033377
262.127199937711,1.02478994331584,0.226177319463017,4.53091382349415,5.8729093195179e-06,1.88835731135899e-05,"TMEM160",0,1.72461173076207
184.252225125688,1.37861421115834,0.318784460986087,4.32459664719513,1.5281119977774e-05,4.5822265553967e-05,"S1PR5",0,1.71526129598885
1961.63853135663,1.57026456426092,0.372601815142853,4.21432344246336,2.50528044396561e-05,7.26581501255579e-05,"HLA-DQA2",0,1.7126940683156
449.784698846264,1.19740655530646,0.271157122810245,4.41591407556128,1.00584035816393e-05,3.10617706625509e-05,"PSTPIP1",0,1.7115541039328
12756.0452459608,1.02145919806558,0.226694052171717,4.50589324369149,6.60943126094781e-06,2.10749901748167e-05,"LCP1",0,1.70930754517119
157.019445841675,1.4548350913461,0.340780770406269,4.26912319498452,1.96242863958354e-05,5.78279757495185e-05,"SORD2P",0,1.70780913033631
1220.52631589116,1.72925813943729,0.420619454109759,4.11121768748729,3.93577904095321e-05,0.000110494294303207,"NCMAP",0,1.70577548607175
125.993567375408,1.19535934353284,0.27190905931474,4.39617328876561,1.10175987741201e-05,3.38195651489624e-05,"TFAP2E",0,1.69985739731451
549.895564128357,1.07169891060684,0.240750848543111,4.45148549669568,8.52782934970122e-06,2.66862950200205e-05,"USP43",0,1.69362318831502
1255.55584065777,1.21172947948286,0.276982969759435,4.37474361884151,1.2157528073737e-05,3.70611956844933e-05,"LRRN2",0,1.69284301586267
2282.99984943821,1.34441233944729,0.312524133772596,4.30178726749317,1.69425935565601e-05,5.04734384272974e-05,"KRT80",0,1.69240483441367
249.449646351315,1.14989221972017,0.261136280874975,4.40341807682673,1.06558533737383e-05,3.27786322743967e-05,"NCF1",0,1.69029041746122
273.807983252265,3.02748967637066,0.930353653055873,3.25412778939112,0.00113741102476547,0.00247403981830452,"LALBA",0,1.69022489738744
198.818920740312,1.64753224105097,0.399228309919831,4.1267921139706,3.67858649073925e-05,0.000103810451503843,"RASGEF1C",0,1.68938734833686
1604.69596718327,1.54447789038757,0.369186611745806,4.1834612666046,2.87104025169826e-05,8.24263847278717e-05,"TRPV6",0,1.68852349156508
119.075310412748,1.13560053635705,0.257777762036929,4.40534717728817,1.05614588832913e-05,3.25012932422169e-05,"AL024508.1",0,1.6871099682739
211.586178478375,1.55228160469404,0.374877913389794,4.14076569797804,3.4614839743971e-05,9.81513137828882e-05,"PNPLA3",0,1.66811564626967
933.174008348675,1.34417727261453,0.316646098539505,4.24504605872108,2.18548524727767e-05,6.39239721059099e-05,"RASGEF1A",0,1.66155405578769
102.366343616281,1.27553103426634,0.298035765205673,4.27979183433271,1.87068198429232e-05,5.53182839302868e-05,"RHBDL1",0,1.65979870055787
1770.49354653841,1.0291647836587,0.233209517553692,4.41304795127737,1.01925410178502e-05,3.14424812677281e-05,"HLA-H",0,1.65949439184196
1512.61229122153,1.17063429936554,0.270393798438638,4.32936815165602,1.49537767223843e-05,4.49233718822626e-05,"TGFA",0,1.65544858591417
137.355907941391,1.18110304993717,0.273358348729227,4.32071328872087,1.55525644774253e-05,4.65933453893858e-05,"VMO1",0,1.65383374684353
408.223835770258,1.3305455112621,0.313941340995154,4.23819783353299,2.2532118105143e-05,6.57352795351722e-05,"NKD2",0,1.65382409915361
175.554171928446,1.56819523289996,0.382133464496165,4.10378932650558,4.06437601910461e-05,0.000113834844407435,"NUPR2",0,1.65357600438689
107.80588979788,1.06022038175076,0.242638663879836,4.3695442630521,1.24506102461222e-05,3.78925927945904e-05,"AC241585.1",0,1.64449981767861
155.301040443164,1.19432590039336,0.278118495549122,4.29430591458961,1.7524070516857e-05,5.20569739216994e-05,"ZNF90",0,1.64335409444343
171.611422663208,1.13852423029455,0.453592923577304,2.5100132103373,0.0120726645155877,0.0214211521290466,"SLC6A2",2,1.6423044214389
363.248710755527,1.18686824944908,0.276269423067862,4.29605359966868,1.7386556073635e-05,5.16956036467942e-05,"CXCR6",0,1.64202439155715
1854.49258128972,1.36153279418311,0.324475509997871,4.19610341067664,2.71546301194117e-05,7.82835371956099e-05,"SLAMF7",0,1.64035870602388
293.422137852604,1.33544865225023,0.317149854432597,4.21078122403506,2.54489107300487e-05,7.37439091874292e-05,"CD8B",0,1.64031674888554
8900.42260818251,1.37683983485342,0.329392055155577,4.17994245247693,2.91582875278597e-05,8.36067628411307e-05,"GPRC5A",0,1.63637952794515
344.590599806651,1.47543246698483,0.358597712905585,4.11445029872039,3.88103165860786e-05,0.000109086534661345,"PCDHB2",0,1.63129839635759
168.726893799486,1.42965890232251,0.345429631127128,4.13878478709996,3.49150277883319e-05,9.89164253188183e-05,"LRRC10B",0,1.630317146717
3050.51397621011,1.7736711967162,0.450420897792367,3.93780840411588,8.22292097680809e-05,0.000219378638321633,"IGKV3-15",0,1.62974305806518
206.268574830986,1.32870059444965,0.31749963303684,4.18488859889637,2.85305984314535e-05,8.19421671785697e-05,"TRPV3",0,1.62455794458236
2800.46242895115,1.77455060136984,0.453263337979946,3.91505434628457,9.03838468647533e-05,0.000239775670285317,"IGLV1-44",0,1.61842364629447
19403.6613642195,1.12567871637141,0.26272399983576,4.28464364532788,1.83032321232505e-05,5.42232471595376e-05,"CLDN4",0,1.61744795838602
919.760172374116,1.00473067652331,0.230966097170595,4.35012189594735,1.36061875612527e-05,4.11023862740961e-05,"SHROOM2",0,1.61725909204681
281.264632463856,1.41974140537102,0.344720898515563,4.11852432354611,3.81306327434009e-05,0.00010732655261011,"AC010615.2",0,1.61671026767166
5639.69518638656,1.2929550304098,0.308997140574444,4.18435920800471,2.85971616796999e-05,8.21242936548128e-05,"FNDC1",0,1.61354501494852
994.000388303539,1.08680515463596,0.253065040530164,4.29456851234423,1.75033423830726e-05,5.20013250398397e-05,"CASC15",0,1.61123722339558
2422.95432075268,1.43251213729308,0.349622630195016,4.09730953769795,4.17979823818485e-05,0.000116791511067386,"COL9A2",0,1.60953025795408
132.807436828696,1.27577581654307,0.30518015386534,4.18040229806686,2.90993820383355e-05,8.34562208816472e-05,"MICB-DT",0,1.60629513051738
3148.10452752498,1.58609950451871,0.396435520825284,4.00090158726653,6.31015990621066e-05,0.000171358410537757,"TMPRSS3",0,1.60565822381398
1905.38023961343,1.54445117793357,0.383970432709858,4.02231798691806,5.76281838778304e-05,0.000157413168725076,"SMOC1",0,1.60422303497556
1086.23644055177,1.15113450309587,0.271645479197861,4.23763541545047,2.2588618124694e-05,6.58779938080553e-05,"PYCARD",0,1.59971824140858
178.285472681325,1.27230254728876,0.30536563943699,4.16648890043601,3.09326946387253e-05,8.83157230172676e-05,"MCF2L-AS1",0,1.5978793555649
223.520802579652,1.29128128966843,0.310730979898471,4.1556245537228,3.24400159378816e-05,9.23764360337294e-05,"CD27",0,1.59771602607232
1014.64902535939,1.37330659342006,0.335462669858195,4.09376874631261,4.24417625220292e-05,0.000118476057363647,"VSNL1",0,1.58990280002459
179.653945766294,1.48681364154006,0.369291750380806,4.02612200247335,5.67042760459937e-05,0.00015505196304321,"KLRK1-AS1",0,1.5889009117574
202.347437189159,1.44369148218681,0.356426213000434,4.05046382541188,5.11162116605856e-05,0.000140791028038513,"NCR3LG1",0,1.58853495062369
242.370526138627,1.32470466098809,0.322078054760834,4.11299261594144,3.90562882982038e-05,0.000109706925330741,"CCR4",0,1.58534118521637
3595.90688640848,1.01705388245221,0.237796938323425,4.27698476533338,1.89441761797542e-05,5.59440172740063e-05,"GALNT3",0,1.58079006993647
1236.89374115694,1.09948540447065,0.260225826153822,4.22512023776125,2.38813235010269e-05,6.94383111769402e-05,"TMEM125",0,1.57736587642103
570.41757660725,1.43330118514405,0.355263932178952,4.03446861704519,5.47260034306835e-05,0.000149957188208518,"TBX1",0,1.57720016898377
188.608271174044,1.10337967726881,0.261398918536251,4.22105677960483,2.43159673183092e-05,7.06390638678664e-05,"ACOT11",0,1.57630042262239
791.183864206514,1.42976620446414,0.354441144371182,4.03386070485893,5.48678509037172e-05,0.000150330068268572,"EMID1",0,1.57581610493345
12852.4202120946,1.15702862307844,0.276164239847249,4.18963955549936,2.79397907713594e-05,8.03692922133111e-05,"S100A16",0,1.57558154382796
4772.45876465062,1.0142839667202,0.238328714894184,4.25581939285213,2.08284794015352e-05,6.1141438351331e-05,"EPS8L2",0,1.56838449463182
2327.150875451,1.68547736897217,0.435913215128618,3.86654340927669,0.000110388822509584,0.00028873223322871,"GLYATL2",0,1.56749462970276
3047.19723988948,1.91453063927989,0.513892960163555,3.72554362034958,0.000194894744819709,0.000489669524165335,"IGLV6-57",0,1.56738826915438
143.996363943088,1.03793430565852,0.244884401374234,4.23846639407767,2.25051862227281e-05,6.56787605539468e-05,"DUXAP10",0,1.56615280715626
526.276167669138,1.69292833765868,0.440216080111368,3.8456758263587,0.000120220619887882,0.00031253524470105,"ANXA8",0,1.55940880130613
363.765722820712,1.23099856167735,0.299880490466529,4.10496381329196,4.04378175111901e-05,0.000113306738585853,"P2RY10",0,1.55302284679672
5301.55079231094,1.75810120981932,0.463569854765421,3.79252704149403,0.000149122005990217,0.000381730661901895,"IGKV3-11",0,1.55290324933887
12243.1249008162,1.6144510593306,0.416192620790243,3.87909582891012,0.000104845448330722,0.000275254940239393,"SLPI",0,1.55241478108702
202.33380799519,1.66376776450888,0.432349333617719,3.84820244913335,0.000118987705520295,0.000309700700928359,"FAM30A",0,1.55184767287093
218.675629898053,1.20432499027349,0.293084718417243,4.10913607770905,3.97142021361191e-05,0.000111410902613239,"SIT1",0,1.54721918925691
1476.19349351439,1.37141862486546,0.341940641645252,4.01069208464622,6.05410233161706e-05,0.000164765384713157,"KYNU",0,1.54636579443901
197.209137088725,1.30812688899797,0.324647842390658,4.02937188605696,5.59260847651892e-05,0.000153084663611697,"TUBBP5",0,1.53695856143459
3375.61775296847,1.79287785989876,0.480115096058262,3.73426679273003,0.000188262844305457,0.000474149522947861,"IGLV3-25",0,1.53508876258692
9770.02904092858,1.72675150210189,0.457636325083066,3.77319589258669,0.00016116964185612,0.00041011412087695,"IGKV4-1",0,1.5341540337336
114.396307704736,1.25529552195485,0.309885888479769,4.05083151128,5.10359477810343e-05,0.000140644259520903,"BTLA",0,1.53215205332384
502.029587272884,1.82113477128108,0.492269786152813,3.69946485140519,0.000216054558466082,0.000537265803805269,"EPHA7",0,1.52728367161533
714.936596851979,1.11726867183997,0.27211088395495,4.10593158054251,4.02688670126947e-05,0.000112875916440373,"CLEC11A",0,1.51940021473923
27249.4434299755,1.17964039233027,0.289899484349914,4.069135876442,4.71878234747388e-05,0.000130772378749311,"KRT7",0,1.51893731061159
1643.80714635948,1.21021024936414,0.299153902752577,4.04544362693832,5.22241321971864e-05,0.000143584690853714,"HLA-DRB6",0,1.51593063357312
367.860170914002,2.06306778764281,0.586639217967391,3.51675736032617,0.000436852926463625,0.00102857378281701,"CLDN10",0,1.51524970115762
358.495027407497,1.10447953513596,0.269246527094924,4.10211246567565,4.09395181827996e-05,0.000114601634500756,"AC005912.1",0,1.51358661700636
284.166194381965,2.07781174813345,0.593668848003524,3.49995078084529,0.000465344070879944,0.00109083847982262,"TDRD1",0,1.51201538959759
2634.93449088758,1.2241516993448,0.30416612798591,4.02461545422804,5.70684912990395e-05,0.000155982422427604,"MAP2",0,1.50932281159096
263.909371844587,1.22137599553511,0.30353058445814,4.02389761715609,5.72428102275694e-05,0.000156426075500792,"PRKCQ-AS1",0,1.50812005377064
509.443806151072,1.24458861946835,0.311343251262814,3.99748064048371,6.40202250696506e-05,0.000173744425496156,"HSH2D",0,1.50140332203181
263616.665263448,1.68218453121635,0.450931689243961,3.73046421740003,0.000191127287949238,0.000480759916527338,"IGKC",0,1.50007688403547
1933.58696737406,1.00845561186992,0.244389877410911,4.12642136635769,3.68451906883679e-05,0.000103966614599879,"CAMSAP3",0,1.4974685127985
434.78423129857,1.72263529170753,0.466090564756009,3.6959239726496,0.000219088533028756,0.000544058377675583,"ANXA8L1",0,1.49609693686266
256.215053319939,1.40300308017047,0.361194420401104,3.88434317067369,0.00010260689785818,0.000269867218895084,"AC016705.2",0,1.49155588400943
1082.38694144896,1.50255796409676,0.394103582454696,3.81259656341613,0.00013751447617489,0.000354033565476628,"BMP7",0,1.48605405756177
113.580255754337,1.02310884200472,0.249937126777802,4.09346484531799,4.24974534201291e-05,0.000118618815537264,"PDZD7",0,1.48468657767401
121.848845206383,1.43327244886708,0.3720697933092,3.85216019854638,0.000117080383129182,0.000305162918410997,"C8orf31",0,1.4846222067808
113.849643077459,1.04726927945672,0.257181029567896,4.0721093667612,4.65892931856594e-05,0.000129292356592205,"KCNK13",0,1.4807089284331
314.64546207579,1.04010821876335,0.255759929220518,4.06673641931828,4.7676115283968e-05,0.000132013309656596,"SDCBP2",0,1.47584714986039
872.392122017207,1.56492184026516,0.41808388650463,3.74308097197578,0.000181777619783388,0.000458969121938549,"ADCY2",0,1.4709415115313
1092.41923441052,1.144643632099,0.286655693006809,3.99309575921037,6.52162153910365e-05,0.000176769375751081,"CCDC85B",0,1.46917098115676
181.430778172967,1.85502531872738,0.522458707062938,3.55056829113945,0.000384400392735291,0.000914749410026551,"IGLV9-49",0,1.46811695420089
668.920422670784,1.0364695453978,0.255883169649916,4.05055770887875,5.10957060303595e-05,0.000140764296036079,"PRRX2",0,1.46639310979296
4681.31630173053,1.9367949330974,0.559253723103573,3.46317754014971,0.000533836029937891,0.00123715360885411,"DSG3",0,1.45331139202852
875.663845793222,1.69535799502605,0.468144497543116,3.62144167863451,0.000292965855165628,0.000712183245976165,"IGHV1-24",0,1.45282987268768
2050.91958694805,1.09839620705818,0.275419034182589,3.98809112927901,6.66070791359882e-05,0.000180370531044858,"TRAC",0,1.45266918693955
1234.17073958427,1.75081021204029,0.489904473274897,3.5737787824972,0.000351866235593832,0.000841785716154958,"IGLV4-69",0,1.44768259796814
1902.59783914774,1.66052890984082,0.457132837468288,3.63248660725672,0.000280703149031332,0.000684159792968651,"NLRP2",0,1.44761140862057
1389.59725413546,1.00520749927527,0.249495072826598,4.02896733745878,5.60224005312107e-05,0.000153283920924433,"CD37",0,1.44591326951028
163268.231849533,1.03929737837457,0.259683320227601,4.00217225143175,6.27635770272259e-05,0.000170458237379527,"COL3A1",0,1.44230381551782
14276.2104599991,1.56368182909949,0.424599975215599,3.68271766456299,0.000230760688338867,0.000570922443330415,"IGLC2",0,1.4421314140081
372.828846920181,1.00289932222899,0.249522016847657,4.0192818850182,5.83757953276243e-05,0.000159288376091823,"AC010503.4",0,1.44021457124167
394.539576468861,1.73111750043484,0.485124868354836,3.56839571285109,0.000359173761979534,0.000858479960894968,"AP000851.1",0,1.43921620150711
647.834876418834,1.14928792934185,0.292813643569672,3.92498080120501,8.67366553378387e-05,0.000230687113018206,"STAC",0,1.4358793786015
2598.37520154716,1.17228960686817,0.29986352156769,3.90941052362563,9.25216168277062e-05,0.000244923427018159,"BCAT1",0,1.4349777837977
1524.98077971525,1.07815589258447,0.27202712767123,3.96341314123463,7.38857535475711e-05,0.000198595580297436,"GLB1L2",0,1.43405589403477
332.033329047,1.15669012255622,0.29581731715778,3.91015013478497,9.22387721999395e-05,0.000244273907846777,"OVOL1",0,1.43064391270022
174.930725583094,1.48205971473004,0.3997806410547,3.70718229582122,0.000209578085877765,0.000523032260849755,"AC008760.2",0,1.42905937127111
191.600716363811,1.07319702804967,0.271656540101332,3.95056576826514,7.79666688779564e-05,0.000208575241958302,"TMEM121",0,1.42618028159669
3462.03440484527,1.67168402224833,0.467633801070671,3.57477158071322,0.000350533791352527,0.00083898304464111,"IGHV1-18",0,1.42437925145088
126.060562230789,1.15944817605728,0.297868432453835,3.89248423038911,9.92229510513747e-05,0.000261574096385132,"LINC01977",0,1.42255603270364
333.183589316258,1.12374794141466,0.287369498130805,3.9104635277024,9.21191699135703e-05,0.000243981955104352,"CAMK4",0,1.42091707028721
361.898729064279,1.20112243431854,0.31139395995282,3.85724384153285,0.00011467275244402,0.000299396498192935,"PHEX",0,1.41746271536558
169.449844636938,1.94918341297849,0.578135532066942,3.37149907740456,0.000747602891192621,0.00168273590922356,"IGKV2D-40",0,1.41695023511978
1952.13619206039,1.73530076282952,0.493427448402968,3.51683062716922,0.00043673236591653,0.00102839228386144,"IGHV3-11",0,1.41694258602148
387.330069749259,1.20803759933274,0.313961260783204,3.8477282079935,0.000119218207948528,0.000310207728747681,"TMEM200C",0,1.41491549561471
3321.76348792639,1.67576569094152,0.471949183346284,3.55073332060828,0.000384159457678366,0.000914259525545692,"IGLV3-19",0,1.41440885911581
214.821149087951,1.3503878177545,0.359906620753805,3.75205050389511,0.00017539411896634,0.000443883349426755,"HNF4G",0,1.41093568899223
924.193481170459,1.00160805252169,0.253373126909608,3.95309504499668,7.71467751718871e-05,0.000206509035572559,"C2",0,1.40600069821284
109.0179008851,1.67933288190142,0.476727854652388,3.52262378946983,0.000427297439786799,0.00100825808799052,"C1QL2",0,1.4027283502223
126.006616567949,1.12189515389993,0.290191622440385,3.86604942094908,0.00011061253282317,0.000289268957611335,"ICOSLG",0,1.39817799698963
1219.02732013261,1.64899695070954,0.467356645111665,3.52834814259577,0.000418161798079759,0.000988772096384712,"SNORC",0,1.39617022463614
2939.58613025298,1.02022589624856,0.260495901722969,3.91647580441993,8.9852829060688e-05,0.000238415481995618,"RHPN2",0,1.39286743273999
440.986981154975,1.04929333016696,0.269620186183705,3.89174618198664,9.95253337009101e-05,0.00026231818741978,"CD274",0,1.38913947822195
825.222625945014,1.05694025410881,0.272144132965457,3.88375175533535,0.000102856925211942,0.000270445460717941,"GASK1A",0,1.38745816730088
650.663964893247,1.01847093461757,0.260748009312641,3.90595861998091,9.38525728726103e-05,0.000248194685712725,"SCARF2",0,1.38710353691053
50323.0510438453,1.19651185402794,0.315429640149534,3.793276540089,0.000148672424699172,0.000380729354026261,"KRT19",0,1.38476864761626
8711.64104681408,1.29200766364789,0.346092227182165,3.73313111989609,0.000189114081856544,0.000476155391843383,"CYP1B1",0,1.38427768713934
441.031799667805,1.0681940375458,0.276111497534235,3.86870538563268,0.000109414750271879,0.000286385610536909,"HACD1",0,1.38337285335464
168.202543243133,1.42026626166534,0.392790050285115,3.61584072874148,0.000299374410455821,0.000726696380378212,"SAMD11",0,1.36767397939677
310.764488871449,1.59273397526201,0.455253992908433,3.49856124289362,0.000467775647339265,0.00109584863837446,"LINC01139",0,1.36589502087561
321.969011046301,1.70500692644455,0.498144421089156,3.42271609248716,0.000619987959294579,0.00142039252372401,"GPR12",0,1.36577956461905
11296.5075857938,1.59990778069594,0.459773723009925,3.47977211533988,0.000501840447955957,0.00116976437064007,"IGKV3-20",0,1.35954281743793
102.759725946863,1.66004147160283,0.484824606185974,3.4240041665007,0.000617056748819236,0.00141442299256692,"DIO1",0,1.35283864922262
1353.57423639288,1.19719296489506,0.321337742331802,3.72565312809997,0.000194810146226617,0.000489504152852249,"SELL",0,1.35223097528264
2180.74807964513,1.06354964015855,0.27935418952151,3.80717268633144,0.000140564596236689,0.00036142210792087,"P3H3",0,1.35166047769544
122.884716734458,1.05215358381489,0.276207679525145,3.80928432411346,0.00013936961783965,0.000358526381942776,"TMEM121B",0,1.34928973960306
550.626804504898,1.27408378062032,0.348047151939508,3.66066429080208,0.000251562188638217,0.000618425628480604,"CCR7",0,1.34483889045777
498.460923595743,1.02975224553399,0.270019542547059,3.81362117652846,0.000136945331160261,0.000352637947975357,"CPNE5",0,1.34472695996419
283.099337311823,1.04919023175108,0.276722227445757,3.7914924342561,0.000149744710902424,0.000383211798458031,"PRKCQ",0,1.33972540797879
13326.1622734683,1.37015144067308,0.382146966667708,3.58540446525244,0.00033655619230205,0.000808125484961085,"PEG10",0,1.33880179134772
217.229434484596,1.12344508915873,0.300605633989272,3.73727223355642,0.000186027475720017,0.000469018107127739,"TGM1",0,1.33567664386453
334.185249016626,1.18113134712797,0.319927451042744,3.69187246445497,0.000222609091929971,0.000552176331040846,"F5",0,1.33171606811891
27177.56761247,1.50246635009229,0.431496641121867,3.48198851834852,0.000497705031959798,0.00116153989096551,"IGHM",0,1.33122966619481
265.490763511138,1.37424387704171,0.385531089107758,3.56454749271232,0.000364484453469323,0.000870061183548658,"KCNS1",0,1.33040822500166
132.380479148396,1.15235458587295,0.31085619012811,3.70703438589413,0.000209700479382186,0.000523287612105633,"MIR503HG",0,1.33008423964603
3641.70412040865,1.62836442824332,0.48031566599144,3.39019637196747,0.000698425744612282,0.00158201806437334,"IGHV5-51",0,1.3287458970103
685.1755270318,1.10589541518598,0.297233485919875,3.72062862218727,0.000198727496955354,0.0004983385919322,"NKG7",0,1.32251126832969
429.739638594161,1.42532511490037,0.406591918419738,3.50554216729159,0.000455678313677869,0.00107010509933703,"CXCL1",0,1.31876960439242
118.89676837358,1.13768166819747,0.308158697934943,3.69186940307508,0.000222611772083794,0.000552176331040846,"S100A3",0,1.31868116443976
455.047685480927,1.0972391206001,0.295675832332072,3.71095301210753,0.000206480431932938,0.000516042705579663,"TOX",0,1.3153660431162
724.283981589655,1.67086304622831,0.503804932814807,3.31648806392791,0.000911564811937524,0.00202124531752088,"IGHD",0,1.3095732058238
772.441428203443,1.59844815303756,0.475865362872476,3.35903446174105,0.000782153128997455,0.00175489633444454,"IGHV4-31",0,1.30625900586019
1965.4395918722,1.54041922873937,0.453194353289344,3.39902564442564,0.000676263752023338,0.00153622372322373,"MZB1",0,1.3061894283885
358.501879503201,1.04765258306836,0.281481986076541,3.72191697831592,0.000197716035495605,0.000495993061039739,"CFAP251",0,1.30565309469919
171.824449982713,1.10967213567,0.302041007184003,3.67391218171243,0.000238864857561967,0.000589239163629014,"ADAP1",0,1.30181415938082
912.056163071699,1.03590692249706,0.278836138419156,3.71510998671144,0.000203115326731243,0.000508217241495807,"CENPV",0,1.29895725836983
158.871420519789,1.12822900176864,0.308848674366963,3.65301552315591,0.000259178556336845,0.000635739853959963,"RPL21P16",0,1.29748486918623
260.564311746687,1.37897696634367,0.395720430759229,3.48472522305197,0.00049264266379734,0.00115048524612124,"TGM5",0,1.29542877381506
605.9340082806,1.0758207312757,0.292645685787791,3.67618859092226,0.000236744534957237,0.000584561882422118,"TBC1D10C",0,1.2926970715228
302.187716470727,1.00939088881615,0.271444130548511,3.71859537642778,0.00020033365149461,0.000501883449640556,"SNHG9",0,1.29263640432295
596.905825371967,1.11246303421299,0.304749823195835,3.65041404305628,0.000261817919146957,0.000641681894569203,"FGFR4",0,1.29154297458669
1458.77574521906,1.05721981266427,0.287017639832734,3.68346633078159,0.000230083686400365,0.000569355558515123,"IKZF3",0,1.2905508743158
117.196295797301,1.46411110906576,0.430781255049838,3.39873448972698,0.000676984021809525,0.00153745796275561,"C1QL1",0,1.28319235768654
2669.14294556789,1.55766658022564,0.467683540638228,3.3305995291174,0.000866591772130748,0.00192940277794091,"IGHV4-59",0,1.28167310422282
8757.1085873198,1.46423847372855,0.431531300078391,3.39312229139014,0.000691007815478725,0.00156698570909821,"ELF5",0,1.28075203140162
1021.73059209666,1.45031912126108,0.426545233036202,3.40015315828881,0.000673481180455722,0.00153043622447383,"LINC01819",0,1.27965116539195
465.823259169819,1.44813491561359,0.426735979338158,3.39351492662878,0.000690017979315566,0.00156487721131189,"LPAR3",0,1.276096394843
7993.5913527307,1.45573295851655,0.430625350290695,3.38050920024531,0.000723516528214047,0.0016341656131146,"IGLC3",0,1.27273106726623
724.606035690135,1.15075550124947,0.321873428604749,3.57518017637473,0.000349986783145177,0.00083790461758315,"CD38",0,1.26826827524457
250.009117326023,1.1354603281376,0.317161310535167,3.58007200254552,0.000343499543232813,0.000823735289185808,"PLAC8",0,1.26590179691604
811.434261999662,1.62246913773418,0.499966750909826,3.24515407230912,0.00117387091994489,0.00254718165905298,"IGHV6-1",0,1.26492276563906
3499.53112097357,1.15245998190645,0.323800247002292,3.55916955770048,0.000372029297400072,0.000886929549600118,"C1orf116",0,1.26137125724757
3382.84202066333,1.02179116683043,0.281140399482834,3.63445157191938,0.000278572575219482,0.000679348051103586,"CITED4",0,1.25690964989489
151.569188980528,1.04305014458736,0.288180503101225,3.61943342232623,0.000295248760199815,0.000717465221602366,"ITGB2-AS1",0,1.25617478719646
191.365645702063,1.19972875483386,0.341885492766808,3.50915373777548,0.000449534977456134,0.00105653487127843,"EIF5AL1",0,1.25275347575333
195.273579162952,1.57380386283068,0.484782326679,3.24641344417816,0.00116868979846966,0.00253720637767208,"AP000851.2",0,1.25083442053067
245.351571046286,1.2853232850501,0.37295226978125,3.4463479356326,0.000568218254278455,0.00131065792711056,"NWD1",0,1.25035017795154
197.59569578776,1.05991016610376,0.295148039812632,3.59111368917314,0.000329267956232708,0.00079208451597619,"LY6E-DT",0,1.24834159275435
104.118735637252,1.34990711436602,0.397363049640057,3.39716316247523,0.000680883557703065,0.00154568481108484,"MATN4",0,1.24823585252479
604.347493276886,1.15081157831368,0.325957842559805,3.53055342763392,0.00041469125324261,0.000981099736637785,"NELL2",0,1.24772952575422
140.58226657282,1.55618660734149,0.478933560100467,3.2492745069171,0.00115699767881444,0.00251307878457261,"KLK13",0,1.24679415104424
301.212582002892,1.60460896723529,0.499376459901169,3.21322508384327,0.0013125338462485,0.00281983214649948,"SHISA9",0,1.24631571299591
496.87430721884,1.11804314592826,0.316890646789998,3.52816707357469,0.000418447955293443,0.000989269259081643,"ZAP70",0,1.23681858962049
171.916273007476,1.29632175104867,0.380411416336765,3.40768361667958,0.000655168116885557,0.00149323103194022,"CD1E",0,1.23665842329158
787.700741392649,1.23385684026289,0.357868124112374,3.44779754643766,0.000565177502597671,0.00130433660559659,"FOSL1",0,1.23554014726239
1613.86137519544,1.5018644327372,0.4610843511837,3.25724442584443,0.0011249951465305,0.0024488725248109,"XDH",0,1.23386947622071
964.635418861762,1.654369477651,0.527809496675484,3.13440642518065,0.001722021664162,0.00361941128202798,"PI3",0,1.22871946255738
1847.15183658253,1.13569999912214,0.324990874371987,3.49455965899587,0.00047484447169546,0.00111121023823373,"ADORA1",0,1.22697112948907
774.380244978199,1.58664823214287,0.499500810251865,3.17646778459244,0.00149080346376604,0.00317069699713087,"CEACAM6",0,1.2256480472487
301.107446366093,1.15885737395231,0.334055338323534,3.46905809009987,0.000522286511663303,0.00121308406838878,"NUDT11",0,1.22248994245197
100.568488403745,1.097596149295,0.313879691685066,3.49686895447915,0.000470753020777944,0.00110232833207139,"DPY19L2P2",0,1.21658555384696
438.608526078108,1.35259422135304,0.407717230352115,3.31748113805468,0.000908330484684856,0.00201458782815282,"CHRM1",0,1.21452240470234
118.3774361652,1.27812222070947,0.379506990720185,3.36784895130389,0.000757570890656704,0.00170355421038201,"ERICH5",0,1.21402987874918
1358.77575791139,1.12733329287525,0.324957258749454,3.46917406065529,0.000522061102537809,0.00121288473795482,"METRN",0,1.2130541284885
184.772969193433,1.05539909234708,0.300109629607533,3.51671185535523,0.00043692782050611,0.00102857378281701,"MIR200CHG",0,1.2129490925689
612.874207825207,1.21178703376355,0.355961290385318,3.40426632472262,0.00066342035743996,0.00151033872990283,"MUC20",0,1.20981380235897
1316.49557718366,1.02853959930433,0.291808746731675,3.5247044882109,0.000423955453674987,0.00100074679081281,"CD3E",0,1.20846461796516
442.167560955614,1.06250612688686,0.304726421420624,3.48675419063923,0.00048892051076499,0.00114199739732177,"POU2F3",0,1.20145230382746
135.971584118426,1.08849445168525,0.313768728527109,3.4690979461046,0.000522209034296202,0.00121308406838878,"SVOPL",0,1.20138106577185
263.822198543202,1.07162107249756,0.310872462723647,3.44714055117254,0.000566553755108611,0.00130716558102462,"C15orf48",0,1.18658714056985
297.152242079352,1.41761502945851,0.442684411765893,3.20231522000868,0.00136327730116323,0.00292073226016454,"ADGRF1",0,1.18563698456601
985.984587630142,1.56790446729724,0.508864348067248,3.08118356739357,0.00206179495020585,0.00427360122193193,"EEF1A2",0,1.18113314173321
123.944242299405,1.15321665226129,0.342325592645818,3.36877135988618,0.000755040330623616,0.00169844980137779,"CCNB3",0,1.17694918100367
255.545200379331,1.1013641496637,0.323637314477657,3.40308147545123,0.000666304080261588,0.00151610932787874,"RIMKLA",0,1.17619008897287
927.0662893108,1.24577278289523,0.37913534813032,3.28582599601614,0.001016838030385,0.00223188926726557,"B3GNT3",0,1.16913004174166
421.934351205902,1.05688101480392,0.309265946107803,3.41738567761842,0.000632256417970561,0.00144615450167685,"ST6GAL2",0,1.1689998962961
406.381695834054,1.71651616502917,0.586562939791027,2.92639723478048,0.00342912775944805,0.00681823595007875,"PRSS21",0,1.16485324163871
135.713548746578,1.17833747021596,0.355162788990978,3.31773909525723,0.000907492089809976,0.0020130709135458,"FRMPD3",0,1.1623435189083
10847.3578929664,1.23616367946812,0.37729563983187,3.27637944615255,0.00105147190660509,0.00230054710336368,"MUC1",0,1.16229976489818
372.214276617609,1.00974017877365,0.29467547126896,3.42661767681378,0.000611148888090087,0.00140211389419506,"MIAT",0,1.15888706574588
1318.29513848254,1.35564284004053,0.426842018452151,3.17598263862698,0.00149329887925607,0.00317528525047459,"CD79A",0,1.15615802819692
184.065720908422,1.04415607856163,0.308175121386002,3.38819069451677,0.000703553311037088,0.00159307888801284,"EOMES",0,1.15257563889211
1803.97475056238,1.15161979327494,0.34833457298087,3.30607376528826,0.000946131762503985,0.00209219686572713,"TGFB2",0,1.14930517383648
209.169513042169,1.12475841065389,0.338451766629395,3.3232457961595,0.000889764764550095,0.00197728031692475,"TRPM2-AS",0,1.14860705025279
105.199298672882,1.09070568931387,0.327086211300262,3.33461225704991,0.000854184149898373,0.00190372932929214,"MED12L",0,1.14333014655511
128.886724365881,1.2982432880102,0.409094969363649,3.17345209604907,0.00150637757863099,0.00320100630489721,"PITX2",0,1.1378870275357
105.977785473453,1.15972927535104,0.354463427699447,3.27178824308608,0.00106869587711576,0.00233627100207788,"CACNA1I",0,1.13736181704744
1849.39400666979,1.14852370348719,0.350978491842499,3.27234782239188,0.00106658272773893,0.00233184701534603,"NDUFA4L2",0,1.13424709472055
1045.32485454011,1.27676576644186,0.403738026370948,3.16236193533276,0.00156494924633152,0.00331600812909476,"PTX3",0,1.12684505397072
112.791415691014,1.16340363576354,0.359332947760245,3.23767592984485,0.00120507612472805,0.00260816334633726,"PCDHGB1",0,1.12412065454307
4717.12499550595,1.30723024485405,0.418988733365502,3.1199651464463,0.00180872439908539,0.00378516529471411,"SERPINB5",0,1.11874361860805
178.002498796854,1.08001623588898,0.329001383857075,3.28271031333462,0.00102814260544606,0.00225442406596253,"SIGLEC14",0,1.11809418720244
3512.81914398472,1.43827626859367,0.476290284259496,3.01974723425191,0.00252985720468979,0.00515362517619949,"IGHV3-21",0,1.11784903185658
5234.83898749451,1.39859992819122,0.461114362331129,3.03308689219894,0.00242065888239176,0.00495323927210189,"IGLV2-14",0,1.11111318617749
2990.39824556853,1.03308753447966,0.313290736610415,3.29753616610864,0.000975371124797209,0.00215119714951255,"CEACAM1",0,1.11012219622043
260.138391304216,1.03727309292995,0.315108482110895,3.29179679956983,0.000995495115703396,0.00219002204245425,"SH2D1A",0,1.10904738207516
369.583579859083,1.26495393210484,0.40548429023085,3.11961267694163,0.00181088985597297,0.0037893927812192,"DCHS2",0,1.10591529259566
1089.46195379985,1.05839780827737,0.327446313452559,3.23227889518051,0.00122807132822364,0.00265308596989936,"RYR1",0,1.09039394559089
635.054118914655,1.00693752823472,0.308603769586942,3.26288149228533,0.00110285626913809,0.00240489830748056,"MSC",0,1.08775224345918
3485.85884776453,1.5233435333612,0.529710713515829,2.87580276270111,0.00403001448118571,0.00790209022725048,"CAPN6",0,1.08768046474439
390.335662822035,1.50246976407459,0.524515575955294,2.86449027054756,0.0041768098577268,0.008164747098715,"ACTA1",0,1.07715810809152
972.715234147297,1.28514153353605,0.424848204360569,3.02494283922016,0.00248680121368688,0.00507583174670551,"IGHV4-34",0,1.07389029475082
1102.57443572954,1.61290636596489,0.584345761734325,2.76019177614607,0.00577674397243466,0.010972193611881,"DSG1",0,1.07178387106225
191.077841621534,1.62667510673835,0.593814839134557,2.73936419155357,0.0061558141385716,0.0116235861753094,"KRT79",0,1.06840049009749
1076.22812703005,1.44327439519736,0.505113622906926,2.85732621284559,0.00427226513583547,0.00833072526150682,"IGHV4-4",0,1.05677747491895
645.882426826921,1.04415997898531,0.33183431383713,3.1466305184394,0.00165163528034703,0.00348185821696773,"ATP2C2",0,1.05070466896064
230.633473439723,1.12886986295829,0.366703060760352,3.07843043528898,0.002080941073077,0.00430951703757035,"CNNM1",0,1.04833237828039
133.8641912944,1.22886882954406,0.413595124785691,2.97118789826358,0.00296650221915053,0.00597495080718566,"POPDC3",0,1.03576034865946
472.986051256785,1.32898437159676,0.459680430439127,2.89110495812753,0.00383889887474394,0.00755747881337892,"MOGAT2",0,1.03518222997364
1974.60307003869,1.37634038871377,0.484618708016371,2.84004799226049,0.00451067471272133,0.00875305276085066,"IGHV3-48",0,1.03025425273135
3355.46383534976,1.27728770358237,0.437943188223415,2.91656027066863,0.00353914338360876,0.00701664516128152,"IGLV1-40",0,1.02934745676053
1154.34285386586,1.35535848273804,0.476743138657873,2.84295330721203,0.00446976181976517,0.00867753640841727,"IGHV1-3",0,1.02508861146526
715.935149485949,1.06948628582698,0.349752134204163,3.05784062836535,0.00222938107635748,0.00459175699410639,"ESPN",0,1.02225221689483
886.06348094773,1.28449361452261,0.44411332102795,2.89226545051499,0.00382474643448044,0.00753360021970695,"RPL10P9",0,1.02224731333361
151.366992876672,1.67109976709244,0.651251350406356,2.56598280533275,0.010288392816723,0.0185507045412961,"IGKV2-29",0,1.02082180759869
135.953964957557,1.01631328080694,0.328836200554542,3.09063685534941,0.0019972773951923,0.0041501020215606,"KLHDC8A",0,1.01947635232319
30391.9111565069,1.0984856284986,0.367236692408413,2.99121969892089,0.00277865503212777,0.00562092198684423,"TNC",0,1.00460342122988
182.93302343888,1.00771459781728,0.331082106323039,3.04369997221792,0.00233688071512747,0.0047942286794607,"CFB",0,0.99809875567624
163.530083999808,1.38971762483274,0.508033438739388,2.73548455448352,0.00622885094489802,0.0117461808276537,"IGLV4-60",0,0.995946282746481
186.173632469267,1.13264016952557,0.386053580351423,2.93389370588025,0.00334738822032973,0.0066694465137457,"PWP2",0,0.992565112646725
375.001125921915,1.19885190413066,0.416135527306336,2.88091697407064,0.00396520076133491,0.00778730416979712,"PRSS12",0,0.992239429706767
288.314319390137,1.00809037457486,0.335341250171985,3.00616274931236,0.00264567352304648,0.00537066986412683,"PTPN20",0,0.983418575257531
977.239127455653,1.17076379830859,0.410071613031097,2.8550227840809,0.00430337415884392,0.0083863676882913,"HPN",0,0.974156969641044
1199.11831532653,1.42965430631721,0.541810772723355,2.63865980207667,0.00832344611238678,0.0153063329673077,"IGLV8-61",0,0.973434944930346
526.656536563883,1.37245534991036,0.51110569133019,2.68526720244192,0.00724718417993632,0.0134893816960999,"MTCO1P40",0,0.972738991875674
107.363374993195,1.15502705262683,0.403892679478438,2.85973752759857,0.00423991767341189,0.00827383844833267,"SRMS",0,0.971196004753581
664.51952550748,1.16372988175754,0.40811547113819,2.85147210546079,0.00435173043077335,0.00847236964216662,"CEROX1",0,0.970717495905533
452.772739046067,1.12984241123547,0.393851753004357,2.86869971408499,0.00412162899008215,0.00806777073548632,"SCNN1G",0,0.966926658902867
168.575586714413,1.28418250191381,0.473761365542696,2.71061043663359,0.00671594794483401,0.0125819042028164,"ATP2B2",0,0.955330838316267
1357.83155330317,1.24517756805245,0.454428781575229,2.74009397850236,0.00614216189731689,0.0115994880951503,"IGHV1-46",0,0.95422162336379
580.791231302592,1.20864170379794,0.437130320641076,2.7649459365468,0.00569322306931233,0.0108309185336275,"GALNT13",0,0.952192924368681
518.415655143842,1.19084011685247,0.430554710910607,2.76582763276215,0.00567785373266132,0.0108032564415535,"FCRL5",0,0.947185629481172
2834.66457164185,1.19115487344807,0.435701392068894,2.73387897108147,0.00625930470988077,0.0117976352763892,"IGHV4-39",0,0.935807972283263
4187.30740107214,1.24057744673002,0.466031206235542,2.66200509779384,0.00776767020528083,0.0143745463042067,"IGLV2-23",0,0.924894990164016
120.598265192545,1.24558495008585,0.470277162876769,2.64861883249101,0.00808214297502901,0.0149025409160417,"NRAD1",0,0.921697388158407
120.427614749531,1.13622873576594,0.418135893916897,2.71736713421633,0.00658035698316306,0.0123495938282681,"PCDHB8",0,0.913372818496647
224.044050107037,1.20724596695517,0.454774341636586,2.6546043970086,0.00794014660298549,0.0146666526006252,"IGHV3-66",0,0.912274488509466
4297.50180002205,1.3328008751913,0.5308016088546,2.51092094100338,0.0120416661626595,0.0213734244765113,"KLK5",0,0.900878029275933
1046.41483539639,1.04903485859886,0.381863692386984,2.74714480458058,0.00601165859275942,0.0113728067738921,"POU2AF1",0,0.897950159440294
421.197223986299,1.14971920993321,0.436517892447499,2.63384211695627,0.00844247350620364,0.015505527857832,"CLGN",0,0.8877697962999
326.788927742369,1.28223491131977,0.514742776495877,2.49102069979225,0.0127376698532771,0.0225091749756203,"RPL10P6",0,0.878962600241423
1354.74457958237,1.11601893591647,0.423145461973876,2.63743567214569,0.00835354676033364,0.0153541040333957,"CCL19",0,0.878938337107904
177.77035930109,1.0715575429029,0.402939764751564,2.65934920462263,0.00782917685353705,0.01447808974469,"PHF24",0,0.873253883568081
242.753291329058,1.38585854591167,0.58322812779126,2.37618605803538,0.0174926398438984,0.0299652127759018,"CA6",0,0.872772354013687
201.870288771608,1.01037614003579,0.373161303606182,2.70761231207964,0.00677691362135105,0.0126851793313053,"TNNI2",0,0.872123858634563
164.444121148319,1.17550024398735,0.460521472397362,2.55254166080026,0.0106940119420007,0.0192063393476734,"SPSB4",0,0.867616693814753
6321.12177787424,1.00182185116349,0.371575008726895,2.69614970768882,0.00701461326278094,0.0130906302921614,"PKP1",0,0.865458388064851
220.443217226174,1.49781487209443,0.668737715603248,2.23976431588473,0.0251062276493195,0.0414940423620853,"DMBT1",0,0.863948737831621
1633.55186060687,1.02135034465551,0.386146875724197,2.64497891570408,0.00816960073401307,0.0150467732871842,"SCNN1B",0,0.853172090171495
4615.10068024538,1.11246056445315,0.434678367108998,2.55927289837774,0.0104891364626293,0.0188800110600303,"DSC3",0,0.850937496023568
518.144733424404,1.02823894229353,0.39109811089577,2.62910741230238,0.00856093158013187,0.0157002799647742,"CD22",0,0.849699463664541
124.28852651797,1.24088001751104,0.510085139531749,2.43269195932693,0.0149870450210414,0.0260653391088528,"IGHV3-64",0,0.847444991418055
257.937725417412,1.27833313011223,0.53761427138192,2.37778868262986,0.0174168038827619,0.0298549238384924,"BNC1",0,0.840995148750441
169.811724939856,1.00875699485586,0.385334590149161,2.61787293599928,0.00884797451604818,0.0161659880640519,"FAM178B",0,0.840046422314677
153.788474268247,1.18222508851876,0.4800967709898,2.46247248462305,0.0137982759797862,0.0241947840686861,"IGKV3D-15",0,0.839551001402104
285.223117183246,1.2013378945876,0.502680228582456,2.389865020105,0.0168545659607588,0.0289902983107292,"ITIH6",0,0.821725563093302
177.187567713597,1.08938367172275,0.439139817267135,2.48072169474913,0.013111670043329,0.023093371825639,"UNC5A",0,0.817768897063601
452.903149091987,1.07590254125929,0.435474610934962,2.47064355588799,0.0134870174483146,0.0237000191334244,"MPZ",0,0.810346153390741
2042.65344711829,1.19542394068343,0.50743407866534,2.35582116169189,0.0184818130888829,0.0314858781640357,"KLK7",0,0.809192439026265
738.911976914807,1.13052878542693,0.468528211227931,2.41293642161699,0.0158245796912148,0.0273685853775807,"IGKV1-12",0,0.807982930551056
1935.54367079996,1.16557896823589,0.490607653984475,2.37578635141467,0.0175115989487931,0.0299937479333852,"IGHV1-2",0,0.806564469264882
160.063696013959,1.2018061792456,0.520205306709343,2.31025359362029,0.020874118497841,0.0351139421065579,"KLK8",0,0.796897977144103
2810.74387728863,1.13161231268019,0.477781250562138,2.36847367147368,0.0178616516296361,0.0305231200360381,"IGHV3-7",0,0.794095016423087
351.750888094921,1.08559038606158,0.452160072020403,2.40089838364276,0.016354877442762,0.0282033997287957,"SLITRK5",0,0.790586676998597
458.354685640708,1.21742314053188,0.5371576580198,2.26641680027394,0.0234258759243627,0.0389514771780546,"IGHV3-20",0,0.788069762467541
1668.66998671598,1.07273841223993,0.448641591359539,2.39108106091804,0.0167988434680391,0.0289087062125386,"IGHV3-30",0,0.783512926997433
190.330952320446,1.02028395145316,0.425517159851296,2.39775042635111,0.0164961005349142,0.0284262479436511,"FCRLA",0,0.769969323500369
1888.00719254477,1.12072028279938,0.492851999642471,2.27394894128944,0.0229690566075821,0.0382822505492226,"IGHV2-5",0,0.761316846450236
440.289868923781,1.10498411658848,0.486568519814576,2.2709732989088,0.0231485943829254,0.0385494416265072,"LINC01133",0,0.755689807422187
133.315378059052,1.04512121987257,0.468808021685729,2.22931599189482,0.0257928873454545,0.0425273104907415,"SCGB1B2P",0,0.724935990573596
8068.96686512947,1.04131894144385,0.467437803466002,2.2277165726062,0.0258994211723051,0.0426912995888756,"SOX10",0,0.723293869753836
1285.52664753455,1.04261428354189,0.478071778510418,2.18087394070924,0.0291927416595309,0.0475040387564138,"SYT8",0,0.709765124690518
